county,2013 Rural-urban Continuum Code,2013 Urban Influence Code,2023 Rural-urban Continuum Code,2024 Urban Influence Code,"Bachelor's degree or higher, 1990","Bachelor's degree or higher, 2000","Bachelor's degree or higher, 2008-12","Bachelor's degree or higher, 2019-23","Four years of college or higher, 1970","Four years of college or higher, 1980","High school diploma only, 1970","High school diploma only, 1980","High school graduate (or equivalency), 1990","High school graduate (or equivalency), 2000","High school graduate (or equivalency), 2008-12","High school graduate (or equivalency), 2019-23","Less than a high school diploma, 1970","Less than a high school diploma, 1980","Less than high school graduate, 1990","Less than high school graduate, 2000","Less than high school graduate, 2008-12","Less than high school graduate, 2019-23","Percent of adults completing four years of college or higher, 1970","Percent of adults completing four years of college or higher, 1980","Percent of adults completing some college (1-3 years), 1970","Percent of adults completing some college (1-3 years), 1980","Percent of adults completing some college or associate degree, 1990","Percent of adults completing some college or associate degree, 2000","Percent of adults completing some college or associate degree, 2008-12","Percent of adults completing some college or associate degree, 2019-23","Percent of adults who are high school graduates (or equivalent), 1990","Percent of adults who are high school graduates (or equivalent), 2000","Percent of adults who are high school graduates (or equivalent), 2008-12","Percent of adults who are high school graduates (or equivalent), 2019-23","Percent of adults who are not high school graduates, 1990","Percent of adults who are not high school graduates, 2000","Percent of adults who are not high school graduates, 2008-12","Percent of adults who are not high school graduates, 2019-23","Percent of adults with a bachelor's degree or higher, 1990","Percent of adults with a bachelor's degree or higher, 2000","Percent of adults with a bachelor's degree or higher, 2008-12","Percent of adults with a bachelor's degree or higher, 2019-23","Percent of adults with a high school diploma only, 1970","Percent of adults with a high school diploma only, 1980","Percent of adults with less than a high school diploma, 1970","Percent of adults with less than a high school diploma, 1980","Some college (1-3 years), 1970","Some college (1-3 years), 1980","Some college or associate degree, 1990","Some college or associate degree, 2000","Some college or associate degree, 2008-12","Some college or associate degree, 2019-23",BIRTHS_2020,BIRTHS_2021,BIRTHS_2022,BIRTHS_2023,CENSUS_2020_POP,DEATHS_2020,DEATHS_2021,DEATHS_2022,DEATHS_2023,DOMESTIC_MIG_2020,DOMESTIC_MIG_2021,DOMESTIC_MIG_2022,DOMESTIC_MIG_2023,ESTIMATES_BASE_2020,Economic_typology_2015,GQ_ESTIMATES_2020,GQ_ESTIMATES_2021,GQ_ESTIMATES_2022,GQ_ESTIMATES_2023,GQ_ESTIMATES_BASE_2020,INTERNATIONAL_MIG_2020,INTERNATIONAL_MIG_2021,INTERNATIONAL_MIG_2022,INTERNATIONAL_MIG_2023,NATURAL_CHG_2020,NATURAL_CHG_2021,NATURAL_CHG_2022,NATURAL_CHG_2023,NET_MIG_2020,NET_MIG_2021,NET_MIG_2022,NET_MIG_2023,N_POP_CHG_2020,N_POP_CHG_2021,N_POP_CHG_2022,N_POP_CHG_2023,POP_ESTIMATE_2020,POP_ESTIMATE_2021,POP_ESTIMATE_2022,POP_ESTIMATE_2023,RESIDUAL_2020,RESIDUAL_2021,RESIDUAL_2022,RESIDUAL_2023,R_BIRTH_2021,R_BIRTH_2022,R_BIRTH_2023,R_DEATH_2021,R_DEATH_2022,R_DEATH_2023,R_DOMESTIC_MIG_2021,R_DOMESTIC_MIG_2022,R_DOMESTIC_MIG_2023,R_INTERNATIONAL_MIG_2021,R_INTERNATIONAL_MIG_2022,R_INTERNATIONAL_MIG_2023,R_NATURAL_CHG_2021,R_NATURAL_CHG_2022,R_NATURAL_CHG_2023,R_NET_MIG_2021,R_NET_MIG_2022,R_NET_MIG_2023,Rural_Urban_Continuum_Code_2013,Rural_Urban_Continuum_Code_2023_x,Urban_Influence_2013,Civilian_labor_force_2000_x,Civilian_labor_force_2001_x,Civilian_labor_force_2002_x,Civilian_labor_force_2003_x,Civilian_labor_force_2004_x,Civilian_labor_force_2005_x,Civilian_labor_force_2006_x,Civilian_labor_force_2007_x,Civilian_labor_force_2008_x,Civilian_labor_force_2009_x,Civilian_labor_force_2010_x,Civilian_labor_force_2011_x,Civilian_labor_force_2012_x,Civilian_labor_force_2013_x,Civilian_labor_force_2014_x,Civilian_labor_force_2015_x,Civilian_labor_force_2016_x,Civilian_labor_force_2017_x,Civilian_labor_force_2018_x,Civilian_labor_force_2019_x,Civilian_labor_force_2020_x,Civilian_labor_force_2021_x,Civilian_labor_force_2022_x,Civilian_labor_force_2023_x,Employed_2000_x,Employed_2001_x,Employed_2002_x,Employed_2003_x,Employed_2004_x,Employed_2005_x,Employed_2006_x,Employed_2007_x,Employed_2008_x,Employed_2009_x,Employed_2010_x,Employed_2011_x,Employed_2012_x,Employed_2013_x,Employed_2014_x,Employed_2015_x,Employed_2016_x,Employed_2017_x,Employed_2018_x,Employed_2019_x,Employed_2020_x,Employed_2021_x,Employed_2022_x,Employed_2023_x,Med_HH_Income_Percent_of_State_Total_2022_x,Median_Household_Income_2022_x,Metro_2023_x,Rural_Urban_Continuum_Code_2023_y,Unemployed_2000_x,Unemployed_2001_x,Unemployed_2002_x,Unemployed_2003_x,Unemployed_2004_x,Unemployed_2005_x,Unemployed_2006_x,Unemployed_2007_x,Unemployed_2008_x,Unemployed_2009_x,Unemployed_2010_x,Unemployed_2011_x,Unemployed_2012_x,Unemployed_2013_x,Unemployed_2014_x,Unemployed_2015_x,Unemployed_2016_x,Unemployed_2017_x,Unemployed_2018_x,Unemployed_2019_x,Unemployed_2020_x,Unemployed_2021_x,Unemployed_2022_x,Unemployed_2023_x,Unemployment_rate_2000_x,Unemployment_rate_2001_x,Unemployment_rate_2002_x,Unemployment_rate_2003_x,Unemployment_rate_2004_x,Unemployment_rate_2005_x,Unemployment_rate_2006_x,Unemployment_rate_2007_x,Unemployment_rate_2008_x,Unemployment_rate_2009_x,Unemployment_rate_2010_x,Unemployment_rate_2011_x,Unemployment_rate_2012_x,Unemployment_rate_2013_x,Unemployment_rate_2014_x,Unemployment_rate_2015_x,Unemployment_rate_2016_x,Unemployment_rate_2017_x,Unemployment_rate_2018_x,Unemployment_rate_2019_x,Unemployment_rate_2020_x,Unemployment_rate_2021_x,Unemployment_rate_2022_x,Unemployment_rate_2023_x,Urban_Influence_Code_2013_x,Civilian_labor_force_2000_y,Civilian_labor_force_2001_y,Civilian_labor_force_2002_y,Civilian_labor_force_2003_y,Civilian_labor_force_2004_y,Civilian_labor_force_2005_y,Civilian_labor_force_2006_y,Civilian_labor_force_2007_y,Civilian_labor_force_2008_y,Civilian_labor_force_2009_y,Civilian_labor_force_2010_y,Civilian_labor_force_2011_y,Civilian_labor_force_2012_y,Civilian_labor_force_2013_y,Civilian_labor_force_2014_y,Civilian_labor_force_2015_y,Civilian_labor_force_2016_y,Civilian_labor_force_2017_y,Civilian_labor_force_2018_y,Civilian_labor_force_2019_y,Civilian_labor_force_2020_y,Civilian_labor_force_2021_y,Civilian_labor_force_2022_y,Civilian_labor_force_2023_y,Employed_2000_y,Employed_2001_y,Employed_2002_y,Employed_2003_y,Employed_2004_y,Employed_2005_y,Employed_2006_y,Employed_2007_y,Employed_2008_y,Employed_2009_y,Employed_2010_y,Employed_2011_y,Employed_2012_y,Employed_2013_y,Employed_2014_y,Employed_2015_y,Employed_2016_y,Employed_2017_y,Employed_2018_y,Employed_2019_y,Employed_2020_y,Employed_2021_y,Employed_2022_y,Employed_2023_y,Med_HH_Income_Percent_of_State_Total_2022_y,Median_Household_Income_2022_y,Metro_2023_y,Rural_Urban_Continuum_Code_2023,Unemployed_2000_y,Unemployed_2001_y,Unemployed_2002_y,Unemployed_2003_y,Unemployed_2004_y,Unemployed_2005_y,Unemployed_2006_y,Unemployed_2007_y,Unemployed_2008_y,Unemployed_2009_y,Unemployed_2010_y,Unemployed_2011_y,Unemployed_2012_y,Unemployed_2013_y,Unemployed_2014_y,Unemployed_2015_y,Unemployed_2016_y,Unemployed_2017_y,Unemployed_2018_y,Unemployed_2019_y,Unemployed_2020_y,Unemployed_2021_y,Unemployed_2022_y,Unemployed_2023_y,Unemployment_rate_2000_y,Unemployment_rate_2001_y,Unemployment_rate_2002_y,Unemployment_rate_2003_y,Unemployment_rate_2004_y,Unemployment_rate_2005_y,Unemployment_rate_2006_y,Unemployment_rate_2007_y,Unemployment_rate_2008_y,Unemployment_rate_2009_y,Unemployment_rate_2010_y,Unemployment_rate_2011_y,Unemployment_rate_2012_y,Unemployment_rate_2013_y,Unemployment_rate_2014_y,Unemployment_rate_2015_y,Unemployment_rate_2016_y,Unemployment_rate_2017_y,Unemployment_rate_2018_y,Unemployment_rate_2019_y,Unemployment_rate_2020_y,Unemployment_rate_2021_y,Unemployment_rate_2022_y,Unemployment_rate_2023_y,Urban_Influence_Code_2013_y
Arkansas ,6.0,6.0,6.0,6.0,1445.0,1692.0,1713.0,1784.0,699.0,1176.0,3225.0,4633.0,4934.0,5527.0,5621.0,4965.0,8069.0,7475.0,5465.0,3831.0,2311.0,1457.0,5.4,8.1,6.7,9.0,15.8,20.4,26.72086309,29.50171821,35.1,39.8,42.70627564,42.65463918,38.9,27.6,17.55812187,12.51718213,10.3,12.2,13.0147394,15.32646048,25.1,31.7,62.8,51.2,857.0,1319.0,2215.0,2838.0,3517.0,3434.0,52.0,194.0,184.0,186.0,17149.0,71.0,319.0,328.0,305.0,-22.0,-290.0,-38.0,-71.0,17148.0,3.0,322.0,322.0,322.0,322.0,322.0,0.0,1.0,-1.0,-1.0,-19.0,-125.0,-144.0,-119.0,-22.0,-289.0,-39.0,-72.0,-41.0,-420.0,-189.0,-191.0,17107.0,16687.0,16498.0,16307.0,0.0,-6.0,-6.0,0.0,11.5,11.1,11.3,18.9,19.8,18.6,-17.2,-2.3,-4.3,0.1,-0.1,-0.1,-7.4,-8.7,-7.3,-17.1,-2.4,-4.4,6.0,6.0,6.0,10161.0,10312.0,10540.0,10808.0,10862.0,11222.0,11590.0,11833.0,11999.0,12240.0,11273.0,10509.0,9958.0,9647.0,9545.0,9534.0,9284.0,8967.0,9016.0,9393.0,9269.0,9251.0,9199.0,9100.0,9704.0,9845.0,9903.0,10223.0,10224.0,10428.0,10701.0,10784.0,10835.0,10347.0,9251.0,9286.0,9120.0,8959.0,9045.0,9142.0,8967.0,8673.0,8717.0,9116.0,8891.0,8934.0,8904.0,8858.0,93.9,52145.0,0.0,6.0,457.0,467.0,637.0,585.0,638.0,794.0,889.0,1049.0,1164.0,1893.0,2022.0,1223.0,838.0,688.0,500.0,392.0,317.0,294.0,299.0,277.0,378.0,317.0,295.0,242.0,4.5,4.5,6.0,5.4,5.9,7.1,7.7,8.9,9.7,15.5,17.9,11.6,8.4,7.1,5.2,4.1,3.4,3.3,3.3,2.9,4.1,3.4,3.2,2.7,6.0,10161.0,10312.0,10540.0,10808.0,10862.0,11222.0,11590.0,11833.0,11999.0,12240.0,11273.0,10509.0,9958.0,9647.0,9545.0,9534.0,9284.0,8967.0,9016.0,9393.0,9269.0,9251.0,9199.0,9100.0,9704.0,9845.0,9903.0,10223.0,10224.0,10428.0,10701.0,10784.0,10835.0,10347.0,9251.0,9286.0,9120.0,8959.0,9045.0,9142.0,8967.0,8673.0,8717.0,9116.0,8891.0,8934.0,8904.0,8858.0,93.9,52145.0,0.0,6.0,457.0,467.0,637.0,585.0,638.0,794.0,889.0,1049.0,1164.0,1893.0,2022.0,1223.0,838.0,688.0,500.0,392.0,317.0,294.0,299.0,277.0,378.0,317.0,295.0,242.0,4.5,4.5,6.0,5.4,5.9,7.1,7.7,8.9,9.7,15.5,17.9,11.6,8.4,7.1,5.2,4.1,3.4,3.3,3.3,2.9,4.1,3.4,3.2,2.7,6.0
Ashley ,7.0,11.0,7.0,9.0,1422.0,1582.0,1934.0,1589.0,782.0,1163.0,3537.0,5458.0,5874.0,6798.0,6412.0,6796.0,7896.0,7201.0,5659.0,4325.0,2538.0,1588.0,6.0,7.7,6.9,8.4,14.9,19.2,26.15509872,23.56683017,38.6,43.2,43.50362983,52.08461067,37.2,27.5,17.21962141,12.17044758,9.3,10.1,13.12165004,12.17811159,27.0,36.2,60.2,47.7,907.0,1261.0,2267.0,3017.0,3855.0,3075.0,40.0,216.0,205.0,199.0,19062.0,62.0,328.0,327.0,315.0,-69.0,-191.0,-178.0,36.0,19058.0,3.0,154.0,154.0,154.0,154.0,154.0,0.0,-1.0,-2.0,-2.0,-22.0,-112.0,-122.0,-116.0,-69.0,-192.0,-180.0,34.0,-101.0,-303.0,-306.0,-86.0,18957.0,18654.0,18348.0,18262.0,-10.0,1.0,-4.0,-4.0,11.5,11.1,10.9,17.4,17.7,17.2,-10.2,-9.6,2.0,-0.1,-0.1,-0.1,-6.0,-6.6,-6.3,-10.2,-9.7,1.9,7.0,7.0,11.0,10505.0,10335.0,10246.0,10064.0,9690.0,9562.0,9666.0,9359.0,9342.0,9302.0,9896.0,10004.0,9490.0,9154.0,8736.0,8397.0,7966.0,7865.0,7782.0,7637.0,7057.0,6696.0,6658.0,6450.0,9895.0,9584.0,9463.0,9133.0,8791.0,8763.0,8935.0,8586.0,8638.0,8334.0,8949.0,8953.0,8394.0,8204.0,7962.0,7771.0,7477.0,7424.0,7373.0,7230.0,6386.0,6208.0,6299.0,6087.0,85.1,47253.0,0.0,7.0,610.0,751.0,783.0,931.0,899.0,799.0,731.0,773.0,704.0,968.0,947.0,1051.0,1096.0,950.0,774.0,626.0,489.0,441.0,409.0,407.0,671.0,488.0,359.0,363.0,5.8,7.3,7.6,9.3,9.3,8.4,7.6,8.3,7.5,10.4,9.6,10.5,11.5,10.4,8.9,7.5,6.1,5.6,5.3,5.3,9.5,7.3,5.4,5.6,11.0,10505.0,10335.0,10246.0,10064.0,9690.0,9562.0,9666.0,9359.0,9342.0,9302.0,9896.0,10004.0,9490.0,9154.0,8736.0,8397.0,7966.0,7865.0,7782.0,7637.0,7057.0,6696.0,6658.0,6450.0,9895.0,9584.0,9463.0,9133.0,8791.0,8763.0,8935.0,8586.0,8638.0,8334.0,8949.0,8953.0,8394.0,8204.0,7962.0,7771.0,7477.0,7424.0,7373.0,7230.0,6386.0,6208.0,6299.0,6087.0,85.1,47253.0,0.0,7.0,610.0,751.0,783.0,931.0,899.0,799.0,731.0,773.0,704.0,968.0,947.0,1051.0,1096.0,950.0,774.0,626.0,489.0,441.0,409.0,407.0,671.0,488.0,359.0,363.0,5.8,7.3,7.6,9.3,9.3,8.4,7.6,8.3,7.5,10.4,9.6,10.5,11.5,10.4,8.9,7.5,6.1,5.6,5.3,5.3,9.5,7.3,5.4,5.6,11.0
Baxter ,7.0,8.0,7.0,7.0,2436.0,3688.0,4873.0,6029.0,599.0,1761.0,2998.0,7554.0,8307.0,10832.0,11657.0,11142.0,5645.0,8354.0,7491.0,6482.0,4137.0,3408.0,5.7,9.0,11.7,9.7,22.0,27.2,34.25899418,36.00460242,35.6,37.5,37.08051023,34.64875455,32.1,22.5,13.15965264,10.59800355,10.4,12.8,15.50084296,18.74863949,28.6,38.6,53.9,42.7,1230.0,1896.0,5130.0,7859.0,10770.0,11578.0,77.0,344.0,348.0,349.0,41627.0,196.0,861.0,911.0,801.0,198.0,1099.0,799.0,843.0,41628.0,0.0,522.0,522.0,522.0,522.0,522.0,0.0,-1.0,-5.0,-4.0,-119.0,-517.0,-563.0,-452.0,198.0,1098.0,794.0,839.0,58.0,538.0,261.0,390.0,41686.0,42224.0,42485.0,42875.0,-21.0,-43.0,30.0,3.0,8.2,8.2,8.2,20.5,21.5,18.8,26.2,18.9,19.8,0.0,-0.1,-0.1,-12.3,-13.3,-10.6,26.2,18.7,19.7,7.0,7.0,8.0,16294.0,16110.0,16233.0,16072.0,16452.0,17061.0,17292.0,17509.0,17478.0,17254.0,16596.0,16523.0,16446.0,16158.0,16104.0,16288.0,16130.0,16364.0,16284.0,16179.0,16289.0,16066.0,16365.0,16806.0,15626.0,15253.0,15218.0,15024.0,15452.0,16104.0,16361.0,16545.0,16433.0,15669.0,15088.0,15057.0,15116.0,14890.0,15052.0,15407.0,15435.0,15663.0,15618.0,15540.0,15297.0,15453.0,15796.0,16204.0,87.5,48573.0,0.0,7.0,668.0,857.0,1015.0,1048.0,1000.0,957.0,931.0,964.0,1045.0,1585.0,1508.0,1466.0,1330.0,1268.0,1052.0,881.0,695.0,701.0,666.0,639.0,992.0,613.0,569.0,602.0,4.1,5.3,6.3,6.5,6.1,5.6,5.4,5.5,6.0,9.2,9.1,8.9,8.1,7.8,6.5,5.4,4.3,4.3,4.1,3.9,6.1,3.8,3.5,3.6,8.0,16294.0,16110.0,16233.0,16072.0,16452.0,17061.0,17292.0,17509.0,17478.0,17254.0,16596.0,16523.0,16446.0,16158.0,16104.0,16288.0,16130.0,16364.0,16284.0,16179.0,16289.0,16066.0,16365.0,16806.0,15626.0,15253.0,15218.0,15024.0,15452.0,16104.0,16361.0,16545.0,16433.0,15669.0,15088.0,15057.0,15116.0,14890.0,15052.0,15407.0,15435.0,15663.0,15618.0,15540.0,15297.0,15453.0,15796.0,16204.0,87.5,48573.0,0.0,7.0,668.0,857.0,1015.0,1048.0,1000.0,957.0,931.0,964.0,1045.0,1585.0,1508.0,1466.0,1330.0,1268.0,1052.0,881.0,695.0,701.0,666.0,639.0,992.0,613.0,569.0,602.0,4.1,5.3,6.3,6.5,6.1,5.6,5.4,5.5,6.0,9.2,9.1,8.9,8.1,7.8,6.5,5.4,4.3,4.3,4.1,3.9,6.1,3.8,3.5,3.6,8.0
Benton ,2.0,2.0,2.0,4.0,9291.0,20210.0,39866.0,71213.0,1799.0,5695.0,8355.0,17832.0,23121.0,32644.0,44020.0,54731.0,16503.0,18445.0,16315.0,19465.0,20314.0,18335.0,6.2,11.8,8.6,13.0,24.7,27.3,26.51000085,25.83238661,35.7,32.8,31.04635089,28.1348474,25.2,19.6,14.32702344,9.425232996,14.4,20.3,28.11662482,36.60753299,28.6,37.0,56.6,38.2,2512.0,6255.0,15948.0,27117.0,37588.0,50252.0,916.0,3564.0,3882.0,3908.0,284333.0,491.0,2453.0,2551.0,2211.0,1954.0,6395.0,6089.0,5376.0,284340.0,0.0,3025.0,3043.0,3029.0,3030.0,3026.0,34.0,329.0,885.0,1096.0,425.0,1111.0,1331.0,1697.0,1988.0,6724.0,6974.0,6472.0,2278.0,7679.0,8525.0,8191.0,286618.0,294297.0,302822.0,311013.0,-135.0,-156.0,220.0,22.0,12.3,13.0,12.7,8.4,8.5,7.2,22.0,20.4,17.5,1.1,3.0,3.6,3.8,4.5,5.5,23.1,23.4,21.1,2.0,2.0,2.0,76911.0,80257.0,85282.0,88695.0,93192.0,99292.0,102265.0,103619.0,105357.0,107277.0,107052.0,109127.0,111298.0,112548.0,116340.0,122348.0,128130.0,132441.0,133818.0,137897.0,141573.0,143812.0,151087.0,154952.0,74795.0,77935.0,82607.0,85576.0,89882.0,96059.0,98803.0,99669.0,101031.0,100476.0,100219.0,102361.0,104879.0,106367.0,111104.0,117802.0,124390.0,128502.0,129967.0,134319.0,135231.0,139771.0,147613.0,151167.0,155.6,86374.0,1.0,2.0,2116.0,2322.0,2675.0,3119.0,3310.0,3233.0,3462.0,3950.0,4326.0,6801.0,6833.0,6766.0,6419.0,6181.0,5236.0,4546.0,3740.0,3939.0,3851.0,3578.0,6342.0,4041.0,3474.0,3785.0,2.8,2.9,3.1,3.5,3.6,3.3,3.4,3.8,4.1,6.3,6.4,6.2,5.8,5.5,4.5,3.7,2.9,3.0,2.9,2.6,4.5,2.8,2.3,2.4,2.0,76911.0,80257.0,85282.0,88695.0,93192.0,99292.0,102265.0,103619.0,105357.0,107277.0,107052.0,109127.0,111298.0,112548.0,116340.0,122348.0,128130.0,132441.0,133818.0,137897.0,141573.0,143812.0,151087.0,154952.0,74795.0,77935.0,82607.0,85576.0,89882.0,96059.0,98803.0,99669.0,101031.0,100476.0,100219.0,102361.0,104879.0,106367.0,111104.0,117802.0,124390.0,128502.0,129967.0,134319.0,135231.0,139771.0,147613.0,151167.0,155.6,86374.0,1.0,2.0,2116.0,2322.0,2675.0,3119.0,3310.0,3233.0,3462.0,3950.0,4326.0,6801.0,6833.0,6766.0,6419.0,6181.0,5236.0,4546.0,3740.0,3939.0,3851.0,3578.0,6342.0,4041.0,3474.0,3785.0,2.8,2.9,3.1,3.5,3.6,3.3,3.4,3.8,4.1,6.3,6.4,6.2,5.8,5.5,4.5,3.7,2.9,3.0,2.9,2.6,4.5,2.8,2.3,2.4,2.0
Boone ,7.0,8.0,7.0,7.0,2000.0,2924.0,3943.0,4333.0,839.0,1605.0,3413.0,6157.0,6711.0,8075.0,9921.0,9469.0,6541.0,6585.0,6071.0,5344.0,3746.0,2464.0,7.2,9.8,7.5,12.1,21.2,29.2,31.264637,38.77136189,35.8,35.0,38.7236534,35.64330347,32.4,23.2,14.62138954,9.275013175,10.7,12.7,15.39032006,16.31032146,29.3,37.7,56.1,40.3,875.0,1977.0,3983.0,6727.0,8010.0,10300.0,91.0,381.0,406.0,406.0,37373.0,121.0,566.0,583.0,526.0,37.0,706.0,568.0,376.0,37367.0,0.0,445.0,445.0,445.0,445.0,445.0,0.0,4.0,-4.0,-2.0,-30.0,-185.0,-177.0,-120.0,37.0,710.0,564.0,374.0,14.0,513.0,386.0,250.0,37381.0,37894.0,38280.0,38530.0,7.0,-12.0,-1.0,-4.0,10.1,10.7,10.6,15.0,15.3,13.7,18.8,14.9,9.8,0.1,-0.1,-0.1,-4.9,-4.6,-3.1,18.9,14.8,9.7,7.0,7.0,8.0,16246.0,16104.0,16206.0,16187.0,16241.0,16579.0,16862.0,16758.0,16832.0,16919.0,16502.0,16613.0,16590.0,16140.0,15780.0,15909.0,15957.0,15794.0,15801.0,15921.0,15579.0,15589.0,15719.0,15848.0,15577.0,15290.0,15315.0,15268.0,15296.0,15728.0,16018.0,15895.0,15920.0,15666.0,15259.0,15354.0,15376.0,15037.0,14858.0,15145.0,15370.0,15249.0,15253.0,15421.0,14742.0,15114.0,15278.0,15352.0,95.5,53025.0,0.0,7.0,669.0,814.0,891.0,919.0,945.0,851.0,844.0,863.0,912.0,1253.0,1243.0,1259.0,1214.0,1103.0,922.0,764.0,587.0,545.0,548.0,500.0,837.0,475.0,441.0,496.0,4.1,5.1,5.5,5.7,5.8,5.1,5.0,5.1,5.4,7.4,7.5,7.6,7.3,6.8,5.8,4.8,3.7,3.5,3.5,3.1,5.4,3.0,2.8,3.1,8.0,16246.0,16104.0,16206.0,16187.0,16241.0,16579.0,16862.0,16758.0,16832.0,16919.0,16502.0,16613.0,16590.0,16140.0,15780.0,15909.0,15957.0,15794.0,15801.0,15921.0,15579.0,15589.0,15719.0,15848.0,15577.0,15290.0,15315.0,15268.0,15296.0,15728.0,16018.0,15895.0,15920.0,15666.0,15259.0,15354.0,15376.0,15037.0,14858.0,15145.0,15370.0,15249.0,15253.0,15421.0,14742.0,15114.0,15278.0,15352.0,95.5,53025.0,0.0,7.0,669.0,814.0,891.0,919.0,945.0,851.0,844.0,863.0,912.0,1253.0,1243.0,1259.0,1214.0,1103.0,922.0,764.0,587.0,545.0,548.0,500.0,837.0,475.0,441.0,496.0,4.1,5.1,5.5,5.7,5.8,5.1,5.0,5.1,5.4,7.4,7.5,7.6,7.3,6.8,5.8,4.8,3.7,3.5,3.5,3.1,5.4,3.0,2.8,3.1,8.0
Bradley ,7.0,9.0,7.0,8.0,754.0,998.0,877.0,1093.0,321.0,682.0,1744.0,2730.0,2677.0,3082.0,3140.0,3130.0,4997.0,4530.0,3391.0,2794.0,1981.0,883.0,4.3,8.0,4.7,6.3,11.8,17.9,22.73605565,26.34160415,34.6,36.8,40.4482803,45.15291402,43.9,33.4,25.51848512,12.73802654,9.8,11.9,11.29717893,15.76745528,23.5,32.2,67.4,53.4,347.0,538.0,909.0,1494.0,1765.0,1826.0,28.0,110.0,118.0,118.0,10545.0,44.0,174.0,163.0,154.0,-33.0,-87.0,-127.0,-24.0,10545.0,0.0,218.0,216.0,207.0,218.0,218.0,0.0,-1.0,-4.0,-5.0,-16.0,-64.0,-45.0,-36.0,-33.0,-88.0,-131.0,-29.0,-50.0,-152.0,-175.0,-64.0,10495.0,10343.0,10168.0,10104.0,-1.0,0.0,1.0,1.0,10.6,11.5,11.6,16.7,15.9,15.2,-8.4,-12.4,-2.4,-0.1,-0.4,-0.5,-6.1,-4.4,-3.6,-8.4,-12.8,-2.9,7.0,7.0,9.0,5103.0,5286.0,5462.0,5533.0,5552.0,5458.0,5642.0,5722.0,5549.0,5461.0,5157.0,4695.0,4531.0,4298.0,4349.0,4575.0,4491.0,4456.0,4455.0,4441.0,4291.0,4029.0,4059.0,4037.0,4777.0,4916.0,5063.0,5141.0,5132.0,5027.0,5243.0,5368.0,5152.0,4936.0,4637.0,4153.0,4062.0,3900.0,4008.0,4314.0,4265.0,4252.0,4263.0,4260.0,4034.0,3836.0,3863.0,3850.0,81.0,44982.0,0.0,7.0,326.0,370.0,399.0,392.0,420.0,431.0,399.0,354.0,397.0,525.0,520.0,542.0,469.0,398.0,341.0,261.0,226.0,204.0,192.0,181.0,257.0,193.0,196.0,187.0,6.4,7.0,7.3,7.1,7.6,7.9,7.1,6.2,7.2,9.6,10.1,11.5,10.4,9.3,7.8,5.7,5.0,4.6,4.3,4.1,6.0,4.8,4.8,4.6,9.0,5103.0,5286.0,5462.0,5533.0,5552.0,5458.0,5642.0,5722.0,5549.0,5461.0,5157.0,4695.0,4531.0,4298.0,4349.0,4575.0,4491.0,4456.0,4455.0,4441.0,4291.0,4029.0,4059.0,4037.0,4777.0,4916.0,5063.0,5141.0,5132.0,5027.0,5243.0,5368.0,5152.0,4936.0,4637.0,4153.0,4062.0,3900.0,4008.0,4314.0,4265.0,4252.0,4263.0,4260.0,4034.0,3836.0,3863.0,3850.0,81.0,44982.0,0.0,7.0,326.0,370.0,399.0,392.0,420.0,431.0,399.0,354.0,397.0,525.0,520.0,542.0,469.0,398.0,341.0,261.0,226.0,204.0,192.0,181.0,257.0,193.0,196.0,187.0,6.4,7.0,7.3,7.1,7.6,7.9,7.1,6.2,7.2,9.6,10.1,11.5,10.4,9.3,7.8,5.7,5.0,4.6,4.3,4.1,6.0,4.8,4.8,4.6,9.0
Calhoun ,9.0,8.0,9.0,7.0,279.0,285.0,260.0,613.0,110.0,149.0,712.0,1339.0,1534.0,1701.0,1805.0,1442.0,2159.0,1897.0,1382.0,1221.0,804.0,451.0,3.5,4.1,5.2,6.0,15.3,17.9,24.71792181,25.98936799,40.7,43.5,47.36289688,42.58712345,36.7,31.3,21.09682498,13.31955109,7.4,7.3,6.822356337,18.10395747,22.7,37.2,68.7,52.7,162.0,217.0,575.0,699.0,942.0,880.0,16.0,41.0,52.0,51.0,4739.0,22.0,86.0,89.0,88.0,0.0,39.0,-2.0,-8.0,4740.0,3.0,149.0,149.0,149.0,149.0,149.0,0.0,0.0,0.0,0.0,-6.0,-45.0,-37.0,-37.0,0.0,39.0,-2.0,-8.0,-4.0,-8.0,-41.0,-46.0,4736.0,4728.0,4687.0,4641.0,2.0,-2.0,-2.0,-1.0,8.7,11.0,10.9,18.2,18.9,18.9,8.2,-0.4,-1.7,0.0,0.0,0.0,-9.5,-7.9,-7.9,8.2,-0.4,-1.7,9.0,9.0,8.0,2558.0,2526.0,2585.0,2558.0,2590.0,2662.0,2635.0,2603.0,2580.0,2572.0,2701.0,2642.0,2536.0,2453.0,2397.0,2429.0,2396.0,2410.0,2427.0,2413.0,2372.0,2348.0,2345.0,2353.0,2419.0,2387.0,2423.0,2360.0,2417.0,2479.0,2450.0,2425.0,2422.0,2358.0,2474.0,2402.0,2317.0,2259.0,2244.0,2300.0,2286.0,2316.0,2335.0,2309.0,2246.0,2268.0,2274.0,2284.0,94.6,52535.0,0.0,9.0,139.0,139.0,162.0,198.0,173.0,183.0,185.0,178.0,158.0,214.0,227.0,240.0,219.0,194.0,153.0,129.0,110.0,94.0,92.0,104.0,126.0,80.0,71.0,69.0,5.4,5.5,6.3,7.7,6.7,6.9,7.0,6.8,6.1,8.3,8.4,9.1,8.6,7.9,6.4,5.3,4.6,3.9,3.8,4.3,5.3,3.4,3.0,2.9,8.0,2558.0,2526.0,2585.0,2558.0,2590.0,2662.0,2635.0,2603.0,2580.0,2572.0,2701.0,2642.0,2536.0,2453.0,2397.0,2429.0,2396.0,2410.0,2427.0,2413.0,2372.0,2348.0,2345.0,2353.0,2419.0,2387.0,2423.0,2360.0,2417.0,2479.0,2450.0,2425.0,2422.0,2358.0,2474.0,2402.0,2317.0,2259.0,2244.0,2300.0,2286.0,2316.0,2335.0,2309.0,2246.0,2268.0,2274.0,2284.0,94.6,52535.0,0.0,9.0,139.0,139.0,162.0,198.0,173.0,183.0,185.0,178.0,158.0,214.0,227.0,240.0,219.0,194.0,153.0,129.0,110.0,94.0,92.0,104.0,126.0,80.0,71.0,69.0,5.4,5.5,6.3,7.7,6.7,6.9,7.0,6.8,6.1,8.3,8.4,9.1,8.6,7.9,6.4,5.3,4.6,3.9,3.8,4.3,5.3,3.4,3.0,2.9,8.0
Carroll ,6.0,6.0,6.0,6.0,1471.0,2380.0,3174.0,4296.0,398.0,1056.0,2177.0,3776.0,4460.0,5855.0,7177.0,7078.0,4706.0,4618.0,4012.0,4857.0,3615.0,3255.0,5.1,9.8,7.4,12.2,21.6,23.9,27.27178045,28.0882859,35.2,34.0,37.37436859,34.79329499,31.6,28.2,18.82518357,16.00058988,11.6,13.8,16.5286674,21.11782923,27.7,35.1,59.8,42.9,583.0,1313.0,2735.0,4115.0,5237.0,5714.0,84.0,348.0,328.0,326.0,28260.0,84.0,385.0,404.0,371.0,-22.0,296.0,216.0,104.0,28257.0,3.0,230.0,230.0,230.0,230.0,230.0,0.0,41.0,26.0,36.0,0.0,-37.0,-76.0,-45.0,-22.0,337.0,242.0,140.0,-17.0,299.0,178.0,97.0,28240.0,28539.0,28717.0,28814.0,5.0,-1.0,12.0,2.0,12.3,11.5,11.3,13.6,14.1,12.9,10.4,7.5,3.6,1.4,0.9,1.3,-1.3,-2.7,-1.6,11.9,8.5,4.9,6.0,6.0,6.0,13038.0,12965.0,13398.0,13341.0,13376.0,13422.0,13838.0,13830.0,14082.0,13961.0,12601.0,12852.0,12539.0,12360.0,12641.0,12711.0,12891.0,12990.0,12530.0,12711.0,12514.0,12522.0,12370.0,12299.0,12533.0,12449.0,12822.0,12711.0,12736.0,12809.0,13233.0,13223.0,13454.0,13122.0,11711.0,11968.0,11778.0,11637.0,12001.0,12138.0,12432.0,12554.0,12130.0,12320.0,11792.0,12089.0,12015.0,11938.0,90.9,50433.0,0.0,6.0,505.0,516.0,576.0,630.0,640.0,613.0,605.0,607.0,628.0,839.0,890.0,884.0,761.0,723.0,640.0,573.0,459.0,436.0,400.0,391.0,722.0,433.0,355.0,361.0,3.9,4.0,4.3,4.7,4.8,4.6,4.4,4.4,4.5,6.0,7.1,6.9,6.1,5.8,5.1,4.5,3.6,3.4,3.2,3.1,5.8,3.5,2.9,2.9,6.0,13038.0,12965.0,13398.0,13341.0,13376.0,13422.0,13838.0,13830.0,14082.0,13961.0,12601.0,12852.0,12539.0,12360.0,12641.0,12711.0,12891.0,12990.0,12530.0,12711.0,12514.0,12522.0,12370.0,12299.0,12533.0,12449.0,12822.0,12711.0,12736.0,12809.0,13233.0,13223.0,13454.0,13122.0,11711.0,11968.0,11778.0,11637.0,12001.0,12138.0,12432.0,12554.0,12130.0,12320.0,11792.0,12089.0,12015.0,11938.0,90.9,50433.0,0.0,6.0,505.0,516.0,576.0,630.0,640.0,613.0,605.0,607.0,628.0,839.0,890.0,884.0,761.0,723.0,640.0,573.0,459.0,436.0,400.0,391.0,722.0,433.0,355.0,361.0,3.9,4.0,4.3,4.7,4.8,4.6,4.4,4.4,4.5,6.0,7.1,6.9,6.1,5.8,5.1,4.5,3.6,3.4,3.2,3.1,5.8,3.5,2.9,2.9,6.0
Chicot ,7.0,9.0,9.0,9.0,769.0,1058.0,1145.0,1202.0,432.0,649.0,1710.0,2522.0,2927.0,3196.0,3286.0,2789.0,6808.0,5658.0,4527.0,3242.0,2215.0,1287.0,4.6,6.8,4.9,8.1,11.4,17.3,17.61497459,24.35144045,31.5,35.3,40.73385397,39.97420095,48.8,35.8,27.45754308,18.44632363,8.3,11.7,14.19362836,17.22803497,18.2,26.3,72.3,58.9,462.0,776.0,1055.0,1566.0,1421.0,1699.0,28.0,99.0,91.0,88.0,10208.0,37.0,185.0,182.0,173.0,-41.0,-26.0,-127.0,-209.0,10211.0,1.0,681.0,688.0,690.0,690.0,681.0,0.0,0.0,-1.0,-1.0,-9.0,-86.0,-91.0,-85.0,-41.0,-26.0,-128.0,-210.0,-55.0,-104.0,-218.0,-296.0,10156.0,10052.0,9834.0,9538.0,-5.0,8.0,1.0,-1.0,9.8,9.2,9.1,18.3,18.3,17.9,-2.6,-12.8,-21.6,0.0,-0.1,-0.1,-8.5,-9.2,-8.8,-2.6,-12.9,-21.7,7.0,9.0,9.0,5434.0,5406.0,5325.0,5212.0,4916.0,4849.0,4964.0,4931.0,4902.0,4851.0,4271.0,4261.0,4074.0,3863.0,3877.0,3743.0,3590.0,3465.0,3337.0,3225.0,3160.0,3007.0,2971.0,2851.0,5041.0,4943.0,4811.0,4674.0,4386.0,4362.0,4544.0,4517.0,4500.0,4318.0,3763.0,3726.0,3628.0,3425.0,3480.0,3408.0,3353.0,3238.0,3112.0,3005.0,2823.0,2750.0,2792.0,2687.0,68.9,38217.0,0.0,9.0,393.0,463.0,514.0,538.0,530.0,487.0,420.0,414.0,402.0,533.0,508.0,535.0,446.0,438.0,397.0,335.0,237.0,227.0,225.0,220.0,337.0,257.0,179.0,164.0,7.2,8.6,9.7,10.3,10.8,10.0,8.5,8.4,8.2,11.0,11.9,12.6,10.9,11.3,10.2,9.0,6.6,6.6,6.7,6.8,10.7,8.5,6.0,5.8,9.0,5434.0,5406.0,5325.0,5212.0,4916.0,4849.0,4964.0,4931.0,4902.0,4851.0,4271.0,4261.0,4074.0,3863.0,3877.0,3743.0,3590.0,3465.0,3337.0,3225.0,3160.0,3007.0,2971.0,2851.0,5041.0,4943.0,4811.0,4674.0,4386.0,4362.0,4544.0,4517.0,4500.0,4318.0,3763.0,3726.0,3628.0,3425.0,3480.0,3408.0,3353.0,3238.0,3112.0,3005.0,2823.0,2750.0,2792.0,2687.0,68.9,38217.0,0.0,9.0,393.0,463.0,514.0,538.0,530.0,487.0,420.0,414.0,402.0,533.0,508.0,535.0,446.0,438.0,397.0,335.0,237.0,227.0,225.0,220.0,337.0,257.0,179.0,164.0,7.2,8.6,9.7,10.3,10.8,10.0,8.5,8.4,8.2,11.0,11.9,12.6,10.9,11.3,10.2,9.0,6.6,6.6,6.7,6.8,10.7,8.5,6.0,5.8,9.0
Clark ,7.0,8.0,7.0,7.0,2288.0,2722.0,2904.0,3155.0,1243.0,2048.0,2356.0,3794.0,3664.0,4447.0,4931.0,4048.0,6340.0,5700.0,4494.0,3396.0,1993.0,1242.0,11.4,15.8,8.5,10.7,18.4,23.1,26.81510165,31.76860305,28.6,32.4,36.71904088,32.70582532,35.1,24.7,14.84101571,10.03474186,17.9,19.8,21.62484176,25.49082976,21.7,29.3,58.4,44.1,922.0,1390.0,2359.0,3170.0,3601.0,3932.0,60.0,240.0,239.0,239.0,21446.0,68.0,300.0,302.0,289.0,-50.0,-88.0,103.0,40.0,21445.0,4.0,2855.0,2731.0,2765.0,2767.0,2857.0,0.0,4.0,4.0,8.0,-8.0,-60.0,-63.0,-50.0,-50.0,-84.0,107.0,48.0,-60.0,-141.0,32.0,-2.0,21385.0,21244.0,21276.0,21274.0,-2.0,3.0,-12.0,0.0,11.3,11.2,11.2,14.1,14.2,13.6,-4.1,4.8,1.9,0.2,0.2,0.4,-2.8,-3.0,-2.4,-3.9,5.0,2.3,7.0,7.0,8.0,11228.0,11280.0,11297.0,11239.0,11099.0,10953.0,10869.0,10921.0,10913.0,10737.0,10366.0,10411.0,10341.0,10155.0,9749.0,9663.0,9589.0,9574.0,9633.0,9613.0,9102.0,8674.0,8436.0,8499.0,10753.0,10770.0,10631.0,10535.0,10425.0,10280.0,10259.0,10301.0,10271.0,9880.0,9526.0,9392.0,9355.0,9280.0,9100.0,9144.0,9173.0,9199.0,9281.0,9251.0,8550.0,8258.0,8066.0,8098.0,91.0,50519.0,0.0,7.0,475.0,510.0,666.0,704.0,674.0,673.0,610.0,620.0,642.0,857.0,840.0,1019.0,986.0,875.0,649.0,519.0,416.0,375.0,352.0,362.0,552.0,416.0,370.0,401.0,4.2,4.5,5.9,6.3,6.1,6.1,5.6,5.7,5.9,8.0,8.1,9.8,9.5,8.6,6.7,5.4,4.3,3.9,3.7,3.8,6.1,4.8,4.4,4.7,8.0,11228.0,11280.0,11297.0,11239.0,11099.0,10953.0,10869.0,10921.0,10913.0,10737.0,10366.0,10411.0,10341.0,10155.0,9749.0,9663.0,9589.0,9574.0,9633.0,9613.0,9102.0,8674.0,8436.0,8499.0,10753.0,10770.0,10631.0,10535.0,10425.0,10280.0,10259.0,10301.0,10271.0,9880.0,9526.0,9392.0,9355.0,9280.0,9100.0,9144.0,9173.0,9199.0,9281.0,9251.0,8550.0,8258.0,8066.0,8098.0,91.0,50519.0,0.0,7.0,475.0,510.0,666.0,704.0,674.0,673.0,610.0,620.0,642.0,857.0,840.0,1019.0,986.0,875.0,649.0,519.0,416.0,375.0,352.0,362.0,552.0,416.0,370.0,401.0,4.2,4.5,5.9,6.3,6.1,6.1,5.6,5.7,5.9,8.0,8.1,9.8,9.5,8.6,6.7,5.4,4.3,3.9,3.7,3.8,6.1,4.8,4.4,4.7,8.0
Clay ,7.0,9.0,9.0,9.0,645.0,900.0,1118.0,1604.0,331.0,623.0,1962.0,3604.0,3927.0,4603.0,4889.0,4573.0,8834.0,8133.0,6482.0,4796.0,2630.0,1371.0,2.9,4.7,3.4,5.8,11.2,15.4,23.21301565,26.49006623,31.5,37.8,43.46550498,44.53642384,52.1,39.4,23.38193457,13.35216206,5.2,7.4,9.939544808,15.62134788,17.0,27.5,76.7,62.0,390.0,756.0,1396.0,1876.0,2611.0,2720.0,40.0,172.0,164.0,157.0,14552.0,47.0,292.0,263.0,242.0,-14.0,-51.0,16.0,17.0,14548.0,1.0,151.0,151.0,151.0,151.0,151.0,0.0,0.0,-2.0,-2.0,-7.0,-120.0,-99.0,-85.0,-14.0,-51.0,14.0,15.0,-19.0,-167.0,-91.0,-70.0,14529.0,14362.0,14271.0,14201.0,2.0,4.0,-6.0,0.0,11.9,11.5,11.0,20.2,18.4,17.0,-3.5,1.1,1.2,0.0,-0.1,-0.1,-8.3,-6.9,-6.0,-3.5,1.0,1.1,7.0,9.0,9.0,8075.0,7809.0,7779.0,7550.0,7317.0,7030.0,7043.0,6664.0,6598.0,6640.0,7464.0,7263.0,6884.0,6562.0,6459.0,6323.0,6048.0,5883.0,5767.0,5622.0,5449.0,5332.0,5400.0,5381.0,7645.0,7275.0,7210.0,6953.0,6738.0,6438.0,6462.0,6037.0,6071.0,5897.0,6673.0,6420.0,6156.0,5938.0,5964.0,5911.0,5706.0,5614.0,5517.0,5351.0,5113.0,5117.0,5191.0,5159.0,84.4,46855.0,0.0,9.0,430.0,534.0,569.0,597.0,579.0,592.0,581.0,627.0,527.0,743.0,791.0,843.0,728.0,624.0,495.0,412.0,342.0,269.0,250.0,271.0,336.0,215.0,209.0,222.0,5.3,6.8,7.3,7.9,7.9,8.4,8.2,9.4,8.0,11.2,10.6,11.6,10.6,9.5,7.7,6.5,5.7,4.6,4.3,4.8,6.2,4.0,3.9,4.1,9.0,8075.0,7809.0,7779.0,7550.0,7317.0,7030.0,7043.0,6664.0,6598.0,6640.0,7464.0,7263.0,6884.0,6562.0,6459.0,6323.0,6048.0,5883.0,5767.0,5622.0,5449.0,5332.0,5400.0,5381.0,7645.0,7275.0,7210.0,6953.0,6738.0,6438.0,6462.0,6037.0,6071.0,5897.0,6673.0,6420.0,6156.0,5938.0,5964.0,5911.0,5706.0,5614.0,5517.0,5351.0,5113.0,5117.0,5191.0,5159.0,84.4,46855.0,0.0,9.0,430.0,534.0,569.0,597.0,579.0,592.0,581.0,627.0,527.0,743.0,791.0,843.0,728.0,624.0,495.0,412.0,342.0,269.0,250.0,271.0,336.0,215.0,209.0,222.0,5.3,6.8,7.3,7.9,7.9,8.4,8.2,9.4,8.0,11.2,10.6,11.6,10.6,9.5,7.7,6.5,5.7,4.6,4.3,4.8,6.2,4.0,3.9,4.1,9.0
Cleburne ,6.0,6.0,6.0,6.0,1295.0,2402.0,3212.0,3417.0,227.0,796.0,1240.0,3438.0,4763.0,6290.0,7237.0,7377.0,4829.0,5564.0,5394.0,4362.0,3130.0,2194.0,3.4,7.2,4.5,11.1,17.3,24.5,28.46003899,30.5565952,34.4,36.4,38.12760129,39.44287013,39.0,25.2,16.49017438,11.73073838,9.4,13.9,16.92218534,18.26979629,18.8,31.2,73.3,50.5,294.0,1224.0,2396.0,4245.0,5402.0,5715.0,48.0,212.0,219.0,223.0,24711.0,89.0,474.0,466.0,427.0,33.0,608.0,452.0,399.0,24710.0,5.0,259.0,259.0,259.0,259.0,259.0,0.0,-1.0,-3.0,-3.0,-41.0,-262.0,-247.0,-204.0,33.0,607.0,449.0,396.0,-6.0,324.0,225.0,192.0,24704.0,25028.0,25253.0,25445.0,2.0,-21.0,23.0,0.0,8.5,8.7,8.8,19.1,18.5,16.8,24.5,18.0,15.7,0.0,-0.1,-0.1,-10.5,-9.8,-8.0,24.4,17.9,15.6,6.0,6.0,6.0,10736.0,10778.0,10980.0,10994.0,11112.0,11529.0,11481.0,11531.0,11957.0,11747.0,10348.0,10531.0,10456.0,10093.0,9821.0,9655.0,9500.0,9286.0,9066.0,9146.0,9037.0,8863.0,8909.0,8996.0,10258.0,10282.0,10457.0,10384.0,10523.0,10961.0,10900.0,10819.0,11288.0,10879.0,9491.0,9609.0,9603.0,9253.0,9028.0,8996.0,8935.0,8826.0,8660.0,8739.0,8337.0,8447.0,8543.0,8642.0,94.9,52662.0,0.0,6.0,478.0,496.0,523.0,610.0,589.0,568.0,581.0,712.0,669.0,868.0,857.0,922.0,853.0,840.0,793.0,659.0,565.0,460.0,406.0,407.0,700.0,416.0,366.0,354.0,4.5,4.6,4.8,5.5,5.3,4.9,5.1,6.2,5.6,7.4,8.3,8.8,8.2,8.3,8.1,6.8,5.9,5.0,4.5,4.5,7.7,4.7,4.1,3.9,6.0,10736.0,10778.0,10980.0,10994.0,11112.0,11529.0,11481.0,11531.0,11957.0,11747.0,10348.0,10531.0,10456.0,10093.0,9821.0,9655.0,9500.0,9286.0,9066.0,9146.0,9037.0,8863.0,8909.0,8996.0,10258.0,10282.0,10457.0,10384.0,10523.0,10961.0,10900.0,10819.0,11288.0,10879.0,9491.0,9609.0,9603.0,9253.0,9028.0,8996.0,8935.0,8826.0,8660.0,8739.0,8337.0,8447.0,8543.0,8642.0,94.9,52662.0,0.0,6.0,478.0,496.0,523.0,610.0,589.0,568.0,581.0,712.0,669.0,868.0,857.0,922.0,853.0,840.0,793.0,659.0,565.0,460.0,406.0,407.0,700.0,416.0,366.0,354.0,4.5,4.6,4.8,5.5,5.3,4.9,5.1,6.2,5.6,7.4,8.3,8.8,8.2,8.3,8.1,6.8,5.9,5.0,4.5,4.5,7.7,4.7,4.1,3.9,6.0
Cleveland ,3.0,2.0,8.0,5.0,393.0,565.0,838.0,873.0,85.0,286.0,1007.0,1598.0,1996.0,2454.0,2660.0,2405.0,2659.0,2598.0,2011.0,1524.0,873.0,449.0,2.2,6.0,2.4,6.1,12.3,19.7,25.3968254,30.63465476,39.8,43.4,45.40023895,44.76084124,40.1,26.9,14.90015361,8.356597804,7.8,10.0,14.30278204,16.2479062,26.2,33.5,69.2,54.4,94.0,291.0,617.0,1116.0,1488.0,1646.0,16.0,74.0,81.0,82.0,7550.0,28.0,136.0,135.0,129.0,14.0,-9.0,36.0,-41.0,7550.0,0.0,72.0,72.0,72.0,72.0,72.0,0.0,0.0,1.0,1.0,-12.0,-62.0,-54.0,-47.0,14.0,-9.0,37.0,-40.0,2.0,-66.0,-19.0,-89.0,7552.0,7486.0,7467.0,7378.0,0.0,5.0,-2.0,-2.0,9.8,10.8,11.0,18.1,18.1,17.4,-1.2,4.8,-5.5,0.0,0.1,0.1,-8.2,-7.2,-6.3,-1.2,4.9,-5.4,3.0,8.0,2.0,3903.0,3927.0,3925.0,4002.0,4156.0,4236.0,4180.0,4124.0,4083.0,4025.0,3884.0,3867.0,3767.0,3620.0,3481.0,3371.0,3349.0,3327.0,3246.0,3215.0,3200.0,3077.0,3069.0,3054.0,3712.0,3710.0,3696.0,3759.0,3883.0,3987.0,3923.0,3885.0,3845.0,3703.0,3570.0,3551.0,3500.0,3353.0,3249.0,3184.0,3198.0,3182.0,3122.0,3091.0,3003.0,2952.0,2954.0,2948.0,100.1,55533.0,0.0,8.0,191.0,217.0,229.0,243.0,273.0,249.0,257.0,239.0,238.0,322.0,314.0,316.0,267.0,267.0,232.0,187.0,151.0,145.0,124.0,124.0,197.0,125.0,115.0,106.0,4.9,5.5,5.8,6.1,6.6,5.9,6.1,5.8,5.8,8.0,8.1,8.2,7.1,7.4,6.7,5.5,4.5,4.4,3.8,3.9,6.2,4.1,3.7,3.5,2.0,3903.0,3927.0,3925.0,4002.0,4156.0,4236.0,4180.0,4124.0,4083.0,4025.0,3884.0,3867.0,3767.0,3620.0,3481.0,3371.0,3349.0,3327.0,3246.0,3215.0,3200.0,3077.0,3069.0,3054.0,3712.0,3710.0,3696.0,3759.0,3883.0,3987.0,3923.0,3885.0,3845.0,3703.0,3570.0,3551.0,3500.0,3353.0,3249.0,3184.0,3198.0,3182.0,3122.0,3091.0,3003.0,2952.0,2954.0,2948.0,100.1,55533.0,0.0,8.0,191.0,217.0,229.0,243.0,273.0,249.0,257.0,239.0,238.0,322.0,314.0,316.0,267.0,267.0,232.0,187.0,151.0,145.0,124.0,124.0,197.0,125.0,115.0,106.0,4.9,5.5,5.8,6.1,6.6,5.9,6.1,5.8,5.8,8.0,8.1,8.2,7.1,7.4,6.7,5.5,4.5,4.4,3.8,3.9,6.2,4.1,3.7,3.5,2.0
Columbia ,7.0,8.0,7.0,7.0,2103.0,2694.0,2927.0,2871.0,853.0,1526.0,3518.0,4935.0,5058.0,5742.0,5650.0,5718.0,8639.0,7367.0,5754.0,4161.0,2384.0,1625.0,6.0,9.8,8.0,10.9,19.8,21.5,28.65790159,27.48828624,31.4,35.8,36.77427753,40.59349709,35.7,25.9,15.5167925,11.53627715,13.1,16.8,19.05102838,20.38193951,24.9,31.8,61.1,47.4,1138.0,1698.0,3187.0,3442.0,4403.0,3872.0,57.0,268.0,274.0,256.0,22801.0,79.0,370.0,319.0,298.0,-36.0,-157.0,-165.0,-114.0,22800.0,3.0,2005.0,1823.0,1901.0,1902.0,2012.0,0.0,6.0,15.0,20.0,-22.0,-102.0,-45.0,-42.0,-36.0,-151.0,-150.0,-94.0,-56.0,-254.0,-204.0,-136.0,22744.0,22490.0,22286.0,22150.0,2.0,-1.0,-9.0,0.0,11.8,12.2,11.5,16.4,14.2,13.4,-6.9,-7.4,-5.1,0.3,0.7,0.9,-4.5,-2.0,-1.9,-6.7,-6.7,-4.2,7.0,7.0,8.0,11279.0,11104.0,11081.0,10786.0,10796.0,10991.0,10995.0,10893.0,10787.0,10571.0,10516.0,10386.0,10162.0,9755.0,9630.0,9599.0,9313.0,9077.0,8962.0,9121.0,8903.0,8668.0,8691.0,8764.0,10708.0,10543.0,10432.0,10072.0,10103.0,10289.0,10322.0,10171.0,10042.0,9555.0,9504.0,9390.0,9282.0,8920.0,8957.0,8982.0,8781.0,8616.0,8543.0,8721.0,8282.0,8200.0,8321.0,8388.0,85.2,47278.0,0.0,7.0,571.0,561.0,649.0,714.0,693.0,702.0,673.0,722.0,745.0,1016.0,1012.0,996.0,880.0,835.0,673.0,617.0,532.0,461.0,419.0,400.0,621.0,468.0,370.0,376.0,5.1,5.1,5.9,6.6,6.4,6.4,6.1,6.6,6.9,9.6,9.6,9.6,8.7,8.6,7.0,6.4,5.7,5.1,4.7,4.4,7.0,5.4,4.3,4.3,8.0,11279.0,11104.0,11081.0,10786.0,10796.0,10991.0,10995.0,10893.0,10787.0,10571.0,10516.0,10386.0,10162.0,9755.0,9630.0,9599.0,9313.0,9077.0,8962.0,9121.0,8903.0,8668.0,8691.0,8764.0,10708.0,10543.0,10432.0,10072.0,10103.0,10289.0,10322.0,10171.0,10042.0,9555.0,9504.0,9390.0,9282.0,8920.0,8957.0,8982.0,8781.0,8616.0,8543.0,8721.0,8282.0,8200.0,8321.0,8388.0,85.2,47278.0,0.0,7.0,571.0,561.0,649.0,714.0,693.0,702.0,673.0,722.0,745.0,1016.0,1012.0,996.0,880.0,835.0,673.0,617.0,532.0,461.0,419.0,400.0,621.0,468.0,370.0,376.0,5.1,5.1,5.9,6.6,6.4,6.4,6.1,6.6,6.9,9.6,9.6,9.6,8.7,8.6,7.0,6.4,5.7,5.1,4.7,4.4,7.0,5.4,4.3,4.3,8.0
Conway ,6.0,6.0,6.0,6.0,1207.0,1555.0,2061.0,2648.0,432.0,873.0,2556.0,4030.0,4983.0,5579.0,6167.0,6335.0,5819.0,5604.0,4373.0,3617.0,2431.0,1439.0,4.6,7.6,5.5,7.9,14.2,20.2,25.44589774,28.50380737,40.5,41.4,43.13492341,43.45887357,35.5,26.8,17.00356718,9.871715717,9.8,11.5,14.41561167,18.16560335,27.4,35.3,62.5,49.1,509.0,906.0,1754.0,2729.0,3638.0,4155.0,46.0,208.0,232.0,228.0,20715.0,61.0,309.0,316.0,298.0,34.0,260.0,187.0,98.0,20710.0,0.0,171.0,171.0,171.0,171.0,171.0,0.0,11.0,18.0,26.0,-15.0,-101.0,-84.0,-70.0,34.0,271.0,205.0,124.0,20.0,172.0,119.0,56.0,20730.0,20902.0,21021.0,21077.0,1.0,2.0,-2.0,2.0,10.0,11.1,10.8,14.8,15.1,14.2,12.5,8.9,4.7,0.5,0.9,1.2,-4.9,-4.0,-3.3,13.0,9.8,5.9,6.0,6.0,6.0,9349.0,9394.0,9702.0,9677.0,9442.0,9573.0,9802.0,9936.0,10107.0,10223.0,9023.0,8995.0,8739.0,8698.0,8667.0,8682.0,8468.0,8229.0,8117.0,8224.0,8276.0,8198.0,8333.0,8314.0,8786.0,8945.0,9158.0,9085.0,8907.0,9079.0,9313.0,9445.0,9553.0,9463.0,8183.0,8146.0,7968.0,7917.0,8061.0,8161.0,7983.0,7834.0,7766.0,7874.0,7766.0,7853.0,8030.0,8001.0,94.4,52405.0,0.0,6.0,563.0,449.0,544.0,592.0,535.0,494.0,489.0,491.0,554.0,760.0,840.0,849.0,771.0,781.0,606.0,521.0,485.0,395.0,351.0,350.0,510.0,345.0,303.0,313.0,6.0,4.8,5.6,6.1,5.7,5.2,5.0,4.9,5.5,7.4,9.3,9.4,8.8,9.0,7.0,6.0,5.7,4.8,4.3,4.3,6.2,4.2,3.6,3.8,6.0,9349.0,9394.0,9702.0,9677.0,9442.0,9573.0,9802.0,9936.0,10107.0,10223.0,9023.0,8995.0,8739.0,8698.0,8667.0,8682.0,8468.0,8229.0,8117.0,8224.0,8276.0,8198.0,8333.0,8314.0,8786.0,8945.0,9158.0,9085.0,8907.0,9079.0,9313.0,9445.0,9553.0,9463.0,8183.0,8146.0,7968.0,7917.0,8061.0,8161.0,7983.0,7834.0,7766.0,7874.0,7766.0,7853.0,8030.0,8001.0,94.4,52405.0,0.0,6.0,563.0,449.0,544.0,592.0,535.0,494.0,489.0,491.0,554.0,760.0,840.0,849.0,771.0,781.0,606.0,521.0,485.0,395.0,351.0,350.0,510.0,345.0,303.0,313.0,6.0,4.8,5.6,6.1,5.7,5.2,5.0,4.9,5.5,7.4,9.3,9.4,8.8,9.0,7.0,6.0,5.7,4.8,4.3,4.3,6.2,4.2,3.6,3.8,6.0
Craighead ,3.0,2.0,3.0,4.0,6879.0,10624.0,14340.0,19912.0,2415.0,4691.0,6179.0,10388.0,12582.0,16615.0,20756.0,23207.0,16609.0,16279.0,13660.0,11515.0,9252.0,6989.0,8.8,13.3,7.7,11.3,21.2,23.6,26.62475182,30.12605979,29.9,32.8,34.3414957,32.36139,32.5,22.7,15.30774322,9.745928157,16.4,20.9,23.72600927,27.76662204,22.6,29.4,60.8,46.0,2103.0,4012.0,8910.0,11971.0,16092.0,21604.0,356.0,1511.0,1553.0,1540.0,111231.0,264.0,1232.0,1219.0,1091.0,272.0,-180.0,721.0,617.0,111242.0,0.0,3944.0,3253.0,3178.0,3181.0,3951.0,4.0,35.0,48.0,61.0,92.0,279.0,334.0,449.0,276.0,-145.0,769.0,678.0,377.0,175.0,1069.0,1130.0,111619.0,111794.0,112863.0,113993.0,9.0,41.0,-34.0,3.0,13.5,13.8,13.6,11.0,10.9,9.6,-1.6,6.4,5.4,0.3,0.4,0.5,2.5,3.0,4.0,-1.3,6.8,6.0,3.0,3.0,2.0,42796.0,42047.0,42762.0,43229.0,44255.0,44677.0,45207.0,45366.0,45985.0,46584.0,47751.0,48963.0,49275.0,49628.0,49862.0,51214.0,52315.0,53579.0,54180.0,55698.0,55666.0,55855.0,57007.0,57392.0,41119.0,40147.0,40565.0,40873.0,41887.0,42537.0,43011.0,43058.0,43767.0,43354.0,44346.0,45520.0,46024.0,46453.0,47210.0,48977.0,50613.0,51961.0,52546.0,54162.0,52654.0,54022.0,55481.0,55816.0,109.1,60580.0,1.0,3.0,1677.0,1900.0,2197.0,2356.0,2368.0,2140.0,2196.0,2308.0,2218.0,3230.0,3405.0,3443.0,3251.0,3175.0,2652.0,2237.0,1702.0,1618.0,1634.0,1536.0,3012.0,1833.0,1526.0,1576.0,3.9,4.5,5.1,5.5,5.4,4.8,4.9,5.1,4.8,6.9,7.1,7.0,6.6,6.4,5.3,4.4,3.3,3.0,3.0,2.8,5.4,3.3,2.7,2.7,2.0,42796.0,42047.0,42762.0,43229.0,44255.0,44677.0,45207.0,45366.0,45985.0,46584.0,47751.0,48963.0,49275.0,49628.0,49862.0,51214.0,52315.0,53579.0,54180.0,55698.0,55666.0,55855.0,57007.0,57392.0,41119.0,40147.0,40565.0,40873.0,41887.0,42537.0,43011.0,43058.0,43767.0,43354.0,44346.0,45520.0,46024.0,46453.0,47210.0,48977.0,50613.0,51961.0,52546.0,54162.0,52654.0,54022.0,55481.0,55816.0,109.1,60580.0,1.0,3.0,1677.0,1900.0,2197.0,2356.0,2368.0,2140.0,2196.0,2308.0,2218.0,3230.0,3405.0,3443.0,3251.0,3175.0,2652.0,2237.0,1702.0,1618.0,1634.0,1536.0,3012.0,1833.0,1526.0,1576.0,3.9,4.5,5.1,5.5,5.4,4.8,4.9,5.1,4.8,6.9,7.1,7.0,6.6,6.4,5.3,4.4,3.3,3.0,3.0,2.8,5.4,3.3,2.7,2.7,2.0
Crawford ,2.0,2.0,3.0,4.0,2001.0,3276.0,5368.0,7988.0,525.0,1085.0,3775.0,7744.0,8937.0,12153.0,14706.0,15022.0,9143.0,10100.0,9572.0,9628.0,7574.0,5532.0,3.6,5.1,6.5,11.1,22.4,25.8,31.3161425,31.02964986,33.8,36.0,36.53301535,36.29992992,36.2,28.5,18.81552144,13.36780804,7.6,9.7,13.33532071,19.30261218,26.2,36.4,63.6,47.5,941.0,2353.0,5904.0,8708.0,12606.0,12841.0,172.0,726.0,725.0,727.0,60133.0,168.0,857.0,875.0,779.0,2.0,326.0,648.0,752.0,60119.0,3.0,673.0,673.0,673.0,673.0,673.0,2.0,63.0,126.0,151.0,4.0,-131.0,-150.0,-52.0,4.0,389.0,774.0,903.0,23.0,288.0,611.0,850.0,60142.0,60430.0,61041.0,61891.0,15.0,30.0,-13.0,-1.0,12.0,11.9,11.8,14.2,14.4,12.7,5.4,10.7,12.2,1.0,2.1,2.5,-2.2,-2.5,-0.8,6.5,12.7,14.7,2.0,3.0,2.0,24785.0,25009.0,25320.0,25470.0,26261.0,27191.0,27764.0,28182.0,28355.0,27829.0,28286.0,27874.0,27720.0,27208.0,27006.0,26962.0,26995.0,26925.0,26815.0,26661.0,26200.0,25762.0,26156.0,26514.0,23910.0,24002.0,24142.0,24138.0,24934.0,26001.0,26493.0,26783.0,26993.0,25681.0,26053.0,25519.0,25599.0,25179.0,25426.0,25582.0,25941.0,25971.0,25870.0,25787.0,24751.0,24830.0,25343.0,25622.0,98.6,54741.0,1.0,3.0,875.0,1007.0,1178.0,1332.0,1327.0,1190.0,1271.0,1399.0,1362.0,2148.0,2233.0,2355.0,2121.0,2029.0,1580.0,1380.0,1054.0,954.0,945.0,874.0,1449.0,932.0,813.0,892.0,3.5,4.0,4.7,5.2,5.1,4.4,4.6,5.0,4.8,7.7,7.9,8.4,7.7,7.5,5.9,5.1,3.9,3.5,3.5,3.3,5.5,3.6,3.1,3.4,2.0,24785.0,25009.0,25320.0,25470.0,26261.0,27191.0,27764.0,28182.0,28355.0,27829.0,28286.0,27874.0,27720.0,27208.0,27006.0,26962.0,26995.0,26925.0,26815.0,26661.0,26200.0,25762.0,26156.0,26514.0,23910.0,24002.0,24142.0,24138.0,24934.0,26001.0,26493.0,26783.0,26993.0,25681.0,26053.0,25519.0,25599.0,25179.0,25426.0,25582.0,25941.0,25971.0,25870.0,25787.0,24751.0,24830.0,25343.0,25622.0,98.6,54741.0,1.0,3.0,875.0,1007.0,1178.0,1332.0,1327.0,1190.0,1271.0,1399.0,1362.0,2148.0,2233.0,2355.0,2121.0,2029.0,1580.0,1380.0,1054.0,954.0,945.0,874.0,1449.0,932.0,813.0,892.0,3.5,4.0,4.7,5.2,5.1,4.4,4.6,5.0,4.8,7.7,7.9,8.4,7.7,7.5,5.9,5.1,3.9,3.5,3.5,3.3,5.5,3.6,3.1,3.4,2.0
Crittenden ,1.0,1.0,1.0,1.0,2849.0,3863.0,4552.0,5233.0,1027.0,1864.0,4744.0,7451.0,9005.0,10024.0,10870.0,11493.0,15595.0,13778.0,12344.0,9326.0,6674.0,4477.0,4.5,7.3,5.8,9.7,16.9,23.3,29.3312438,30.32891927,30.9,33.1,34.76508779,37.76492623,42.4,30.8,21.34518822,14.7110045,9.8,12.8,14.55848019,17.19515,20.9,29.1,68.8,53.8,1315.0,2493.0,4909.0,7038.0,9171.0,9230.0,156.0,672.0,703.0,570.0,48163.0,156.0,700.0,674.0,620.0,-85.0,-611.0,-436.0,106.0,48156.0,0.0,495.0,418.0,474.0,586.0,495.0,0.0,11.0,30.0,32.0,0.0,-28.0,29.0,-50.0,-85.0,-600.0,-406.0,138.0,-80.0,-638.0,-387.0,88.0,48076.0,47438.0,47051.0,47139.0,5.0,-10.0,-10.0,0.0,14.1,14.9,12.1,14.7,14.3,13.2,-12.8,-9.2,2.3,0.2,0.6,0.7,-0.6,0.6,-1.1,-12.6,-8.6,2.9,1.0,1.0,1.0,21967.0,21606.0,21531.0,21494.0,21848.0,22317.0,22158.0,22118.0,22307.0,21954.0,22778.0,22636.0,22176.0,21653.0,21584.0,21503.0,21642.0,21378.0,21057.0,21054.0,20752.0,20182.0,20422.0,20358.0,21071.0,20509.0,20274.0,20073.0,20366.0,20849.0,20633.0,20653.0,20554.0,19594.0,20478.0,20277.0,20135.0,19886.0,20031.0,20198.0,20664.0,20437.0,20151.0,20167.0,18983.0,19080.0,19620.0,19500.0,89.4,49644.0,1.0,1.0,896.0,1097.0,1257.0,1421.0,1482.0,1468.0,1525.0,1465.0,1753.0,2360.0,2300.0,2359.0,2041.0,1767.0,1553.0,1305.0,978.0,941.0,906.0,887.0,1769.0,1102.0,802.0,858.0,4.1,5.1,5.8,6.6,6.8,6.6,6.9,6.6,7.9,10.7,10.1,10.4,9.2,8.2,7.2,6.1,4.5,4.4,4.3,4.2,8.5,5.5,3.9,4.2,1.0,21967.0,21606.0,21531.0,21494.0,21848.0,22317.0,22158.0,22118.0,22307.0,21954.0,22778.0,22636.0,22176.0,21653.0,21584.0,21503.0,21642.0,21378.0,21057.0,21054.0,20752.0,20182.0,20422.0,20358.0,21071.0,20509.0,20274.0,20073.0,20366.0,20849.0,20633.0,20653.0,20554.0,19594.0,20478.0,20277.0,20135.0,19886.0,20031.0,20198.0,20664.0,20437.0,20151.0,20167.0,18983.0,19080.0,19620.0,19500.0,89.4,49644.0,1.0,1.0,896.0,1097.0,1257.0,1421.0,1482.0,1468.0,1525.0,1465.0,1753.0,2360.0,2300.0,2359.0,2041.0,1767.0,1553.0,1305.0,978.0,941.0,906.0,887.0,1769.0,1102.0,802.0,858.0,4.1,5.1,5.8,6.6,6.8,6.6,6.9,6.6,7.9,10.7,10.1,10.4,9.2,8.2,7.2,6.1,4.5,4.4,4.3,4.2,8.5,5.5,3.9,4.2,1.0
Cross ,6.0,4.0,6.0,3.0,933.0,1225.0,1437.0,1700.0,377.0,824.0,1969.0,3214.0,3886.0,4738.0,5613.0,4831.0,7237.0,6274.0,5130.0,3930.0,2408.0,1901.0,3.8,7.4,4.1,7.1,14.4,20.3,21.35373358,26.42233857,33.4,38.2,46.67387327,42.15532286,44.2,31.7,20.02328289,16.58813264,8.0,9.9,11.94911026,14.83420593,19.7,28.9,72.4,56.5,411.0,794.0,1670.0,2519.0,2568.0,3028.0,50.0,187.0,189.0,183.0,16833.0,45.0,290.0,271.0,265.0,-36.0,-32.0,-22.0,-120.0,16828.0,0.0,145.0,145.0,145.0,145.0,145.0,0.0,3.0,30.0,30.0,5.0,-103.0,-82.0,-82.0,-36.0,-29.0,8.0,-90.0,-33.0,-123.0,-82.0,-170.0,16795.0,16672.0,16590.0,16420.0,-2.0,9.0,-8.0,2.0,11.2,11.4,11.1,17.3,16.3,16.1,-1.9,-1.3,-7.3,0.2,1.8,1.8,-6.2,-4.9,-5.0,-1.7,0.5,-5.5,6.0,6.0,4.0,8685.0,8548.0,8639.0,8751.0,8565.0,8427.0,8538.0,8346.0,8449.0,8502.0,8608.0,8785.0,8566.0,8254.0,8153.0,8135.0,7897.0,7654.0,7402.0,7339.0,7138.0,6908.0,6903.0,6816.0,8283.0,8061.0,8117.0,8113.0,7881.0,7784.0,7913.0,7720.0,7877.0,7801.0,7921.0,8084.0,7913.0,7645.0,7646.0,7701.0,7547.0,7346.0,7100.0,7034.0,6694.0,6602.0,6656.0,6584.0,87.0,48299.0,0.0,6.0,402.0,487.0,522.0,638.0,684.0,643.0,625.0,626.0,572.0,701.0,687.0,701.0,653.0,609.0,507.0,434.0,350.0,308.0,302.0,305.0,444.0,306.0,247.0,232.0,4.6,5.7,6.0,7.3,8.0,7.6,7.3,7.5,6.8,8.2,8.0,8.0,7.6,7.4,6.2,5.3,4.4,4.0,4.1,4.2,6.2,4.4,3.6,3.4,4.0,8685.0,8548.0,8639.0,8751.0,8565.0,8427.0,8538.0,8346.0,8449.0,8502.0,8608.0,8785.0,8566.0,8254.0,8153.0,8135.0,7897.0,7654.0,7402.0,7339.0,7138.0,6908.0,6903.0,6816.0,8283.0,8061.0,8117.0,8113.0,7881.0,7784.0,7913.0,7720.0,7877.0,7801.0,7921.0,8084.0,7913.0,7645.0,7646.0,7701.0,7547.0,7346.0,7100.0,7034.0,6694.0,6602.0,6656.0,6584.0,87.0,48299.0,0.0,6.0,402.0,487.0,522.0,638.0,684.0,643.0,625.0,626.0,572.0,701.0,687.0,701.0,653.0,609.0,507.0,434.0,350.0,308.0,302.0,305.0,444.0,306.0,247.0,232.0,4.6,5.7,6.0,7.3,8.0,7.6,7.3,7.5,6.8,8.2,8.0,8.0,7.6,7.4,6.2,5.3,4.4,4.0,4.1,4.2,6.2,4.4,3.6,3.4,4.0
Dallas ,6.0,6.0,8.0,6.0,559.0,576.0,560.0,512.0,270.0,562.0,1305.0,2152.0,2465.0,2464.0,2801.0,2225.0,3992.0,3064.0,2603.0,1986.0,1057.0,505.0,4.6,8.8,5.1,9.4,11.7,16.1,19.83306115,29.50641444,38.7,41.1,50.82562148,48.38008263,40.8,33.2,19.17982217,10.98064797,8.8,9.6,10.16149519,11.13285497,22.2,33.8,68.0,48.1,302.0,598.0,749.0,963.0,1093.0,1357.0,15.0,72.0,57.0,57.0,6482.0,27.0,135.0,119.0,120.0,-23.0,-70.0,-49.0,54.0,6481.0,0.0,232.0,232.0,232.0,232.0,232.0,0.0,-1.0,-1.0,-1.0,-12.0,-63.0,-62.0,-63.0,-23.0,-71.0,-50.0,53.0,-37.0,-135.0,-113.0,-11.0,6444.0,6309.0,6196.0,6185.0,-2.0,-1.0,-1.0,-1.0,11.3,9.1,9.2,21.2,19.0,19.4,-11.0,-7.8,8.7,-0.2,-0.2,-0.2,-9.9,-9.9,-10.2,-11.1,-8.0,8.6,6.0,8.0,6.0,3864.0,3796.0,3837.0,3851.0,3788.0,3833.0,3898.0,3830.0,3857.0,3921.0,3602.0,3409.0,3303.0,3054.0,3001.0,2987.0,2987.0,2919.0,2829.0,2802.0,2771.0,2731.0,2696.0,2647.0,3653.0,3541.0,3532.0,3552.0,3511.0,3563.0,3640.0,3556.0,3581.0,3528.0,3187.0,3017.0,2951.0,2742.0,2737.0,2782.0,2842.0,2790.0,2711.0,2674.0,2619.0,2617.0,2591.0,2543.0,80.1,44476.0,0.0,8.0,211.0,255.0,305.0,299.0,277.0,270.0,258.0,274.0,276.0,393.0,415.0,392.0,352.0,312.0,264.0,205.0,145.0,129.0,118.0,128.0,152.0,114.0,105.0,104.0,5.5,6.7,7.9,7.8,7.3,7.0,6.6,7.2,7.2,10.0,11.5,11.5,10.7,10.2,8.8,6.9,4.9,4.4,4.2,4.6,5.5,4.2,3.9,3.9,6.0,3864.0,3796.0,3837.0,3851.0,3788.0,3833.0,3898.0,3830.0,3857.0,3921.0,3602.0,3409.0,3303.0,3054.0,3001.0,2987.0,2987.0,2919.0,2829.0,2802.0,2771.0,2731.0,2696.0,2647.0,3653.0,3541.0,3532.0,3552.0,3511.0,3563.0,3640.0,3556.0,3581.0,3528.0,3187.0,3017.0,2951.0,2742.0,2737.0,2782.0,2842.0,2790.0,2711.0,2674.0,2619.0,2617.0,2591.0,2543.0,80.1,44476.0,0.0,8.0,211.0,255.0,305.0,299.0,277.0,270.0,258.0,274.0,276.0,393.0,415.0,392.0,352.0,312.0,264.0,205.0,145.0,129.0,118.0,128.0,152.0,114.0,105.0,104.0,5.5,6.7,7.9,7.8,7.3,7.0,6.6,7.2,7.2,10.0,11.5,11.5,10.7,10.2,8.8,6.9,4.9,4.4,4.2,4.6,5.5,4.2,3.9,3.9,6.0
Desha ,6.0,6.0,9.0,9.0,1032.0,1060.0,1101.0,978.0,518.0,935.0,1904.0,3024.0,3027.0,3443.0,3423.0,3083.0,6532.0,5710.0,4326.0,3351.0,2094.0,1659.0,5.4,8.8,6.1,8.9,15.8,18.0,23.225058,23.7638278,30.4,36.0,39.7099768,41.09023057,43.5,35.0,24.29234339,22.11115554,10.4,11.1,12.77262181,13.03478609,20.0,28.5,68.5,53.8,582.0,950.0,1568.0,1720.0,2002.0,1783.0,27.0,115.0,111.0,113.0,11395.0,39.0,194.0,178.0,164.0,-58.0,-203.0,-235.0,-235.0,11398.0,0.0,42.0,42.0,42.0,42.0,42.0,1.0,12.0,6.0,9.0,-12.0,-79.0,-67.0,-51.0,-57.0,-191.0,-229.0,-226.0,-74.0,-276.0,-290.0,-279.0,11324.0,11048.0,10758.0,10479.0,-5.0,-6.0,6.0,-2.0,10.3,10.2,10.6,17.3,16.3,15.4,-18.1,-21.6,-22.1,1.1,0.6,0.8,-7.1,-6.1,-4.8,-17.1,-21.0,-21.3,6.0,9.0,6.0,6318.0,6245.0,6316.0,6208.0,6033.0,6036.0,6271.0,6099.0,5865.0,5568.0,5895.0,6132.0,5958.0,5682.0,5600.0,5579.0,5455.0,5446.0,5389.0,5360.0,5200.0,4876.0,4885.0,4888.0,5810.0,5720.0,5770.0,5664.0,5496.0,5510.0,5693.0,5487.0,5356.0,4946.0,5264.0,5481.0,5392.0,5147.0,5159.0,5178.0,5157.0,5183.0,5149.0,5125.0,4826.0,4584.0,4633.0,4663.0,74.3,41251.0,0.0,9.0,508.0,525.0,546.0,544.0,537.0,526.0,578.0,612.0,509.0,622.0,631.0,651.0,566.0,535.0,441.0,401.0,298.0,263.0,240.0,235.0,374.0,292.0,252.0,225.0,8.0,8.4,8.6,8.8,8.9,8.7,9.2,10.0,8.7,11.2,10.7,10.6,9.5,9.4,7.9,7.2,5.5,4.8,4.5,4.4,7.2,6.0,5.2,4.6,6.0,6318.0,6245.0,6316.0,6208.0,6033.0,6036.0,6271.0,6099.0,5865.0,5568.0,5895.0,6132.0,5958.0,5682.0,5600.0,5579.0,5455.0,5446.0,5389.0,5360.0,5200.0,4876.0,4885.0,4888.0,5810.0,5720.0,5770.0,5664.0,5496.0,5510.0,5693.0,5487.0,5356.0,4946.0,5264.0,5481.0,5392.0,5147.0,5159.0,5178.0,5157.0,5183.0,5149.0,5125.0,4826.0,4584.0,4633.0,4663.0,74.3,41251.0,0.0,9.0,508.0,525.0,546.0,544.0,537.0,526.0,578.0,612.0,509.0,622.0,631.0,651.0,566.0,535.0,441.0,401.0,298.0,263.0,240.0,235.0,374.0,292.0,252.0,225.0,8.0,8.4,8.6,8.8,8.9,8.7,9.2,10.0,8.7,11.2,10.7,10.6,9.5,9.4,7.9,7.2,5.5,4.8,4.5,4.4,7.2,6.0,5.2,4.6,6.0
Drew ,6.0,6.0,7.0,8.0,1443.0,1994.0,2451.0,2559.0,682.0,1272.0,1424.0,2784.0,3533.0,3966.0,4263.0,4213.0,5127.0,4791.0,3843.0,3113.0,2044.0,1411.0,8.7,12.8,7.8,10.6,15.2,21.5,25.74190266,25.3920496,34.0,34.3,36.14549771,38.41174325,36.9,26.9,17.33084619,12.8646973,13.9,17.3,20.78175343,23.33150985,18.2,28.1,65.4,48.4,609.0,1054.0,1586.0,2480.0,3036.0,2785.0,64.0,199.0,195.0,193.0,17350.0,65.0,268.0,233.0,226.0,-34.0,-186.0,-112.0,56.0,17345.0,4.0,615.0,589.0,588.0,590.0,616.0,0.0,-1.0,8.0,9.0,-1.0,-69.0,-38.0,-33.0,-34.0,-187.0,-104.0,65.0,-32.0,-256.0,-145.0,33.0,17313.0,17057.0,16912.0,16945.0,3.0,0.0,-3.0,1.0,11.6,11.5,11.4,15.6,13.7,13.4,-10.8,-6.6,3.3,-0.1,0.5,0.5,-4.0,-2.2,-1.9,-10.9,-6.1,3.8,6.0,7.0,6.0,8745.0,8475.0,8525.0,8582.0,8643.0,8604.0,8480.0,8390.0,8393.0,8186.0,8702.0,8754.0,8517.0,8340.0,8180.0,8115.0,8002.0,7961.0,7792.0,7763.0,7583.0,7395.0,7369.0,7369.0,8233.0,7768.0,7861.0,7917.0,7969.0,7871.0,7796.0,7757.0,7736.0,7296.0,7799.0,7800.0,7656.0,7556.0,7518.0,7568.0,7549.0,7554.0,7415.0,7366.0,7048.0,7018.0,7054.0,7063.0,87.6,48635.0,0.0,7.0,512.0,707.0,664.0,665.0,674.0,733.0,684.0,633.0,657.0,890.0,903.0,954.0,861.0,784.0,662.0,547.0,453.0,407.0,377.0,397.0,535.0,377.0,315.0,306.0,5.9,8.3,7.8,7.7,7.8,8.5,8.1,7.5,7.8,10.9,10.4,10.9,10.1,9.4,8.1,6.7,5.7,5.1,4.8,5.1,7.1,5.1,4.3,4.2,6.0,8745.0,8475.0,8525.0,8582.0,8643.0,8604.0,8480.0,8390.0,8393.0,8186.0,8702.0,8754.0,8517.0,8340.0,8180.0,8115.0,8002.0,7961.0,7792.0,7763.0,7583.0,7395.0,7369.0,7369.0,8233.0,7768.0,7861.0,7917.0,7969.0,7871.0,7796.0,7757.0,7736.0,7296.0,7799.0,7800.0,7656.0,7556.0,7518.0,7568.0,7549.0,7554.0,7415.0,7366.0,7048.0,7018.0,7054.0,7063.0,87.6,48635.0,0.0,7.0,512.0,707.0,664.0,665.0,674.0,733.0,684.0,633.0,657.0,890.0,903.0,954.0,861.0,784.0,662.0,547.0,453.0,407.0,377.0,397.0,535.0,377.0,315.0,306.0,5.9,8.3,7.8,7.7,7.8,8.5,8.1,7.5,7.8,10.9,10.4,10.9,10.1,9.4,8.1,6.7,5.7,5.1,4.8,5.1,7.1,5.1,4.3,4.2,6.0
Faulkner ,2.0,2.0,2.0,4.0,6235.0,12820.0,17837.0,26043.0,1662.0,3543.0,4477.0,8298.0,11278.0,15914.0,21721.0,23849.0,8131.0,9306.0,9615.0,8468.0,7628.0,4955.0,10.5,14.5,9.6,13.5,22.0,26.8,30.76053941,30.08667941,32.4,31.3,31.87280811,30.40025494,27.6,16.7,11.19312096,6.31612492,17.9,25.2,26.17353153,33.19694073,28.4,33.9,51.5,38.1,1511.0,3309.0,7666.0,13647.0,20963.0,23603.0,379.0,1434.0,1469.0,1468.0,123498.0,250.0,1212.0,1247.0,1117.0,153.0,1475.0,1616.0,1892.0,123493.0,0.0,4741.0,4950.0,5099.0,5105.0,4738.0,3.0,76.0,120.0,145.0,129.0,222.0,222.0,351.0,156.0,1551.0,1736.0,2037.0,327.0,1788.0,1957.0,2386.0,123820.0,125608.0,127565.0,129951.0,42.0,15.0,-1.0,-2.0,11.5,11.6,11.4,9.7,9.9,8.7,11.8,12.8,14.7,0.6,0.9,1.1,1.8,1.8,2.7,12.4,13.7,15.8,2.0,2.0,2.0,45490.0,46366.0,46898.0,48178.0,49940.0,51553.0,52839.0,54457.0,55531.0,56178.0,58662.0,59201.0,59986.0,59652.0,59498.0,60161.0,60654.0,61341.0,61614.0,62386.0,61106.0,61215.0,63082.0,64394.0,43862.0,44334.0,44565.0,45611.0,47504.0,49245.0,50487.0,52032.0,52914.0,52329.0,54585.0,55162.0,56177.0,55878.0,56270.0,57396.0,58345.0,59285.0,59635.0,60545.0,57714.0,59082.0,61301.0,62538.0,114.3,63429.0,1.0,2.0,1628.0,2032.0,2333.0,2567.0,2436.0,2308.0,2352.0,2425.0,2617.0,3849.0,4077.0,4039.0,3809.0,3774.0,3228.0,2765.0,2309.0,2056.0,1979.0,1841.0,3392.0,2133.0,1781.0,1856.0,3.6,4.4,5.0,5.3,4.9,4.5,4.5,4.5,4.7,6.9,6.9,6.8,6.3,6.3,5.4,4.6,3.8,3.4,3.2,3.0,5.6,3.5,2.8,2.9,2.0,45490.0,46366.0,46898.0,48178.0,49940.0,51553.0,52839.0,54457.0,55531.0,56178.0,58662.0,59201.0,59986.0,59652.0,59498.0,60161.0,60654.0,61341.0,61614.0,62386.0,61106.0,61215.0,63082.0,64394.0,43862.0,44334.0,44565.0,45611.0,47504.0,49245.0,50487.0,52032.0,52914.0,52329.0,54585.0,55162.0,56177.0,55878.0,56270.0,57396.0,58345.0,59285.0,59635.0,60545.0,57714.0,59082.0,61301.0,62538.0,114.3,63429.0,1.0,2.0,1628.0,2032.0,2333.0,2567.0,2436.0,2308.0,2352.0,2425.0,2617.0,3849.0,4077.0,4039.0,3809.0,3774.0,3228.0,2765.0,2309.0,2056.0,1979.0,1841.0,3392.0,2133.0,1781.0,1856.0,3.6,4.4,5.0,5.3,4.9,4.5,4.5,4.5,4.7,6.9,6.9,6.8,6.3,6.3,5.4,4.6,3.8,3.4,3.2,3.0,5.6,3.5,2.8,2.9,2.0
Franklin ,6.0,6.0,8.0,6.0,848.0,1285.0,1520.0,1592.0,279.0,542.0,1742.0,3086.0,3304.0,4121.0,4826.0,5061.0,4324.0,4313.0,3850.0,3369.0,2051.0,1564.0,4.2,6.1,4.6,10.0,17.0,24.7,31.10436495,32.06845238,34.3,35.4,39.59632425,41.84027778,39.9,28.9,16.82802757,12.92989418,8.8,11.0,12.47128323,13.16137566,26.2,35.0,65.0,48.9,305.0,887.0,1636.0,2879.0,3791.0,3879.0,47.0,187.0,189.0,188.0,17097.0,62.0,282.0,278.0,258.0,51.0,112.0,195.0,270.0,17103.0,0.0,277.0,277.0,277.0,277.0,277.0,0.0,1.0,0.0,0.0,-15.0,-95.0,-89.0,-70.0,51.0,113.0,195.0,270.0,36.0,27.0,104.0,198.0,17139.0,17166.0,17270.0,17468.0,0.0,9.0,-2.0,-2.0,10.9,11.0,10.8,16.4,16.1,14.9,6.5,11.3,15.5,0.1,0.0,0.0,-5.5,-5.2,-4.0,6.6,11.3,15.5,6.0,8.0,6.0,8076.0,8087.0,8113.0,8042.0,8186.0,8444.0,8466.0,8483.0,8458.0,8151.0,7796.0,7769.0,7703.0,7466.0,7343.0,7442.0,7378.0,7401.0,7334.0,7458.0,7361.0,7205.0,7361.0,7434.0,7807.0,7788.0,7729.0,7659.0,7800.0,8080.0,8097.0,8097.0,8085.0,7567.0,7216.0,7201.0,7178.0,6965.0,6936.0,7080.0,7079.0,7139.0,7075.0,7212.0,6938.0,6934.0,7122.0,7195.0,86.9,48248.0,0.0,8.0,269.0,299.0,384.0,383.0,386.0,364.0,369.0,386.0,373.0,584.0,580.0,568.0,525.0,501.0,407.0,362.0,299.0,262.0,259.0,246.0,423.0,271.0,239.0,239.0,3.3,3.7,4.7,4.8,4.7,4.3,4.4,4.6,4.4,7.2,7.4,7.3,6.8,6.7,5.5,4.9,4.1,3.5,3.5,3.3,5.7,3.8,3.2,3.2,6.0,8076.0,8087.0,8113.0,8042.0,8186.0,8444.0,8466.0,8483.0,8458.0,8151.0,7796.0,7769.0,7703.0,7466.0,7343.0,7442.0,7378.0,7401.0,7334.0,7458.0,7361.0,7205.0,7361.0,7434.0,7807.0,7788.0,7729.0,7659.0,7800.0,8080.0,8097.0,8097.0,8085.0,7567.0,7216.0,7201.0,7178.0,6965.0,6936.0,7080.0,7079.0,7139.0,7075.0,7212.0,6938.0,6934.0,7122.0,7195.0,86.9,48248.0,0.0,8.0,269.0,299.0,384.0,383.0,386.0,364.0,369.0,386.0,373.0,584.0,580.0,568.0,525.0,501.0,407.0,362.0,299.0,262.0,259.0,246.0,423.0,271.0,239.0,239.0,3.3,3.7,4.7,4.8,4.7,4.3,4.4,4.6,4.4,7.2,7.4,7.3,6.8,6.7,5.5,4.9,4.1,3.5,3.5,3.3,5.7,3.8,3.2,3.2,6.0
Fulton ,9.0,9.0,9.0,9.0,373.0,864.0,922.0,1408.0,173.0,347.0,910.0,2265.0,2532.0,3216.0,3932.0,3657.0,3521.0,3338.0,3142.0,2295.0,1519.0,1099.0,3.6,5.3,4.6,8.5,13.1,22.7,28.49769999,31.17463153,36.4,39.0,44.11533715,40.83296114,45.1,27.8,17.04252216,12.27110317,5.4,10.5,10.3444407,15.72130415,18.9,34.8,73.0,51.3,221.0,552.0,913.0,1868.0,2540.0,2792.0,26.0,118.0,118.0,117.0,12075.0,42.0,247.0,250.0,235.0,-7.0,223.0,328.0,184.0,12074.0,0.0,162.0,162.0,162.0,162.0,162.0,1.0,3.0,-1.0,-1.0,-16.0,-129.0,-132.0,-118.0,-6.0,226.0,327.0,183.0,-20.0,93.0,208.0,66.0,12054.0,12147.0,12355.0,12421.0,2.0,-4.0,13.0,1.0,9.8,9.6,9.4,20.4,20.4,19.0,18.4,26.8,14.9,0.2,-0.1,-0.1,-10.7,-10.8,-9.5,18.7,26.7,14.8,9.0,9.0,9.0,4971.0,4939.0,4871.0,5008.0,4984.0,5051.0,5057.0,5099.0,5178.0,5233.0,5167.0,5105.0,5130.0,4946.0,4823.0,4779.0,4675.0,4718.0,4789.0,4937.0,4843.0,4859.0,4948.0,4523.0,4780.0,4695.0,4540.0,4702.0,4687.0,4781.0,4798.0,4841.0,4910.0,4847.0,4778.0,4727.0,4775.0,4613.0,4549.0,4534.0,4472.0,4518.0,4599.0,4742.0,4589.0,4678.0,4785.0,4349.0,76.7,42588.0,0.0,9.0,191.0,244.0,331.0,306.0,297.0,270.0,259.0,258.0,268.0,386.0,389.0,378.0,355.0,333.0,274.0,245.0,203.0,200.0,190.0,195.0,254.0,181.0,163.0,174.0,3.8,4.9,6.8,6.1,6.0,5.3,5.1,5.1,5.2,7.4,7.5,7.4,6.9,6.7,5.7,5.1,4.3,4.2,4.0,3.9,5.2,3.7,3.3,3.8,9.0,4971.0,4939.0,4871.0,5008.0,4984.0,5051.0,5057.0,5099.0,5178.0,5233.0,5167.0,5105.0,5130.0,4946.0,4823.0,4779.0,4675.0,4718.0,4789.0,4937.0,4843.0,4859.0,4948.0,4523.0,4780.0,4695.0,4540.0,4702.0,4687.0,4781.0,4798.0,4841.0,4910.0,4847.0,4778.0,4727.0,4775.0,4613.0,4549.0,4534.0,4472.0,4518.0,4599.0,4742.0,4589.0,4678.0,4785.0,4349.0,76.7,42588.0,0.0,9.0,191.0,244.0,331.0,306.0,297.0,270.0,259.0,258.0,268.0,386.0,389.0,378.0,355.0,333.0,274.0,245.0,203.0,200.0,190.0,195.0,254.0,181.0,163.0,174.0,3.8,4.9,6.8,6.1,6.0,5.3,5.1,5.1,5.2,7.4,7.5,7.4,6.9,6.7,5.7,5.1,4.3,4.2,4.0,3.9,5.2,3.7,3.3,3.8,9.0
Garland ,3.0,2.0,3.0,4.0,7375.0,11263.0,13974.0,19140.0,2249.0,5245.0,9900.0,16188.0,16498.0,20538.0,22294.0,22533.0,18595.0,18584.0,15479.0,13609.0,9572.0,6640.0,6.7,11.3,8.9,13.6,24.2,27.6,33.07540696,33.7488344,31.8,32.8,32.54836119,30.89929241,29.8,21.7,13.97474268,9.105369974,14.2,18.0,20.40148916,26.24650321,29.3,35.0,55.1,40.1,3007.0,6276.0,12549.0,17284.0,22655.0,24611.0,230.0,956.0,969.0,970.0,100180.0,353.0,1690.0,1763.0,1535.0,204.0,806.0,372.0,295.0,100173.0,5.0,1650.0,1650.0,1652.0,1652.0,1650.0,2.0,40.0,55.0,74.0,-123.0,-734.0,-794.0,-565.0,206.0,846.0,427.0,369.0,85.0,135.0,-411.0,-198.0,100258.0,100393.0,99982.0,99784.0,2.0,23.0,-44.0,-2.0,9.5,9.7,9.7,16.8,17.6,15.4,8.0,3.7,3.0,0.4,0.5,0.7,-7.3,-7.9,-5.7,8.4,4.3,3.7,3.0,3.0,2.0,38473.0,38038.0,38595.0,39538.0,40679.0,41566.0,41728.0,42151.0,42236.0,42392.0,41504.0,41566.0,41366.0,41064.0,40645.0,40111.0,40152.0,40330.0,40542.0,41108.0,41027.0,41120.0,41483.0,41570.0,36850.0,36261.0,36390.0,37058.0,38211.0,39198.0,39522.0,39798.0,39876.0,39205.0,38130.0,38097.0,38227.0,38029.0,38129.0,37950.0,38421.0,38691.0,38924.0,39601.0,37708.0,39100.0,39936.0,40036.0,95.9,53239.0,1.0,3.0,1623.0,1777.0,2205.0,2480.0,2468.0,2368.0,2206.0,2353.0,2360.0,3187.0,3374.0,3469.0,3139.0,3035.0,2516.0,2161.0,1731.0,1639.0,1618.0,1507.0,3319.0,2020.0,1547.0,1534.0,4.2,4.7,5.7,6.3,6.1,5.7,5.3,5.6,5.6,7.5,8.1,8.3,7.6,7.4,6.2,5.4,4.3,4.1,4.0,3.7,8.1,4.9,3.7,3.7,2.0,38473.0,38038.0,38595.0,39538.0,40679.0,41566.0,41728.0,42151.0,42236.0,42392.0,41504.0,41566.0,41366.0,41064.0,40645.0,40111.0,40152.0,40330.0,40542.0,41108.0,41027.0,41120.0,41483.0,41570.0,36850.0,36261.0,36390.0,37058.0,38211.0,39198.0,39522.0,39798.0,39876.0,39205.0,38130.0,38097.0,38227.0,38029.0,38129.0,37950.0,38421.0,38691.0,38924.0,39601.0,37708.0,39100.0,39936.0,40036.0,95.9,53239.0,1.0,3.0,1623.0,1777.0,2205.0,2480.0,2468.0,2368.0,2206.0,2353.0,2360.0,3187.0,3374.0,3469.0,3139.0,3035.0,2516.0,2161.0,1731.0,1639.0,1618.0,1507.0,3319.0,2020.0,1547.0,1534.0,4.2,4.7,5.7,6.3,6.1,5.7,5.3,5.6,5.6,7.5,8.1,8.3,7.6,7.4,6.2,5.4,4.3,4.1,4.0,3.7,8.1,4.9,3.7,3.7,2.0
Grant ,2.0,2.0,2.0,4.0,836.0,1195.0,2054.0,2663.0,204.0,568.0,1437.0,2959.0,3798.0,4576.0,4925.0,5314.0,3651.0,3599.0,2800.0,2470.0,1915.0,1131.0,3.7,7.3,4.7,7.8,17.3,23.9,26.45940136,28.41311012,42.3,42.3,40.7226724,41.76687888,31.1,22.8,15.834298,8.889412874,9.3,11.0,16.98362825,20.93059813,25.9,38.3,65.7,46.6,261.0,604.0,1555.0,2583.0,3200.0,3615.0,46.0,205.0,183.0,184.0,17958.0,39.0,291.0,284.0,258.0,50.0,184.0,107.0,324.0,17960.0,0.0,152.0,152.0,152.0,152.0,152.0,0.0,2.0,7.0,7.0,7.0,-86.0,-101.0,-74.0,50.0,186.0,114.0,331.0,58.0,105.0,6.0,254.0,18018.0,18123.0,18129.0,18383.0,1.0,5.0,-7.0,-3.0,11.3,10.1,10.1,16.1,15.7,14.1,10.2,5.9,17.7,0.1,0.4,0.4,-4.8,-5.6,-4.1,10.3,6.3,18.1,2.0,2.0,2.0,8098.0,8183.0,8120.0,8167.0,8430.0,8585.0,8568.0,8471.0,8581.0,8485.0,8561.0,8522.0,8462.0,8322.0,8287.0,8293.0,8288.0,8323.0,8276.0,8354.0,8167.0,8172.0,8457.0,8608.0,7781.0,7772.0,7699.0,7720.0,7975.0,8165.0,8145.0,8045.0,8137.0,7889.0,7978.0,7922.0,7909.0,7791.0,7844.0,7921.0,7989.0,8053.0,8022.0,8092.0,7736.0,7908.0,8205.0,8362.0,114.4,63512.0,1.0,2.0,317.0,411.0,421.0,447.0,455.0,420.0,423.0,426.0,444.0,596.0,583.0,600.0,553.0,531.0,443.0,372.0,299.0,270.0,254.0,262.0,431.0,264.0,252.0,246.0,3.9,5.0,5.2,5.5,5.4,4.9,4.9,5.0,5.2,7.0,6.8,7.0,6.5,6.4,5.3,4.5,3.6,3.2,3.1,3.1,5.3,3.2,3.0,2.9,2.0,8098.0,8183.0,8120.0,8167.0,8430.0,8585.0,8568.0,8471.0,8581.0,8485.0,8561.0,8522.0,8462.0,8322.0,8287.0,8293.0,8288.0,8323.0,8276.0,8354.0,8167.0,8172.0,8457.0,8608.0,7781.0,7772.0,7699.0,7720.0,7975.0,8165.0,8145.0,8045.0,8137.0,7889.0,7978.0,7922.0,7909.0,7791.0,7844.0,7921.0,7989.0,8053.0,8022.0,8092.0,7736.0,7908.0,8205.0,8362.0,114.4,63512.0,1.0,2.0,317.0,411.0,421.0,447.0,455.0,420.0,423.0,426.0,444.0,596.0,583.0,600.0,553.0,531.0,443.0,372.0,299.0,270.0,254.0,262.0,431.0,264.0,252.0,246.0,3.9,5.0,5.2,5.5,5.4,4.9,4.9,5.0,5.2,7.0,6.8,7.0,6.5,6.4,5.3,4.5,3.6,3.2,3.1,3.1,5.3,3.2,3.0,2.9,2.0
Greene ,4.0,5.0,4.0,5.0,1886.0,2670.0,3481.0,5150.0,635.0,1359.0,2894.0,5598.0,7319.0,9940.0,12051.0,13303.0,10259.0,10228.0,8612.0,6848.0,4961.0,3936.0,4.4,7.3,4.3,7.2,14.1,20.6,26.403304,28.31620401,35.3,40.6,43.27886515,42.59277047,41.5,27.9,17.81648411,12.60205552,9.1,10.9,12.50134674,16.48897,20.1,30.2,71.2,55.2,612.0,1338.0,2926.0,5052.0,7352.0,8844.0,151.0,523.0,523.0,526.0,45736.0,115.0,609.0,622.0,562.0,82.0,559.0,185.0,361.0,45738.0,3.0,849.0,849.0,849.0,849.0,849.0,0.0,-3.0,4.0,6.0,36.0,-86.0,-99.0,-36.0,82.0,556.0,189.0,367.0,126.0,477.0,67.0,335.0,45864.0,46341.0,46408.0,46743.0,8.0,7.0,-23.0,4.0,11.3,11.3,11.3,13.2,13.4,12.1,12.1,4.0,7.8,-0.1,0.1,0.1,-1.9,-2.1,-0.8,12.1,4.1,7.9,4.0,4.0,5.0,18144.0,17507.0,17194.0,17255.0,17841.0,18603.0,18798.0,18430.0,18882.0,18683.0,19641.0,20021.0,20077.0,19525.0,19777.0,20036.0,19839.0,19718.0,19709.0,19882.0,19282.0,19102.0,19555.0,19693.0,17284.0,16311.0,16060.0,16120.0,16765.0,17516.0,17719.0,17212.0,17653.0,16830.0,17804.0,18169.0,18413.0,18024.0,18553.0,19012.0,18987.0,18987.0,19030.0,19200.0,18110.0,18432.0,18936.0,19041.0,98.1,54475.0,0.0,4.0,860.0,1196.0,1134.0,1135.0,1076.0,1087.0,1079.0,1218.0,1229.0,1853.0,1837.0,1852.0,1664.0,1501.0,1224.0,1024.0,852.0,731.0,679.0,682.0,1172.0,670.0,619.0,652.0,4.7,6.8,6.6,6.6,6.0,5.8,5.7,6.6,6.5,9.9,9.4,9.3,8.3,7.7,6.2,5.1,4.3,3.7,3.4,3.4,6.1,3.5,3.2,3.3,5.0,18144.0,17507.0,17194.0,17255.0,17841.0,18603.0,18798.0,18430.0,18882.0,18683.0,19641.0,20021.0,20077.0,19525.0,19777.0,20036.0,19839.0,19718.0,19709.0,19882.0,19282.0,19102.0,19555.0,19693.0,17284.0,16311.0,16060.0,16120.0,16765.0,17516.0,17719.0,17212.0,17653.0,16830.0,17804.0,18169.0,18413.0,18024.0,18553.0,19012.0,18987.0,18987.0,19030.0,19200.0,18110.0,18432.0,18936.0,19041.0,98.1,54475.0,0.0,4.0,860.0,1196.0,1134.0,1135.0,1076.0,1087.0,1079.0,1218.0,1229.0,1853.0,1837.0,1852.0,1664.0,1501.0,1224.0,1024.0,852.0,731.0,679.0,682.0,1172.0,670.0,619.0,652.0,4.7,6.8,6.6,6.6,6.0,5.8,5.7,6.6,6.5,9.9,9.4,9.3,8.3,7.7,6.2,5.1,4.3,3.7,3.4,3.4,6.1,3.5,3.2,3.3,5.0
Hempstead ,6.0,6.0,6.0,6.0,1288.0,1631.0,2182.0,1931.0,523.0,1254.0,3008.0,5492.0,5138.0,5699.0,5213.0,5225.0,7229.0,6244.0,5271.0,4584.0,3035.0,2192.0,4.6,8.8,5.8,9.0,15.7,19.9,28.64961007,29.34240363,37.0,38.3,35.6615132,39.49357521,38.0,30.8,20.76207416,16.56840514,9.3,11.0,14.92680257,14.59561602,26.3,38.5,63.3,43.8,664.0,1280.0,2184.0,2955.0,4188.0,3882.0,54.0,247.0,309.0,214.0,20065.0,61.0,292.0,289.0,281.0,-71.0,-277.0,-209.0,-91.0,20069.0,0.0,293.0,293.0,293.0,293.0,293.0,0.0,2.0,6.0,17.0,-7.0,-45.0,20.0,-67.0,-71.0,-275.0,-203.0,-74.0,-80.0,-322.0,-186.0,-138.0,19989.0,19667.0,19481.0,19343.0,-2.0,-2.0,-3.0,3.0,12.5,15.8,11.0,14.7,14.8,14.5,-14.0,-10.7,-4.7,0.1,0.3,0.9,-2.3,1.0,-3.5,-13.9,-10.4,-3.8,6.0,6.0,6.0,11081.0,10971.0,11244.0,11164.0,10855.0,10811.0,10944.0,10831.0,10597.0,10658.0,10693.0,11003.0,10925.0,10184.0,10056.0,9965.0,10019.0,9893.0,9882.0,9833.0,9458.0,9021.0,9259.0,9141.0,10580.0,10473.0,10734.0,10580.0,10223.0,10184.0,10344.0,10183.0,9988.0,9790.0,9740.0,10080.0,10162.0,9466.0,9473.0,9483.0,9643.0,9551.0,9540.0,9463.0,8956.0,8697.0,8965.0,8833.0,83.6,46423.0,0.0,6.0,501.0,498.0,510.0,584.0,632.0,627.0,600.0,648.0,609.0,868.0,953.0,923.0,763.0,718.0,583.0,482.0,376.0,342.0,342.0,370.0,502.0,324.0,294.0,308.0,4.5,4.5,4.5,5.2,5.8,5.8,5.5,6.0,5.7,8.1,8.9,8.4,7.0,7.1,5.8,4.8,3.8,3.5,3.5,3.8,5.3,3.6,3.2,3.4,6.0,11081.0,10971.0,11244.0,11164.0,10855.0,10811.0,10944.0,10831.0,10597.0,10658.0,10693.0,11003.0,10925.0,10184.0,10056.0,9965.0,10019.0,9893.0,9882.0,9833.0,9458.0,9021.0,9259.0,9141.0,10580.0,10473.0,10734.0,10580.0,10223.0,10184.0,10344.0,10183.0,9988.0,9790.0,9740.0,10080.0,10162.0,9466.0,9473.0,9483.0,9643.0,9551.0,9540.0,9463.0,8956.0,8697.0,8965.0,8833.0,83.6,46423.0,0.0,6.0,501.0,498.0,510.0,584.0,632.0,627.0,600.0,648.0,609.0,868.0,953.0,923.0,763.0,718.0,583.0,482.0,376.0,342.0,342.0,370.0,502.0,324.0,294.0,308.0,4.5,4.5,4.5,5.2,5.8,5.8,5.5,6.0,5.7,8.1,8.9,8.4,7.0,7.1,5.8,4.8,3.8,3.5,3.5,3.8,5.3,3.6,3.2,3.4,6.0
Hot Spring ,6.0,5.0,6.0,5.0,1549.0,2267.0,2892.0,3787.0,543.0,1330.0,3453.0,5925.0,6826.0,8036.0,9064.0,9841.0,7965.0,7492.0,6110.0,5419.0,3860.0,2544.0,4.3,8.2,5.2,9.5,15.8,22.4,29.94330262,32.59419807,39.7,39.7,40.14883062,41.01783928,35.5,26.7,17.09780298,10.60353451,9.0,11.2,12.81006378,15.78442814,27.4,36.4,63.1,46.0,652.0,1546.0,2714.0,4538.0,6760.0,7820.0,74.0,298.0,308.0,304.0,33040.0,101.0,552.0,529.0,475.0,52.0,245.0,292.0,279.0,33044.0,0.0,2353.0,2321.0,2414.0,2577.0,2357.0,0.0,4.0,-1.0,-1.0,-27.0,-254.0,-221.0,-171.0,52.0,249.0,291.0,278.0,31.0,4.0,70.0,109.0,33075.0,33079.0,33149.0,33258.0,6.0,9.0,0.0,2.0,9.0,9.3,9.2,16.7,16.0,14.3,7.4,8.8,8.4,0.1,0.0,0.0,-7.7,-6.7,-5.2,7.5,8.8,8.4,6.0,6.0,5.0,14296.0,14181.0,14188.0,14332.0,14637.0,15023.0,15388.0,15268.0,15014.0,15273.0,14225.0,14581.0,14600.0,14238.0,14124.0,14260.0,14139.0,14117.0,13870.0,13934.0,13869.0,13721.0,13683.0,13704.0,13699.0,13462.0,13294.0,13396.0,13762.0,14226.0,14582.0,14443.0,14033.0,13976.0,13051.0,13434.0,13592.0,13228.0,13327.0,13552.0,13582.0,13592.0,13353.0,13436.0,13049.0,13184.0,13216.0,13218.0,91.3,50654.0,0.0,6.0,597.0,719.0,894.0,936.0,875.0,797.0,806.0,825.0,981.0,1297.0,1174.0,1147.0,1008.0,1010.0,797.0,708.0,557.0,525.0,517.0,498.0,820.0,537.0,467.0,486.0,4.2,5.1,6.3,6.5,6.0,5.3,5.2,5.4,6.5,8.5,8.3,7.9,6.9,7.1,5.6,5.0,3.9,3.7,3.7,3.6,5.9,3.9,3.4,3.5,5.0,14296.0,14181.0,14188.0,14332.0,14637.0,15023.0,15388.0,15268.0,15014.0,15273.0,14225.0,14581.0,14600.0,14238.0,14124.0,14260.0,14139.0,14117.0,13870.0,13934.0,13869.0,13721.0,13683.0,13704.0,13699.0,13462.0,13294.0,13396.0,13762.0,14226.0,14582.0,14443.0,14033.0,13976.0,13051.0,13434.0,13592.0,13228.0,13327.0,13552.0,13582.0,13592.0,13353.0,13436.0,13049.0,13184.0,13216.0,13218.0,91.3,50654.0,0.0,6.0,597.0,719.0,894.0,936.0,875.0,797.0,806.0,825.0,981.0,1297.0,1174.0,1147.0,1008.0,1010.0,797.0,708.0,557.0,525.0,517.0,498.0,820.0,537.0,467.0,486.0,4.2,5.1,6.3,6.5,6.0,5.3,5.2,5.4,6.5,8.5,8.3,7.9,6.9,7.1,5.6,5.0,3.9,3.7,3.7,3.6,5.9,3.9,3.4,3.5,5.0
Howard ,6.0,6.0,8.0,6.0,707.0,1078.0,1016.0,1403.0,326.0,580.0,1667.0,2700.0,3278.0,3510.0,3567.0,3679.0,4556.0,4235.0,3271.0,2713.0,2164.0,893.0,4.7,7.1,5.8,7.9,15.3,21.2,25.17467007,28.97051831,38.3,37.9,39.55861151,43.73514028,38.2,29.3,23.99911279,10.61578697,8.3,11.6,11.26760563,16.67855445,24.0,33.1,65.6,51.9,401.0,642.0,1311.0,1970.0,2270.0,2437.0,30.0,159.0,202.0,139.0,12785.0,38.0,190.0,182.0,175.0,-22.0,-40.0,-95.0,-58.0,12786.0,3.0,172.0,172.0,172.0,172.0,172.0,0.0,2.0,2.0,4.0,-8.0,-31.0,20.0,-36.0,-22.0,-38.0,-93.0,-54.0,-29.0,-62.0,-73.0,-89.0,12757.0,12695.0,12622.0,12533.0,1.0,7.0,0.0,1.0,12.5,16.0,11.1,14.9,14.4,13.9,-3.1,-7.5,-4.6,0.2,0.2,0.3,-2.4,1.6,-2.9,-3.0,-7.3,-4.3,6.0,8.0,6.0,6636.0,6444.0,6590.0,6584.0,6375.0,6197.0,6421.0,6365.0,6298.0,6201.0,6575.0,6746.0,6496.0,6295.0,6254.0,6110.0,5989.0,5987.0,5865.0,5639.0,5456.0,5402.0,5334.0,5246.0,6357.0,6113.0,6238.0,6195.0,5998.0,5851.0,6070.0,6013.0,5952.0,5710.0,6086.0,6265.0,6080.0,5903.0,5900.0,5856.0,5793.0,5805.0,5666.0,5458.0,5176.0,5222.0,5161.0,5065.0,83.7,46449.0,0.0,8.0,279.0,331.0,352.0,389.0,377.0,346.0,351.0,352.0,346.0,491.0,489.0,481.0,416.0,392.0,354.0,254.0,196.0,182.0,199.0,181.0,280.0,180.0,173.0,181.0,4.2,5.1,5.3,5.9,5.9,5.6,5.5,5.5,5.5,7.9,7.4,7.1,6.4,6.2,5.7,4.2,3.3,3.0,3.4,3.2,5.1,3.3,3.2,3.5,6.0,6636.0,6444.0,6590.0,6584.0,6375.0,6197.0,6421.0,6365.0,6298.0,6201.0,6575.0,6746.0,6496.0,6295.0,6254.0,6110.0,5989.0,5987.0,5865.0,5639.0,5456.0,5402.0,5334.0,5246.0,6357.0,6113.0,6238.0,6195.0,5998.0,5851.0,6070.0,6013.0,5952.0,5710.0,6086.0,6265.0,6080.0,5903.0,5900.0,5856.0,5793.0,5805.0,5666.0,5458.0,5176.0,5222.0,5161.0,5065.0,83.7,46449.0,0.0,8.0,279.0,331.0,352.0,389.0,377.0,346.0,351.0,352.0,346.0,491.0,489.0,481.0,416.0,392.0,354.0,254.0,196.0,182.0,199.0,181.0,280.0,180.0,173.0,181.0,4.2,5.1,5.3,5.9,5.9,5.6,5.5,5.5,5.5,7.9,7.4,7.1,6.4,6.2,5.7,4.2,3.3,3.0,3.4,3.2,5.1,3.3,3.2,3.5,6.0
Independence ,7.0,8.0,7.0,7.0,2078.0,3118.0,3264.0,4279.0,620.0,1480.0,3291.0,5979.0,7116.0,9021.0,9707.0,9995.0,8823.0,9016.0,7416.0,5562.0,4517.0,3172.0,4.6,8.2,6.3,9.0,17.5,22.0,28.94811685,31.21476166,35.4,39.7,39.43850811,39.40779876,36.9,24.5,18.35209036,12.50640697,10.3,13.7,13.26128469,16.87103261,24.2,33.0,64.9,49.8,863.0,1632.0,3513.0,5004.0,7125.0,7917.0,109.0,438.0,471.0,474.0,37938.0,103.0,553.0,544.0,487.0,-9.0,270.0,243.0,78.0,37931.0,3.0,850.0,1226.0,1183.0,1183.0,850.0,0.0,2.0,1.0,2.0,6.0,-115.0,-73.0,-13.0,-9.0,272.0,244.0,80.0,9.0,160.0,154.0,66.0,37940.0,38100.0,38254.0,38320.0,12.0,3.0,-17.0,-1.0,11.5,12.3,12.4,14.5,14.2,12.7,7.1,6.4,2.0,0.1,0.0,0.1,-3.0,-1.9,-0.3,7.2,6.4,2.1,7.0,7.0,8.0,16720.0,17028.0,16982.0,17149.0,17412.0,17699.0,17420.0,17161.0,16900.0,16805.0,17042.0,16639.0,16133.0,15889.0,15590.0,15733.0,16039.0,16140.0,16188.0,16433.0,16445.0,16182.0,16433.0,16834.0,15922.0,16119.0,16034.0,16068.0,16330.0,16615.0,16451.0,16086.0,15728.0,15349.0,15596.0,15154.0,14708.0,14492.0,14403.0,14731.0,15243.0,15451.0,15538.0,15787.0,15479.0,15545.0,15897.0,16260.0,103.8,57611.0,0.0,7.0,798.0,909.0,948.0,1081.0,1082.0,1084.0,969.0,1075.0,1172.0,1456.0,1446.0,1485.0,1425.0,1397.0,1187.0,1002.0,796.0,689.0,650.0,646.0,966.0,637.0,536.0,574.0,4.8,5.3,5.6,6.3,6.2,6.1,5.6,6.3,6.9,8.7,8.5,8.9,8.8,8.8,7.6,6.4,5.0,4.3,4.0,3.9,5.9,3.9,3.3,3.4,8.0,16720.0,17028.0,16982.0,17149.0,17412.0,17699.0,17420.0,17161.0,16900.0,16805.0,17042.0,16639.0,16133.0,15889.0,15590.0,15733.0,16039.0,16140.0,16188.0,16433.0,16445.0,16182.0,16433.0,16834.0,15922.0,16119.0,16034.0,16068.0,16330.0,16615.0,16451.0,16086.0,15728.0,15349.0,15596.0,15154.0,14708.0,14492.0,14403.0,14731.0,15243.0,15451.0,15538.0,15787.0,15479.0,15545.0,15897.0,16260.0,103.8,57611.0,0.0,7.0,798.0,909.0,948.0,1081.0,1082.0,1084.0,969.0,1075.0,1172.0,1456.0,1446.0,1485.0,1425.0,1397.0,1187.0,1002.0,796.0,689.0,650.0,646.0,966.0,637.0,536.0,574.0,4.8,5.3,5.6,6.3,6.2,6.1,5.6,6.3,6.9,8.7,8.5,8.9,8.8,8.8,7.6,6.4,5.0,4.3,4.0,3.9,5.9,3.9,3.3,3.4,8.0
Izard ,9.0,10.0,9.0,9.0,771.0,1112.0,1162.0,1967.0,158.0,646.0,959.0,2450.0,2920.0,3477.0,4045.0,3747.0,3470.0,3661.0,3180.0,2540.0,1994.0,1601.0,3.3,8.6,3.8,9.8,16.0,25.1,29.1519087,30.41948064,35.7,36.5,39.79732389,35.64158661,38.9,26.7,19.61826053,15.22876439,9.4,11.7,11.43250689,18.71016836,20.1,32.7,72.8,48.9,179.0,734.0,1309.0,2395.0,2963.0,3198.0,33.0,103.0,114.0,113.0,13577.0,48.0,260.0,259.0,238.0,43.0,500.0,253.0,266.0,13578.0,4.0,1125.0,1176.0,1162.0,1210.0,1125.0,0.0,-1.0,-2.0,-2.0,-15.0,-157.0,-145.0,-125.0,43.0,499.0,251.0,264.0,24.0,319.0,108.0,140.0,13602.0,13921.0,14029.0,14169.0,-4.0,-23.0,2.0,1.0,7.5,8.2,8.0,18.9,18.5,16.9,36.3,18.1,18.9,-0.1,-0.1,-0.1,-11.4,-10.4,-8.9,36.3,18.0,18.7,9.0,9.0,10.0,5225.0,5085.0,5211.0,5248.0,5213.0,5207.0,5342.0,5372.0,5405.0,5326.0,5132.0,5203.0,5186.0,5029.0,4952.0,4999.0,4976.0,4880.0,4840.0,4863.0,4576.0,4364.0,4437.0,4476.0,4984.0,4796.0,4840.0,4843.0,4858.0,4872.0,5008.0,5051.0,5045.0,4844.0,4634.0,4710.0,4748.0,4606.0,4587.0,4673.0,4696.0,4609.0,4577.0,4601.0,4182.0,4126.0,4214.0,4248.0,79.1,43920.0,0.0,9.0,241.0,289.0,371.0,405.0,355.0,335.0,334.0,321.0,360.0,482.0,498.0,493.0,438.0,423.0,365.0,326.0,280.0,271.0,263.0,262.0,394.0,238.0,223.0,228.0,4.6,5.7,7.1,7.7,6.8,6.4,6.3,6.0,6.7,9.0,9.7,9.5,8.4,8.4,7.4,6.5,5.6,5.6,5.4,5.4,8.6,5.5,5.0,5.1,10.0,5225.0,5085.0,5211.0,5248.0,5213.0,5207.0,5342.0,5372.0,5405.0,5326.0,5132.0,5203.0,5186.0,5029.0,4952.0,4999.0,4976.0,4880.0,4840.0,4863.0,4576.0,4364.0,4437.0,4476.0,4984.0,4796.0,4840.0,4843.0,4858.0,4872.0,5008.0,5051.0,5045.0,4844.0,4634.0,4710.0,4748.0,4606.0,4587.0,4673.0,4696.0,4609.0,4577.0,4601.0,4182.0,4126.0,4214.0,4248.0,79.1,43920.0,0.0,9.0,241.0,289.0,371.0,405.0,355.0,335.0,334.0,321.0,360.0,482.0,498.0,493.0,438.0,423.0,365.0,326.0,280.0,271.0,263.0,262.0,394.0,238.0,223.0,228.0,4.6,5.7,7.1,7.7,6.8,6.4,6.3,6.0,6.7,9.0,9.7,9.5,8.4,8.4,7.4,6.5,5.6,5.6,5.4,5.4,8.6,5.5,5.0,5.1,10.0
Jackson ,6.0,6.0,6.0,6.0,842.0,1258.0,1195.0,1587.0,495.0,1040.0,2273.0,3436.0,4191.0,4679.0,5517.0,5141.0,8274.0,7624.0,6117.0,4144.0,3118.0,1943.0,4.3,8.0,4.4,6.7,11.9,17.4,22.00269777,27.57266956,33.1,38.3,43.7752916,42.94186435,48.4,34.0,24.74014124,16.22953558,6.7,10.3,9.481869396,13.2559305,19.7,26.5,71.6,58.8,510.0,871.0,1501.0,2123.0,2773.0,3301.0,41.0,149.0,154.0,157.0,16755.0,56.0,290.0,257.0,252.0,6.0,159.0,-20.0,217.0,16765.0,4.0,2350.0,2361.0,2377.0,2498.0,2350.0,0.0,0.0,6.0,7.0,-15.0,-141.0,-103.0,-95.0,6.0,159.0,-14.0,224.0,-4.0,20.0,-127.0,130.0,16761.0,16781.0,16654.0,16784.0,5.0,2.0,-10.0,1.0,8.9,9.2,9.4,17.3,15.4,15.1,9.5,-1.2,13.0,0.0,0.4,0.4,-8.4,-6.2,-5.7,9.5,-0.8,13.4,6.0,6.0,6.0,7703.0,7701.0,7791.0,7841.0,7808.0,7728.0,7819.0,7787.0,7826.0,7609.0,6719.0,6674.0,6492.0,6309.0,6231.0,6212.0,6068.0,5880.0,5744.0,5761.0,5751.0,5512.0,5435.0,5385.0,7130.0,7137.0,7197.0,7152.0,7142.0,7082.0,7209.0,7192.0,7224.0,6787.0,5950.0,5931.0,5819.0,5638.0,5669.0,5750.0,5689.0,5533.0,5399.0,5391.0,5328.0,5217.0,5173.0,5110.0,78.5,43579.0,0.0,6.0,573.0,564.0,594.0,689.0,666.0,646.0,610.0,595.0,602.0,822.0,769.0,743.0,673.0,671.0,562.0,462.0,379.0,347.0,345.0,370.0,423.0,295.0,262.0,275.0,7.4,7.3,7.6,8.8,8.5,8.4,7.8,7.6,7.7,10.8,11.4,11.1,10.4,10.6,9.0,7.4,6.2,5.9,6.0,6.4,7.4,5.4,4.8,5.1,6.0,7703.0,7701.0,7791.0,7841.0,7808.0,7728.0,7819.0,7787.0,7826.0,7609.0,6719.0,6674.0,6492.0,6309.0,6231.0,6212.0,6068.0,5880.0,5744.0,5761.0,5751.0,5512.0,5435.0,5385.0,7130.0,7137.0,7197.0,7152.0,7142.0,7082.0,7209.0,7192.0,7224.0,6787.0,5950.0,5931.0,5819.0,5638.0,5669.0,5750.0,5689.0,5533.0,5399.0,5391.0,5328.0,5217.0,5173.0,5110.0,78.5,43579.0,0.0,6.0,573.0,564.0,594.0,689.0,666.0,646.0,610.0,595.0,602.0,822.0,769.0,743.0,673.0,671.0,562.0,462.0,379.0,347.0,345.0,370.0,423.0,295.0,262.0,275.0,7.4,7.3,7.6,8.8,8.5,8.4,7.8,7.6,7.7,10.8,11.4,11.1,10.4,10.6,9.0,7.4,6.2,5.9,6.0,6.4,7.4,5.4,4.8,5.1,6.0
Jefferson ,3.0,2.0,4.0,5.0,7560.0,8333.0,8852.0,9278.0,3279.0,5994.0,12191.0,17133.0,17284.0,18500.0,18647.0,18473.0,24161.0,21300.0,17637.0,13377.0,8610.0,5139.0,7.6,11.9,8.0,11.6,17.9,24.3,28.04678782,26.82818305,33.4,34.8,37.15726128,41.09768849,34.1,25.2,17.15686275,11.43295735,14.6,15.7,17.63908816,20.64117111,28.3,34.1,56.1,42.4,3469.0,5802.0,9260.0,12922.0,14075.0,12059.0,198.0,757.0,707.0,723.0,67260.0,257.0,1044.0,997.0,916.0,-339.0,-915.0,-1133.0,-524.0,67258.0,4.0,5584.0,5405.0,5437.0,5488.0,5589.0,2.0,24.0,54.0,83.0,-59.0,-287.0,-290.0,-193.0,-337.0,-891.0,-1079.0,-441.0,-428.0,-1193.0,-1342.0,-634.0,66830.0,65637.0,64295.0,63661.0,-32.0,-15.0,27.0,0.0,11.4,10.9,11.3,15.8,15.3,14.3,-13.8,-17.4,-8.2,0.4,0.8,1.3,-4.3,-4.5,-3.0,-13.5,-16.6,-6.9,3.0,4.0,2.0,35952.0,35731.0,35784.0,36008.0,36537.0,36714.0,35975.0,35111.0,34882.0,35472.0,33924.0,33538.0,32576.0,31183.0,29713.0,28882.0,28373.0,27995.0,27851.0,27415.0,26872.0,25836.0,25461.0,25365.0,33898.0,33348.0,33076.0,33192.0,33720.0,33914.0,33116.0,32441.0,32236.0,32033.0,30505.0,29954.0,29435.0,28041.0,27170.0,26872.0,26779.0,26535.0,26407.0,25938.0,24662.0,24153.0,24176.0,24195.0,82.7,45894.0,0.0,4.0,2054.0,2383.0,2708.0,2816.0,2817.0,2800.0,2859.0,2670.0,2646.0,3439.0,3419.0,3584.0,3141.0,3142.0,2543.0,2010.0,1594.0,1460.0,1444.0,1477.0,2210.0,1683.0,1285.0,1170.0,5.7,6.7,7.6,7.8,7.7,7.6,7.9,7.6,7.6,9.7,10.1,10.7,9.6,10.1,8.6,7.0,5.6,5.2,5.2,5.4,8.2,6.5,5.0,4.6,2.0,35952.0,35731.0,35784.0,36008.0,36537.0,36714.0,35975.0,35111.0,34882.0,35472.0,33924.0,33538.0,32576.0,31183.0,29713.0,28882.0,28373.0,27995.0,27851.0,27415.0,26872.0,25836.0,25461.0,25365.0,33898.0,33348.0,33076.0,33192.0,33720.0,33914.0,33116.0,32441.0,32236.0,32033.0,30505.0,29954.0,29435.0,28041.0,27170.0,26872.0,26779.0,26535.0,26407.0,25938.0,24662.0,24153.0,24176.0,24195.0,82.7,45894.0,0.0,4.0,2054.0,2383.0,2708.0,2816.0,2817.0,2800.0,2859.0,2670.0,2646.0,3439.0,3419.0,3584.0,3141.0,3142.0,2543.0,2010.0,1594.0,1460.0,1444.0,1477.0,2210.0,1683.0,1285.0,1170.0,5.7,6.7,7.6,7.8,7.7,7.6,7.9,7.6,7.6,9.7,10.1,10.7,9.6,10.1,8.6,7.0,5.6,5.2,5.2,5.4,8.2,6.5,5.0,4.6,2.0
Johnson ,7.0,9.0,7.0,8.0,1409.0,1957.0,2581.0,3131.0,436.0,932.0,1656.0,3089.0,4039.0,5463.0,6658.0,7134.0,5539.0,5568.0,4313.0,4824.0,3723.0,2788.0,5.3,8.7,7.7,10.1,17.0,17.8,21.38048159,24.63625866,34.3,36.7,40.38333232,41.18937644,36.7,32.4,22.58142779,16.09699769,12.0,13.1,15.65475829,18.07736721,20.0,29.0,67.0,52.2,633.0,1077.0,2006.0,2657.0,3525.0,4267.0,76.0,294.0,298.0,296.0,25749.0,71.0,340.0,357.0,334.0,-33.0,261.0,70.0,177.0,25749.0,3.0,454.0,516.0,541.0,541.0,454.0,0.0,11.0,18.0,20.0,5.0,-46.0,-59.0,-38.0,-33.0,272.0,88.0,197.0,-25.0,233.0,13.0,159.0,25724.0,25957.0,25970.0,26129.0,3.0,7.0,-16.0,0.0,11.4,11.5,11.4,13.2,13.8,12.8,10.1,2.7,6.8,0.4,0.7,0.8,-1.8,-2.3,-1.5,10.5,3.4,7.6,7.0,7.0,9.0,10203.0,10150.0,10530.0,10741.0,10843.0,10892.0,11029.0,11287.0,11483.0,11517.0,10972.0,11107.0,10879.0,10631.0,10380.0,10446.0,10551.0,10575.0,10328.0,10185.0,9965.0,9694.0,9966.0,9849.0,9781.0,9681.0,10016.0,10167.0,10268.0,10358.0,10456.0,10735.0,10945.0,10700.0,10103.0,10274.0,10111.0,9839.0,9716.0,9854.0,10049.0,10120.0,9862.0,9726.0,9323.0,9230.0,9565.0,9419.0,84.1,46660.0,0.0,7.0,422.0,469.0,514.0,574.0,575.0,534.0,573.0,552.0,538.0,817.0,869.0,833.0,768.0,792.0,664.0,592.0,502.0,455.0,466.0,459.0,642.0,464.0,401.0,430.0,4.1,4.6,4.9,5.3,5.3,4.9,5.2,4.9,4.7,7.1,7.9,7.5,7.1,7.4,6.4,5.7,4.8,4.3,4.5,4.5,6.4,4.8,4.0,4.4,9.0,10203.0,10150.0,10530.0,10741.0,10843.0,10892.0,11029.0,11287.0,11483.0,11517.0,10972.0,11107.0,10879.0,10631.0,10380.0,10446.0,10551.0,10575.0,10328.0,10185.0,9965.0,9694.0,9966.0,9849.0,9781.0,9681.0,10016.0,10167.0,10268.0,10358.0,10456.0,10735.0,10945.0,10700.0,10103.0,10274.0,10111.0,9839.0,9716.0,9854.0,10049.0,10120.0,9862.0,9726.0,9323.0,9230.0,9565.0,9419.0,84.1,46660.0,0.0,7.0,422.0,469.0,514.0,574.0,575.0,534.0,573.0,552.0,538.0,817.0,869.0,833.0,768.0,792.0,664.0,592.0,502.0,455.0,466.0,459.0,642.0,464.0,401.0,430.0,4.1,4.6,4.9,5.3,5.3,4.9,5.2,4.9,4.7,7.1,7.9,7.5,7.1,7.4,6.4,5.7,4.8,4.3,4.5,4.5,6.4,4.8,4.0,4.4,9.0
Lafayette ,8.0,7.0,8.0,6.0,420.0,543.0,618.0,414.0,205.0,341.0,1243.0,1745.0,1882.0,2048.0,2242.0,2117.0,3769.0,3537.0,2953.0,1976.0,1240.0,826.0,3.7,5.7,5.3,6.5,13.8,19.8,20.51182629,25.31701891,30.9,36.0,43.46645987,47.09677419,48.4,34.7,24.04032571,18.3759733,6.9,9.5,11.98138813,9.210233593,22.6,29.0,68.4,58.8,293.0,388.0,843.0,1125.0,1058.0,1138.0,14.0,66.0,68.0,42.0,6308.0,25.0,120.0,106.0,106.0,-1.0,-88.0,-6.0,3.0,6305.0,0.0,59.0,59.0,59.0,59.0,59.0,0.0,7.0,18.0,28.0,-11.0,-54.0,-38.0,-64.0,-1.0,-81.0,12.0,31.0,-12.0,-134.0,-30.0,-34.0,6293.0,6159.0,6129.0,6095.0,0.0,1.0,-4.0,-1.0,10.6,11.1,6.9,19.3,17.3,17.3,-14.1,-1.0,0.5,1.1,2.9,4.6,-8.7,-6.2,-10.5,-13.0,2.0,5.1,8.0,8.0,7.0,3455.0,3447.0,3472.0,3398.0,3297.0,3191.0,3115.0,3101.0,3030.0,2978.0,3073.0,3017.0,2925.0,2790.0,2711.0,2658.0,2586.0,2538.0,2474.0,2436.0,2378.0,2289.0,2289.0,2201.0,3253.0,3275.0,3299.0,3200.0,3065.0,2952.0,2893.0,2866.0,2818.0,2698.0,2785.0,2742.0,2662.0,2531.0,2507.0,2461.0,2435.0,2410.0,2348.0,2325.0,2192.0,2156.0,2183.0,2094.0,76.5,42437.0,0.0,8.0,202.0,172.0,173.0,198.0,232.0,239.0,222.0,235.0,212.0,280.0,288.0,275.0,263.0,259.0,204.0,197.0,151.0,128.0,126.0,111.0,186.0,133.0,106.0,107.0,5.8,5.0,5.0,5.8,7.0,7.5,7.1,7.6,7.0,9.4,9.4,9.1,9.0,9.3,7.5,7.4,5.8,5.0,5.1,4.6,7.8,5.8,4.6,4.9,7.0,3455.0,3447.0,3472.0,3398.0,3297.0,3191.0,3115.0,3101.0,3030.0,2978.0,3073.0,3017.0,2925.0,2790.0,2711.0,2658.0,2586.0,2538.0,2474.0,2436.0,2378.0,2289.0,2289.0,2201.0,3253.0,3275.0,3299.0,3200.0,3065.0,2952.0,2893.0,2866.0,2818.0,2698.0,2785.0,2742.0,2662.0,2531.0,2507.0,2461.0,2435.0,2410.0,2348.0,2325.0,2192.0,2156.0,2183.0,2094.0,76.5,42437.0,0.0,8.0,202.0,172.0,173.0,198.0,232.0,239.0,222.0,235.0,212.0,280.0,288.0,275.0,263.0,259.0,204.0,197.0,151.0,128.0,126.0,111.0,186.0,133.0,106.0,107.0,5.8,5.0,5.0,5.8,7.0,7.5,7.1,7.6,7.0,9.4,9.4,9.1,9.0,9.3,7.5,7.4,5.8,5.0,5.1,4.6,7.8,5.8,4.6,4.9,7.0
Lawrence ,6.0,6.0,6.0,6.0,698.0,1004.0,1073.0,1534.0,406.0,618.0,1845.0,3233.0,4045.0,4342.0,5073.0,4016.0,6811.0,6645.0,5356.0,4345.0,2765.0,1925.0,4.3,5.5,4.0,6.8,12.0,18.0,24.02591866,31.5977306,35.3,36.7,43.25176912,36.74963397,46.7,36.7,23.57404723,17.61530015,6.1,8.5,9.148264984,14.03733529,19.5,28.7,72.1,59.0,380.0,760.0,1371.0,2133.0,2818.0,3453.0,38.0,174.0,198.0,192.0,16216.0,62.0,259.0,254.0,239.0,19.0,193.0,-77.0,164.0,16221.0,0.0,601.0,595.0,548.0,549.0,601.0,0.0,3.0,8.0,9.0,-24.0,-85.0,-56.0,-47.0,19.0,196.0,-69.0,173.0,-3.0,111.0,-135.0,124.0,16218.0,16329.0,16194.0,16318.0,2.0,0.0,-10.0,-2.0,10.7,12.2,11.8,15.9,15.6,14.7,11.9,-4.7,10.1,0.2,0.5,0.6,-5.2,-3.4,-2.9,12.0,-4.2,10.6,6.0,6.0,6.0,7870.0,7816.0,7902.0,7781.0,7558.0,7451.0,7379.0,7303.0,7213.0,7289.0,7433.0,7474.0,7300.0,7188.0,7129.0,7075.0,6929.0,6856.0,6780.0,6779.0,6690.0,6637.0,6757.0,6764.0,7457.0,7314.0,7360.0,7133.0,6961.0,6892.0,6873.0,6795.0,6704.0,6628.0,6752.0,6772.0,6664.0,6567.0,6625.0,6655.0,6628.0,6596.0,6516.0,6503.0,6270.0,6351.0,6522.0,6537.0,85.2,47312.0,0.0,6.0,413.0,502.0,542.0,648.0,597.0,559.0,506.0,508.0,509.0,661.0,681.0,702.0,636.0,621.0,504.0,420.0,301.0,260.0,264.0,276.0,420.0,286.0,235.0,227.0,5.2,6.4,6.9,8.3,7.9,7.5,6.9,7.0,7.1,9.1,9.2,9.4,8.7,8.6,7.1,5.9,4.3,3.8,3.9,4.1,6.3,4.3,3.5,3.4,6.0,7870.0,7816.0,7902.0,7781.0,7558.0,7451.0,7379.0,7303.0,7213.0,7289.0,7433.0,7474.0,7300.0,7188.0,7129.0,7075.0,6929.0,6856.0,6780.0,6779.0,6690.0,6637.0,6757.0,6764.0,7457.0,7314.0,7360.0,7133.0,6961.0,6892.0,6873.0,6795.0,6704.0,6628.0,6752.0,6772.0,6664.0,6567.0,6625.0,6655.0,6628.0,6596.0,6516.0,6503.0,6270.0,6351.0,6522.0,6537.0,85.2,47312.0,0.0,6.0,413.0,502.0,542.0,648.0,597.0,559.0,506.0,508.0,509.0,661.0,681.0,702.0,636.0,621.0,504.0,420.0,301.0,260.0,264.0,276.0,420.0,286.0,235.0,227.0,5.2,6.4,6.9,8.3,7.9,7.5,6.9,7.0,7.1,9.1,9.2,9.4,8.7,8.6,7.1,5.9,4.3,3.8,3.9,4.1,6.3,4.3,3.5,3.4,6.0
Lee ,7.0,9.0,8.0,3.0,564.0,577.0,456.0,415.0,411.0,584.0,1067.0,1463.0,1710.0,2346.0,2976.0,2885.0,7120.0,5613.0,4258.0,3469.0,2070.0,1053.0,4.6,7.1,3.8,7.1,14.3,19.3,22.49612621,27.99007444,22.4,29.6,41.92139738,47.72539289,55.8,43.8,29.15903648,17.41935484,7.4,7.3,6.423439921,6.865177833,11.9,17.7,79.7,68.1,337.0,583.0,1093.0,1532.0,1597.0,1692.0,23.0,80.0,80.0,82.0,8600.0,36.0,167.0,150.0,139.0,-51.0,119.0,-132.0,-118.0,8593.0,1.0,1632.0,1632.0,1641.0,1709.0,1632.0,1.0,6.0,5.0,11.0,-13.0,-87.0,-70.0,-57.0,-50.0,125.0,-127.0,-107.0,-67.0,34.0,-193.0,-166.0,8526.0,8560.0,8367.0,8201.0,-4.0,-4.0,4.0,-2.0,9.4,9.5,9.9,19.5,17.7,16.8,13.9,-15.6,-14.2,0.7,0.6,1.3,-10.2,-8.3,-6.9,14.6,-15.0,-12.9,7.0,8.0,9.0,3897.0,3822.0,3742.0,3689.0,3450.0,3381.0,3570.0,3588.0,3571.0,3520.0,3699.0,3675.0,3532.0,3330.0,3274.0,3194.0,3098.0,2969.0,2882.0,2798.0,2701.0,2520.0,2552.0,2547.0,3610.0,3482.0,3406.0,3270.0,3069.0,3023.0,3239.0,3247.0,3269.0,3200.0,3395.0,3342.0,3212.0,3028.0,3033.0,2984.0,2951.0,2825.0,2745.0,2674.0,2490.0,2377.0,2439.0,2415.0,63.4,35213.0,0.0,8.0,287.0,340.0,336.0,419.0,381.0,358.0,331.0,341.0,302.0,320.0,304.0,333.0,320.0,302.0,241.0,210.0,147.0,144.0,137.0,124.0,211.0,143.0,113.0,132.0,7.4,8.9,9.0,11.4,11.0,10.6,9.3,9.5,8.5,9.1,8.2,9.1,9.1,9.1,7.4,6.6,4.7,4.9,4.8,4.4,7.8,5.7,4.4,5.2,9.0,3897.0,3822.0,3742.0,3689.0,3450.0,3381.0,3570.0,3588.0,3571.0,3520.0,3699.0,3675.0,3532.0,3330.0,3274.0,3194.0,3098.0,2969.0,2882.0,2798.0,2701.0,2520.0,2552.0,2547.0,3610.0,3482.0,3406.0,3270.0,3069.0,3023.0,3239.0,3247.0,3269.0,3200.0,3395.0,3342.0,3212.0,3028.0,3033.0,2984.0,2951.0,2825.0,2745.0,2674.0,2490.0,2377.0,2439.0,2415.0,63.4,35213.0,0.0,8.0,287.0,340.0,336.0,419.0,381.0,358.0,331.0,341.0,302.0,320.0,304.0,333.0,320.0,302.0,241.0,210.0,147.0,144.0,137.0,124.0,211.0,143.0,113.0,132.0,7.4,8.9,9.0,11.4,11.0,10.6,9.3,9.5,8.5,9.1,8.2,9.1,9.1,9.1,7.4,6.6,4.7,4.9,4.8,4.4,7.8,5.7,4.4,5.2,9.0
Lincoln ,3.0,2.0,9.0,9.0,508.0,729.0,900.0,1066.0,162.0,444.0,1251.0,2279.0,3136.0,3600.0,3931.0,4719.0,4991.0,4551.0,3750.0,3337.0,2764.0,1641.0,2.4,5.7,3.8,6.7,18.2,19.6,22.62632437,24.2322212,34.7,37.8,40.04686227,48.14814815,41.5,35.0,28.15810921,16.74318947,5.6,7.6,9.168704156,10.87644118,18.8,29.2,75.0,58.4,250.0,524.0,1646.0,1867.0,2221.0,2375.0,27.0,109.0,101.0,100.0,12941.0,51.0,176.0,178.0,170.0,-23.0,360.0,-187.0,59.0,12936.0,4.0,3732.0,3850.0,3887.0,4001.0,3732.0,0.0,2.0,-1.0,-2.0,-24.0,-67.0,-77.0,-70.0,-23.0,362.0,-188.0,57.0,-46.0,278.0,-258.0,-12.0,12890.0,13168.0,12910.0,12898.0,1.0,-17.0,7.0,1.0,8.4,7.7,7.7,13.5,13.7,13.2,27.6,-14.3,4.6,0.2,-0.1,-0.2,-5.1,-5.9,-5.4,27.8,-14.4,4.4,3.0,9.0,2.0,5040.0,5047.0,5054.0,5114.0,5157.0,5205.0,5126.0,4978.0,4944.0,4966.0,4693.0,4756.0,4602.0,4378.0,4246.0,4143.0,4102.0,4052.0,3984.0,3867.0,3805.0,3691.0,3680.0,3657.0,4735.0,4695.0,4681.0,4708.0,4766.0,4810.0,4712.0,4582.0,4548.0,4481.0,4268.0,4331.0,4215.0,4023.0,3952.0,3892.0,3904.0,3882.0,3815.0,3702.0,3575.0,3519.0,3521.0,3511.0,87.0,48311.0,0.0,9.0,305.0,352.0,373.0,406.0,391.0,395.0,414.0,396.0,396.0,485.0,425.0,425.0,387.0,355.0,294.0,251.0,198.0,170.0,169.0,165.0,230.0,172.0,159.0,146.0,6.1,7.0,7.4,7.9,7.6,7.6,8.1,8.0,8.0,9.8,9.1,8.9,8.4,8.1,6.9,6.1,4.8,4.2,4.2,4.3,6.0,4.7,4.3,4.0,2.0,5040.0,5047.0,5054.0,5114.0,5157.0,5205.0,5126.0,4978.0,4944.0,4966.0,4693.0,4756.0,4602.0,4378.0,4246.0,4143.0,4102.0,4052.0,3984.0,3867.0,3805.0,3691.0,3680.0,3657.0,4735.0,4695.0,4681.0,4708.0,4766.0,4810.0,4712.0,4582.0,4548.0,4481.0,4268.0,4331.0,4215.0,4023.0,3952.0,3892.0,3904.0,3882.0,3815.0,3702.0,3575.0,3519.0,3521.0,3511.0,87.0,48311.0,0.0,9.0,305.0,352.0,373.0,406.0,391.0,395.0,414.0,396.0,396.0,485.0,425.0,425.0,387.0,355.0,294.0,251.0,198.0,170.0,169.0,165.0,230.0,172.0,159.0,146.0,6.1,7.0,7.4,7.9,7.6,7.6,8.1,8.0,8.0,9.8,9.1,8.9,8.4,8.1,6.9,6.1,4.8,4.2,4.2,4.3,6.0,4.7,4.3,4.0,2.0
Little River ,3.0,2.0,3.0,4.0,708.0,893.0,995.0,1475.0,305.0,607.0,1478.0,2598.0,3204.0,3438.0,3522.0,3682.0,3819.0,3773.0,3082.0,2392.0,1455.0,760.0,5.1,7.7,6.0,11.6,19.7,25.4,34.71797114,30.03429112,36.8,38.2,38.50021863,43.5378976,35.4,26.6,15.90511587,8.986638288,8.1,9.9,10.87669436,17.44117299,24.8,32.9,64.1,47.8,360.0,914.0,1716.0,2286.0,3176.0,2540.0,29.0,162.0,147.0,95.0,12026.0,47.0,219.0,201.0,194.0,-33.0,53.0,-43.0,41.0,12026.0,3.0,174.0,174.0,174.0,174.0,174.0,0.0,0.0,-2.0,-2.0,-18.0,-57.0,-54.0,-99.0,-33.0,53.0,-45.0,39.0,-52.0,-1.0,-108.0,-60.0,11974.0,11973.0,11865.0,11805.0,-1.0,3.0,-9.0,0.0,13.5,12.3,8.0,18.3,16.9,16.4,4.4,-3.6,3.5,0.0,-0.2,-0.2,-4.8,-4.5,-8.4,4.4,-3.8,3.3,3.0,3.0,2.0,6395.0,6379.0,6539.0,6455.0,6451.0,6471.0,6444.0,6449.0,6662.0,6748.0,6213.0,6114.0,6005.0,5741.0,5587.0,5617.0,5602.0,5498.0,5429.0,5478.0,5261.0,5131.0,5140.0,5165.0,6105.0,6124.0,6258.0,6147.0,6139.0,6166.0,6149.0,6176.0,6403.0,6347.0,5750.0,5658.0,5584.0,5315.0,5228.0,5315.0,5339.0,5230.0,5146.0,5246.0,4911.0,4895.0,4947.0,4985.0,88.1,48883.0,1.0,3.0,290.0,255.0,281.0,308.0,312.0,305.0,295.0,273.0,259.0,401.0,463.0,456.0,421.0,426.0,359.0,302.0,263.0,268.0,283.0,232.0,350.0,236.0,193.0,180.0,4.5,4.0,4.3,4.8,4.8,4.7,4.6,4.2,3.9,5.9,7.5,7.5,7.0,7.4,6.4,5.4,4.7,4.9,5.2,4.2,6.7,4.6,3.8,3.5,2.0,6395.0,6379.0,6539.0,6455.0,6451.0,6471.0,6444.0,6449.0,6662.0,6748.0,6213.0,6114.0,6005.0,5741.0,5587.0,5617.0,5602.0,5498.0,5429.0,5478.0,5261.0,5131.0,5140.0,5165.0,6105.0,6124.0,6258.0,6147.0,6139.0,6166.0,6149.0,6176.0,6403.0,6347.0,5750.0,5658.0,5584.0,5315.0,5228.0,5315.0,5339.0,5230.0,5146.0,5246.0,4911.0,4895.0,4947.0,4985.0,88.1,48883.0,1.0,3.0,290.0,255.0,281.0,308.0,312.0,305.0,295.0,273.0,259.0,401.0,463.0,456.0,421.0,426.0,359.0,302.0,263.0,268.0,283.0,232.0,350.0,236.0,193.0,180.0,4.5,4.0,4.3,4.8,4.8,4.7,4.6,4.2,3.9,5.9,7.5,7.5,7.0,7.4,6.4,5.4,4.7,4.9,5.2,4.2,6.7,4.6,3.8,3.5,2.0
Logan ,6.0,6.0,8.0,6.0,896.0,1408.0,1774.0,2365.0,344.0,763.0,2235.0,4008.0,4594.0,5763.0,6476.0,6652.0,7054.0,6511.0,5549.0,4532.0,3009.0,1629.0,3.4,6.3,5.1,7.3,16.7,22.0,25.65863321,30.00657462,34.7,38.4,42.75998679,43.73438527,41.9,30.2,19.86794322,10.71005917,6.8,9.4,11.71343678,15.54898093,22.0,32.9,69.5,53.5,521.0,889.0,2207.0,3301.0,3886.0,4564.0,44.0,250.0,258.0,260.0,21131.0,75.0,361.0,386.0,362.0,0.0,235.0,153.0,244.0,21128.0,0.0,370.0,370.0,370.0,370.0,370.0,0.0,1.0,1.0,2.0,-31.0,-111.0,-128.0,-102.0,0.0,236.0,154.0,246.0,-28.0,129.0,29.0,142.0,21100.0,21229.0,21258.0,21400.0,3.0,4.0,3.0,-2.0,11.8,12.1,12.2,17.1,18.2,17.0,11.1,7.2,11.4,0.0,0.0,0.1,-5.2,-6.0,-4.8,11.2,7.2,11.5,6.0,8.0,6.0,9872.0,9793.0,9889.0,10024.0,9945.0,9985.0,10180.0,10432.0,10300.0,10076.0,9795.0,9616.0,9664.0,9298.0,9150.0,9204.0,9145.0,8897.0,8683.0,8452.0,8526.0,8259.0,8232.0,8270.0,9472.0,9311.0,9350.0,9468.0,9417.0,9491.0,9679.0,9904.0,9633.0,9158.0,8988.0,8809.0,8922.0,8593.0,8616.0,8682.0,8724.0,8553.0,8338.0,8090.0,7947.0,7907.0,7927.0,7939.0,87.4,48510.0,0.0,8.0,400.0,482.0,539.0,556.0,528.0,494.0,501.0,528.0,667.0,918.0,807.0,807.0,742.0,705.0,534.0,522.0,421.0,344.0,345.0,362.0,579.0,352.0,305.0,331.0,4.1,4.9,5.5,5.5,5.3,4.9,4.9,5.1,6.5,9.1,8.2,8.4,7.7,7.6,5.8,5.7,4.6,3.9,4.0,4.3,6.8,4.3,3.7,4.0,6.0,9872.0,9793.0,9889.0,10024.0,9945.0,9985.0,10180.0,10432.0,10300.0,10076.0,9795.0,9616.0,9664.0,9298.0,9150.0,9204.0,9145.0,8897.0,8683.0,8452.0,8526.0,8259.0,8232.0,8270.0,9472.0,9311.0,9350.0,9468.0,9417.0,9491.0,9679.0,9904.0,9633.0,9158.0,8988.0,8809.0,8922.0,8593.0,8616.0,8682.0,8724.0,8553.0,8338.0,8090.0,7947.0,7907.0,7927.0,7939.0,87.4,48510.0,0.0,8.0,400.0,482.0,539.0,556.0,528.0,494.0,501.0,528.0,667.0,918.0,807.0,807.0,742.0,705.0,534.0,522.0,421.0,344.0,345.0,362.0,579.0,352.0,305.0,331.0,4.1,4.9,5.5,5.5,5.3,4.9,4.9,5.1,6.5,9.1,8.2,8.4,7.7,7.6,5.8,5.7,4.6,3.9,4.0,4.3,6.8,4.3,3.7,4.0,6.0
Lonoke ,2.0,2.0,2.0,4.0,2437.0,4874.0,7854.0,10554.0,593.0,1559.0,3726.0,6794.0,8617.0,11944.0,15392.0,18610.0,9052.0,9075.0,8028.0,7483.0,6073.0,4921.0,4.2,8.0,5.7,10.4,21.8,27.4,33.3416697,32.19748961,35.3,35.7,34.99454347,37.0193551,32.9,22.4,13.80729356,9.788943924,10.0,14.6,17.85649327,20.99421137,26.3,34.9,63.8,46.7,808.0,2023.0,5318.0,9167.0,14665.0,16186.0,175.0,844.0,891.0,886.0,74015.0,194.0,829.0,861.0,789.0,34.0,660.0,420.0,606.0,74012.0,0.0,720.0,720.0,720.0,720.0,720.0,0.0,15.0,26.0,43.0,-19.0,15.0,30.0,97.0,34.0,675.0,446.0,649.0,43.0,715.0,429.0,745.0,74055.0,74770.0,75199.0,75944.0,28.0,25.0,-47.0,-1.0,11.3,11.9,11.7,11.1,11.5,10.4,8.9,5.6,8.0,0.2,0.3,0.6,0.2,0.4,1.3,9.1,5.9,8.6,2.0,2.0,2.0,26444.0,26696.0,27115.0,27733.0,29099.0,30512.0,31237.0,31278.0,32049.0,32219.0,33265.0,33304.0,33234.0,32996.0,33001.0,33138.0,33442.0,33840.0,33966.0,33964.0,33270.0,33232.0,34233.0,34884.0,25578.0,25701.0,25952.0,26422.0,27761.0,29143.0,29894.0,29891.0,30625.0,30230.0,31105.0,31099.0,31210.0,31033.0,31356.0,31769.0,32327.0,32727.0,32897.0,32882.0,31393.0,32116.0,33300.0,33929.0,119.2,66160.0,1.0,2.0,866.0,995.0,1163.0,1311.0,1338.0,1369.0,1343.0,1387.0,1424.0,1989.0,2160.0,2205.0,2024.0,1963.0,1645.0,1369.0,1115.0,1113.0,1069.0,1082.0,1877.0,1116.0,933.0,955.0,3.3,3.7,4.3,4.7,4.6,4.5,4.3,4.4,4.4,6.2,6.5,6.6,6.1,5.9,5.0,4.1,3.3,3.3,3.1,3.2,5.6,3.4,2.7,2.7,2.0,26444.0,26696.0,27115.0,27733.0,29099.0,30512.0,31237.0,31278.0,32049.0,32219.0,33265.0,33304.0,33234.0,32996.0,33001.0,33138.0,33442.0,33840.0,33966.0,33964.0,33270.0,33232.0,34233.0,34884.0,25578.0,25701.0,25952.0,26422.0,27761.0,29143.0,29894.0,29891.0,30625.0,30230.0,31105.0,31099.0,31210.0,31033.0,31356.0,31769.0,32327.0,32727.0,32897.0,32882.0,31393.0,32116.0,33300.0,33929.0,119.2,66160.0,1.0,2.0,866.0,995.0,1163.0,1311.0,1338.0,1369.0,1343.0,1387.0,1424.0,1989.0,2160.0,2205.0,2024.0,1963.0,1645.0,1369.0,1115.0,1113.0,1069.0,1082.0,1877.0,1116.0,933.0,955.0,3.3,3.7,4.3,4.7,4.6,4.5,4.3,4.4,4.4,6.2,6.5,6.6,6.1,5.9,5.0,4.1,3.3,3.3,3.1,3.2,5.6,3.4,2.7,2.7,2.0
Madison ,2.0,2.0,2.0,4.0,623.0,938.0,1146.0,1536.0,225.0,440.0,968.0,2341.0,2635.0,3624.0,4481.0,6186.0,4200.0,3691.0,3053.0,3001.0,2685.0,1702.0,4.0,6.2,4.8,8.6,16.4,18.9,22.00431641,21.23035774,34.9,38.9,42.04748053,51.70511535,40.4,32.2,25.1947077,14.22601137,8.2,10.1,10.75349536,12.83851555,17.1,33.1,74.2,52.1,270.0,606.0,1242.0,1764.0,2345.0,2540.0,39.0,231.0,219.0,217.0,16521.0,39.0,231.0,260.0,248.0,24.0,407.0,530.0,331.0,16519.0,3.0,149.0,149.0,149.0,149.0,149.0,0.0,3.0,13.0,13.0,0.0,0.0,-41.0,-31.0,24.0,410.0,543.0,344.0,26.0,399.0,519.0,312.0,16545.0,16944.0,17463.0,17775.0,2.0,-11.0,17.0,-1.0,13.8,12.7,12.3,13.8,15.1,14.1,24.3,30.8,18.8,0.2,0.8,0.7,0.0,-2.4,-1.8,24.5,31.6,19.5,2.0,2.0,2.0,6925.0,7062.0,7210.0,7241.0,7437.0,7764.0,7811.0,7675.0,7661.0,7367.0,7265.0,7213.0,7005.0,6900.0,7023.0,7113.0,7297.0,7369.0,7300.0,7342.0,7281.0,7447.0,7763.0,7918.0,6712.0,6828.0,6960.0,6961.0,7137.0,7474.0,7526.0,7357.0,7327.0,6876.0,6771.0,6748.0,6611.0,6510.0,6691.0,6843.0,7063.0,7157.0,7090.0,7156.0,6990.0,7214.0,7577.0,7716.0,92.3,51233.0,1.0,2.0,213.0,234.0,250.0,280.0,300.0,290.0,285.0,318.0,334.0,491.0,494.0,465.0,394.0,390.0,332.0,270.0,234.0,212.0,210.0,186.0,291.0,233.0,186.0,202.0,3.1,3.3,3.5,3.9,4.0,3.7,3.6,4.1,4.4,6.7,6.8,6.4,5.6,5.7,4.7,3.8,3.2,2.9,2.9,2.5,4.0,3.1,2.4,2.6,2.0,6925.0,7062.0,7210.0,7241.0,7437.0,7764.0,7811.0,7675.0,7661.0,7367.0,7265.0,7213.0,7005.0,6900.0,7023.0,7113.0,7297.0,7369.0,7300.0,7342.0,7281.0,7447.0,7763.0,7918.0,6712.0,6828.0,6960.0,6961.0,7137.0,7474.0,7526.0,7357.0,7327.0,6876.0,6771.0,6748.0,6611.0,6510.0,6691.0,6843.0,7063.0,7157.0,7090.0,7156.0,6990.0,7214.0,7577.0,7716.0,92.3,51233.0,1.0,2.0,213.0,234.0,250.0,280.0,300.0,290.0,285.0,318.0,334.0,491.0,494.0,465.0,394.0,390.0,332.0,270.0,234.0,212.0,210.0,186.0,291.0,233.0,186.0,202.0,3.1,3.3,3.5,3.9,4.0,3.7,3.6,4.1,4.4,6.7,6.8,6.4,5.6,5.7,4.7,3.8,3.2,2.9,2.9,2.5,4.0,3.1,2.4,2.6,2.0
Marion ,9.0,10.0,9.0,9.0,695.0,1210.0,1671.0,2010.0,127.0,540.0,1236.0,2774.0,3093.0,4440.0,5069.0,4706.0,2973.0,3269.0,3099.0,2783.0,2061.0,1782.0,2.7,7.2,6.2,11.8,20.5,27.3,30.6516429,34.72616944,35.7,38.3,39.94169096,36.14716952,35.8,24.0,16.23985502,13.68768723,8.0,10.4,13.16681113,15.43897381,26.7,37.2,64.3,43.8,289.0,877.0,1776.0,3160.0,3890.0,4521.0,26.0,131.0,139.0,137.0,16826.0,62.0,312.0,316.0,301.0,89.0,303.0,462.0,392.0,16828.0,3.0,159.0,159.0,159.0,159.0,159.0,0.0,0.0,-2.0,-2.0,-36.0,-181.0,-177.0,-164.0,89.0,303.0,460.0,390.0,45.0,111.0,305.0,225.0,16873.0,16984.0,17289.0,17514.0,-8.0,-11.0,22.0,-1.0,7.7,8.1,7.9,18.4,18.4,17.3,17.9,27.0,22.5,0.0,-0.1,-0.1,-10.7,-10.3,-9.4,17.9,26.8,22.4,9.0,9.0,10.0,6657.0,6568.0,6515.0,6553.0,6561.0,6741.0,6898.0,6957.0,6873.0,6679.0,6706.0,6721.0,6633.0,6549.0,6582.0,6552.0,6532.0,6478.0,6451.0,6607.0,6157.0,6012.0,6205.0,6050.0,6405.0,6214.0,6111.0,6138.0,6175.0,6391.0,6536.0,6575.0,6446.0,5900.0,6051.0,6118.0,6109.0,6059.0,6178.0,6217.0,6271.0,6221.0,6187.0,6346.0,5752.0,5750.0,5979.0,5801.0,88.8,49313.0,0.0,9.0,252.0,354.0,404.0,415.0,386.0,350.0,362.0,382.0,427.0,779.0,655.0,603.0,524.0,490.0,404.0,335.0,261.0,257.0,264.0,261.0,405.0,262.0,226.0,249.0,3.8,5.4,6.2,6.3,5.9,5.2,5.2,5.5,6.2,11.7,9.8,9.0,7.9,7.5,6.1,5.1,4.0,4.0,4.1,4.0,6.6,4.4,3.6,4.1,10.0,6657.0,6568.0,6515.0,6553.0,6561.0,6741.0,6898.0,6957.0,6873.0,6679.0,6706.0,6721.0,6633.0,6549.0,6582.0,6552.0,6532.0,6478.0,6451.0,6607.0,6157.0,6012.0,6205.0,6050.0,6405.0,6214.0,6111.0,6138.0,6175.0,6391.0,6536.0,6575.0,6446.0,5900.0,6051.0,6118.0,6109.0,6059.0,6178.0,6217.0,6271.0,6221.0,6187.0,6346.0,5752.0,5750.0,5979.0,5801.0,88.8,49313.0,0.0,9.0,252.0,354.0,404.0,415.0,386.0,350.0,362.0,382.0,427.0,779.0,655.0,603.0,524.0,490.0,404.0,335.0,261.0,257.0,264.0,261.0,405.0,262.0,226.0,249.0,3.8,5.4,6.2,6.3,5.9,5.2,5.2,5.5,6.2,11.7,9.8,9.0,7.9,7.5,6.1,5.1,4.0,4.0,4.1,4.0,6.6,4.4,3.6,4.1,10.0
Miller ,3.0,2.0,3.0,4.0,2263.0,3228.0,3704.0,4633.0,981.0,1705.0,4911.0,7651.0,8118.0,9225.0,11441.0,11672.0,10932.0,9890.0,8607.0,6627.0,4598.0,3777.0,5.3,7.8,8.8,12.2,20.4,26.0,31.45505676,30.44231235,34.0,35.8,39.72155678,40.42811125,36.1,25.7,15.9636149,13.08233175,9.5,12.5,12.85977155,16.04724464,26.6,34.9,59.2,45.1,1630.0,2684.0,4858.0,6710.0,9060.0,8789.0,132.0,499.0,621.0,356.0,42600.0,139.0,628.0,641.0,573.0,-16.0,13.0,174.0,52.0,42599.0,0.0,1375.0,1236.0,1467.0,1511.0,1375.0,0.0,-5.0,-29.0,-29.0,-7.0,-129.0,-20.0,-217.0,-16.0,8.0,145.0,23.0,-11.0,-94.0,114.0,-193.0,42588.0,42494.0,42608.0,42415.0,12.0,27.0,-11.0,1.0,11.7,14.6,8.4,14.8,15.1,13.5,0.3,4.1,1.2,-0.1,-0.7,-0.7,-3.0,-0.5,-5.1,0.2,3.4,0.5,3.0,3.0,2.0,18216.0,18107.0,18389.0,18385.0,18873.0,19547.0,19300.0,19523.0,19988.0,19876.0,20554.0,20723.0,20358.0,19673.0,19522.0,19993.0,19904.0,19758.0,19398.0,19570.0,19011.0,18561.0,18528.0,18633.0,17413.0,17306.0,17531.0,17474.0,17966.0,18604.0,18389.0,18638.0,19187.0,18769.0,19406.0,19468.0,19195.0,18441.0,18411.0,19007.0,19067.0,18894.0,18471.0,18778.0,17671.0,17645.0,17824.0,17955.0,87.7,48652.0,1.0,3.0,803.0,801.0,858.0,911.0,907.0,943.0,911.0,885.0,801.0,1107.0,1148.0,1255.0,1163.0,1232.0,1111.0,986.0,837.0,864.0,927.0,792.0,1340.0,916.0,704.0,678.0,4.4,4.4,4.7,5.0,4.8,4.8,4.7,4.5,4.0,5.6,5.6,6.1,5.7,6.3,5.7,4.9,4.2,4.4,4.8,4.0,7.0,4.9,3.8,3.6,2.0,18216.0,18107.0,18389.0,18385.0,18873.0,19547.0,19300.0,19523.0,19988.0,19876.0,20554.0,20723.0,20358.0,19673.0,19522.0,19993.0,19904.0,19758.0,19398.0,19570.0,19011.0,18561.0,18528.0,18633.0,17413.0,17306.0,17531.0,17474.0,17966.0,18604.0,18389.0,18638.0,19187.0,18769.0,19406.0,19468.0,19195.0,18441.0,18411.0,19007.0,19067.0,18894.0,18471.0,18778.0,17671.0,17645.0,17824.0,17955.0,87.7,48652.0,1.0,3.0,803.0,801.0,858.0,911.0,907.0,943.0,911.0,885.0,801.0,1107.0,1148.0,1255.0,1163.0,1232.0,1111.0,986.0,837.0,864.0,927.0,792.0,1340.0,916.0,704.0,678.0,4.4,4.4,4.7,5.0,4.8,4.8,4.7,4.5,4.0,5.6,5.6,6.1,5.7,6.3,5.7,4.9,4.2,4.4,4.8,4.0,7.0,4.9,3.8,3.6,2.0
Mississippi ,4.0,3.0,4.0,5.0,3506.0,3571.0,3478.0,3676.0,1693.0,2721.0,6221.0,9086.0,9897.0,10151.0,11052.0,11010.0,21171.0,16741.0,13321.0,11148.0,6815.0,3731.0,5.5,8.6,5.5,9.4,19.8,21.3,26.62679179,28.96594284,29.7,32.1,37.99113128,42.46538358,40.0,35.3,23.42648929,14.39040383,10.5,11.3,11.95558764,14.17826976,20.2,28.8,68.8,53.1,1701.0,2955.0,6616.0,6742.0,7746.0,7510.0,139.0,536.0,530.0,526.0,40685.0,135.0,682.0,610.0,571.0,-141.0,-834.0,-617.0,-173.0,40682.0,3.0,778.0,733.0,797.0,840.0,778.0,0.0,5.0,16.0,17.0,4.0,-146.0,-80.0,-45.0,-141.0,-829.0,-601.0,-156.0,-144.0,-1004.0,-671.0,-200.0,40538.0,39534.0,38863.0,38663.0,-7.0,-29.0,10.0,1.0,13.4,13.5,13.6,17.0,15.6,14.7,-20.8,-15.7,-4.5,0.1,0.4,0.4,-3.6,-2.0,-1.2,-20.7,-15.3,-4.0,4.0,4.0,3.0,22678.0,22188.0,21648.0,20357.0,19736.0,20023.0,20983.0,21330.0,21776.0,21428.0,20369.0,20852.0,20319.0,19088.0,19205.0,18412.0,18099.0,17782.0,17238.0,17226.0,16982.0,16060.0,16167.0,16776.0,20943.0,19789.0,19149.0,17979.0,17791.0,18286.0,19324.0,19755.0,20119.0,18477.0,17940.0,18453.0,18179.0,16978.0,17473.0,16774.0,16869.0,16718.0,16271.0,16360.0,15414.0,14920.0,15340.0,15950.0,81.4,45168.0,0.0,4.0,1735.0,2399.0,2499.0,2378.0,1945.0,1737.0,1659.0,1575.0,1657.0,2951.0,2429.0,2399.0,2140.0,2110.0,1732.0,1638.0,1230.0,1064.0,967.0,866.0,1568.0,1140.0,827.0,826.0,7.7,10.8,11.5,11.7,9.9,8.7,7.9,7.4,7.6,13.8,11.9,11.5,10.5,11.1,9.0,8.9,6.8,6.0,5.6,5.0,9.2,7.1,5.1,4.9,3.0,22678.0,22188.0,21648.0,20357.0,19736.0,20023.0,20983.0,21330.0,21776.0,21428.0,20369.0,20852.0,20319.0,19088.0,19205.0,18412.0,18099.0,17782.0,17238.0,17226.0,16982.0,16060.0,16167.0,16776.0,20943.0,19789.0,19149.0,17979.0,17791.0,18286.0,19324.0,19755.0,20119.0,18477.0,17940.0,18453.0,18179.0,16978.0,17473.0,16774.0,16869.0,16718.0,16271.0,16360.0,15414.0,14920.0,15340.0,15950.0,81.4,45168.0,0.0,4.0,1735.0,2399.0,2499.0,2378.0,1945.0,1737.0,1659.0,1575.0,1657.0,2951.0,2429.0,2399.0,2140.0,2110.0,1732.0,1638.0,1230.0,1064.0,967.0,866.0,1568.0,1140.0,827.0,826.0,7.7,10.8,11.5,11.7,9.9,8.7,7.9,7.4,7.6,13.8,11.9,11.5,10.5,11.1,9.0,8.9,6.8,6.0,5.6,5.0,9.2,7.1,5.1,4.9,3.0
Monroe ,7.0,9.0,9.0,9.0,596.0,557.0,726.0,740.0,307.0,488.0,1414.0,2052.0,2224.0,2520.0,1996.0,1924.0,5972.0,4824.0,3341.0,2391.0,1500.0,784.0,3.8,6.1,4.6,8.1,13.2,17.2,25.00888099,27.13440406,31.4,38.2,35.45293073,40.65934066,47.1,36.2,26.64298401,16.56804734,8.4,8.4,12.89520426,15.63820795,17.5,25.6,74.0,60.2,374.0,650.0,933.0,1134.0,1408.0,1284.0,24.0,69.0,85.0,86.0,6799.0,21.0,153.0,137.0,134.0,-26.0,-42.0,-27.0,-8.0,6802.0,0.0,79.0,79.0,79.0,79.0,79.0,0.0,-1.0,0.0,0.0,3.0,-84.0,-52.0,-48.0,-26.0,-43.0,-27.0,-8.0,-26.0,-128.0,-80.0,-56.0,6776.0,6648.0,6568.0,6512.0,-3.0,-1.0,-1.0,0.0,10.3,12.9,13.1,22.8,20.7,20.5,-6.3,-4.1,-1.2,-0.1,0.0,0.0,-12.5,-7.9,-7.3,-6.4,-4.1,-1.2,7.0,9.0,9.0,4076.0,4016.0,4035.0,4000.0,3831.0,3830.0,3840.0,3846.0,3810.0,3702.0,3410.0,3381.0,3284.0,3141.0,3116.0,2986.0,2886.0,2798.0,2726.0,2729.0,2675.0,2583.0,2520.0,2465.0,3871.0,3770.0,3748.0,3706.0,3565.0,3574.0,3560.0,3584.0,3568.0,3405.0,3107.0,3075.0,3000.0,2873.0,2911.0,2808.0,2747.0,2678.0,2611.0,2614.0,2494.0,2443.0,2411.0,2368.0,59.6,33090.0,0.0,9.0,205.0,246.0,287.0,294.0,266.0,256.0,280.0,262.0,242.0,297.0,303.0,306.0,284.0,268.0,205.0,178.0,139.0,120.0,115.0,115.0,181.0,140.0,109.0,97.0,5.0,6.1,7.1,7.4,6.9,6.7,7.3,6.8,6.4,8.0,8.9,9.1,8.6,8.5,6.6,6.0,4.8,4.3,4.2,4.2,6.8,5.4,4.3,3.9,9.0,4076.0,4016.0,4035.0,4000.0,3831.0,3830.0,3840.0,3846.0,3810.0,3702.0,3410.0,3381.0,3284.0,3141.0,3116.0,2986.0,2886.0,2798.0,2726.0,2729.0,2675.0,2583.0,2520.0,2465.0,3871.0,3770.0,3748.0,3706.0,3565.0,3574.0,3560.0,3584.0,3568.0,3405.0,3107.0,3075.0,3000.0,2873.0,2911.0,2808.0,2747.0,2678.0,2611.0,2614.0,2494.0,2443.0,2411.0,2368.0,59.6,33090.0,0.0,9.0,205.0,246.0,287.0,294.0,266.0,256.0,280.0,262.0,242.0,297.0,303.0,306.0,284.0,268.0,205.0,178.0,139.0,120.0,115.0,115.0,181.0,140.0,109.0,97.0,5.0,6.1,7.1,7.4,6.9,6.7,7.3,6.8,6.4,8.0,8.9,9.1,8.6,8.5,6.6,6.0,4.8,4.3,4.2,4.2,6.8,5.4,4.3,3.9,9.0
Montgomery ,8.0,7.0,8.0,6.0,379.0,571.0,742.0,1096.0,151.0,393.0,906.0,1645.0,1901.0,2537.0,2699.0,2404.0,2393.0,2656.0,2163.0,1950.0,1280.0,808.0,4.1,7.8,5.2,7.3,18.0,21.8,30.15238941,33.7841992,35.1,39.2,39.9319426,36.95050722,39.9,30.2,18.93771268,12.41930526,7.0,8.8,10.97795532,16.84598832,24.9,32.5,65.7,52.5,191.0,367.0,975.0,1406.0,2038.0,2198.0,23.0,95.0,78.0,80.0,8484.0,30.0,180.0,175.0,162.0,10.0,246.0,9.0,163.0,8482.0,5.0,118.0,118.0,118.0,118.0,118.0,0.0,0.0,-1.0,-1.0,-7.0,-85.0,-97.0,-82.0,10.0,246.0,8.0,162.0,3.0,150.0,-92.0,77.0,8485.0,8635.0,8543.0,8620.0,0.0,-11.0,-3.0,-3.0,11.1,9.1,9.3,21.0,20.4,18.9,28.7,1.0,19.0,0.0,-0.1,-0.1,-9.9,-11.3,-9.6,28.7,0.9,18.9,8.0,8.0,7.0,4079.0,4096.0,4162.0,4286.0,4231.0,4304.0,4340.0,4205.0,4150.0,4152.0,3931.0,3832.0,3620.0,3459.0,3400.0,3271.0,3133.0,3092.0,3033.0,2953.0,2911.0,2852.0,2846.0,2895.0,3914.0,3910.0,3937.0,4051.0,4006.0,4091.0,4134.0,3980.0,3917.0,3863.0,3602.0,3493.0,3326.0,3177.0,3137.0,3054.0,2972.0,2943.0,2891.0,2818.0,2705.0,2711.0,2714.0,2753.0,83.0,46069.0,0.0,8.0,165.0,186.0,225.0,235.0,225.0,213.0,206.0,225.0,233.0,289.0,329.0,339.0,294.0,282.0,263.0,217.0,161.0,149.0,142.0,135.0,206.0,141.0,132.0,142.0,4.0,4.5,5.4,5.5,5.3,4.9,4.7,5.4,5.6,7.0,8.4,8.8,8.1,8.2,7.7,6.6,5.1,4.8,4.7,4.6,7.1,4.9,4.6,4.9,7.0,4079.0,4096.0,4162.0,4286.0,4231.0,4304.0,4340.0,4205.0,4150.0,4152.0,3931.0,3832.0,3620.0,3459.0,3400.0,3271.0,3133.0,3092.0,3033.0,2953.0,2911.0,2852.0,2846.0,2895.0,3914.0,3910.0,3937.0,4051.0,4006.0,4091.0,4134.0,3980.0,3917.0,3863.0,3602.0,3493.0,3326.0,3177.0,3137.0,3054.0,2972.0,2943.0,2891.0,2818.0,2705.0,2711.0,2714.0,2753.0,83.0,46069.0,0.0,8.0,165.0,186.0,225.0,235.0,225.0,213.0,206.0,225.0,233.0,289.0,329.0,339.0,294.0,282.0,263.0,217.0,161.0,149.0,142.0,135.0,206.0,141.0,132.0,142.0,4.0,4.5,5.4,5.5,5.3,4.9,4.7,5.4,5.6,7.0,8.4,8.8,8.1,8.2,7.7,6.6,5.1,4.8,4.7,4.6,7.1,4.9,4.6,4.9,7.0
Nevada ,7.0,9.0,9.0,9.0,640.0,704.0,689.0,654.0,251.0,450.0,1336.0,2276.0,2356.0,2580.0,2451.0,2734.0,4230.0,3489.0,2560.0,2033.0,1162.0,554.0,4.1,6.7,4.6,7.4,14.5,19.1,30.46710845,29.65738758,36.2,39.2,39.61532245,48.78658101,39.4,30.9,18.78131566,9.88579586,9.8,10.7,11.13625343,11.67023555,21.9,33.9,69.4,52.0,280.0,494.0,945.0,1258.0,1885.0,1662.0,16.0,72.0,79.0,75.0,8310.0,30.0,132.0,122.0,121.0,-14.0,-41.0,42.0,-10.0,8312.0,3.0,194.0,194.0,194.0,194.0,194.0,0.0,0.0,-2.0,-2.0,-14.0,-60.0,-43.0,-46.0,-14.0,-41.0,40.0,-12.0,-28.0,-100.0,-5.0,-59.0,8284.0,8184.0,8179.0,8120.0,0.0,1.0,-2.0,-1.0,8.7,9.7,9.2,16.0,14.9,14.8,-5.0,5.1,-1.2,0.0,-0.2,-0.2,-7.3,-5.3,-5.6,-5.0,4.9,-1.5,7.0,9.0,9.0,4610.0,4544.0,4602.0,4533.0,4376.0,4357.0,4384.0,4304.0,4225.0,4232.0,4021.0,4172.0,4156.0,3812.0,3732.0,3675.0,3650.0,3603.0,3625.0,3621.0,3484.0,3315.0,3408.0,3355.0,4394.0,4332.0,4378.0,4309.0,4117.0,4104.0,4140.0,4056.0,3940.0,3844.0,3635.0,3796.0,3847.0,3526.0,3513.0,3495.0,3515.0,3475.0,3500.0,3480.0,3274.0,3177.0,3278.0,3232.0,80.4,44649.0,0.0,9.0,216.0,212.0,224.0,224.0,259.0,253.0,244.0,248.0,285.0,388.0,386.0,376.0,309.0,286.0,219.0,180.0,135.0,128.0,125.0,141.0,210.0,138.0,130.0,123.0,4.7,4.7,4.9,4.9,5.9,5.8,5.6,5.8,6.7,9.2,9.6,9.0,7.4,7.5,5.9,4.9,3.7,3.6,3.4,3.9,6.0,4.2,3.8,3.7,9.0,4610.0,4544.0,4602.0,4533.0,4376.0,4357.0,4384.0,4304.0,4225.0,4232.0,4021.0,4172.0,4156.0,3812.0,3732.0,3675.0,3650.0,3603.0,3625.0,3621.0,3484.0,3315.0,3408.0,3355.0,4394.0,4332.0,4378.0,4309.0,4117.0,4104.0,4140.0,4056.0,3940.0,3844.0,3635.0,3796.0,3847.0,3526.0,3513.0,3495.0,3515.0,3475.0,3500.0,3480.0,3274.0,3177.0,3278.0,3232.0,80.4,44649.0,0.0,9.0,216.0,212.0,224.0,224.0,259.0,253.0,244.0,248.0,285.0,388.0,386.0,376.0,309.0,286.0,219.0,180.0,135.0,128.0,125.0,141.0,210.0,138.0,130.0,123.0,4.7,4.7,4.9,4.9,5.9,5.8,5.6,5.8,6.7,9.2,9.6,9.0,7.4,7.5,5.9,4.9,3.7,3.6,3.4,3.9,6.0,4.2,3.8,3.7,9.0
Newton ,9.0,8.0,9.0,7.0,336.0,687.0,747.0,745.0,82.0,321.0,664.0,1391.0,1860.0,2199.0,2444.0,2011.0,2452.0,2546.0,2064.0,1733.0,1160.0,761.0,2.4,6.9,5.1,8.4,13.6,20.6,27.24080268,32.71475033,37.7,37.8,40.86956522,38.47331165,41.9,29.8,19.39799331,14.55902047,6.8,11.8,12.4916388,14.25291754,19.7,29.9,72.8,54.7,171.0,393.0,669.0,1195.0,1629.0,1710.0,15.0,59.0,67.0,67.0,7225.0,33.0,144.0,132.0,123.0,-12.0,55.0,0.0,26.0,7228.0,1.0,65.0,65.0,65.0,65.0,65.0,0.0,0.0,0.0,0.0,-18.0,-85.0,-65.0,-56.0,-12.0,55.0,0.0,26.0,-32.0,-29.0,-66.0,-30.0,7196.0,7167.0,7101.0,7071.0,-2.0,1.0,-1.0,0.0,8.2,9.4,9.5,20.1,18.5,17.4,7.7,0.0,3.7,0.0,0.0,0.0,-11.8,-9.1,-7.9,7.7,0.0,3.7,9.0,9.0,8.0,3761.0,3645.0,3623.0,3648.0,3578.0,3565.0,3558.0,3473.0,3458.0,3446.0,3788.0,3785.0,3644.0,3511.0,3388.0,3409.0,3417.0,3322.0,3282.0,3292.0,3131.0,3144.0,3167.0,3191.0,3601.0,3453.0,3424.0,3440.0,3362.0,3383.0,3372.0,3294.0,3263.0,3175.0,3536.0,3515.0,3387.0,3274.0,3195.0,3246.0,3284.0,3201.0,3172.0,3178.0,2968.0,3045.0,3075.0,3083.0,86.5,47996.0,0.0,9.0,160.0,192.0,199.0,208.0,216.0,182.0,186.0,179.0,195.0,271.0,252.0,270.0,257.0,237.0,193.0,163.0,133.0,121.0,110.0,114.0,163.0,99.0,92.0,108.0,4.3,5.3,5.5,5.7,6.0,5.1,5.2,5.2,5.6,7.9,6.7,7.1,7.1,6.8,5.7,4.8,3.9,3.6,3.4,3.5,5.2,3.1,2.9,3.4,8.0,3761.0,3645.0,3623.0,3648.0,3578.0,3565.0,3558.0,3473.0,3458.0,3446.0,3788.0,3785.0,3644.0,3511.0,3388.0,3409.0,3417.0,3322.0,3282.0,3292.0,3131.0,3144.0,3167.0,3191.0,3601.0,3453.0,3424.0,3440.0,3362.0,3383.0,3372.0,3294.0,3263.0,3175.0,3536.0,3515.0,3387.0,3274.0,3195.0,3246.0,3284.0,3201.0,3172.0,3178.0,2968.0,3045.0,3075.0,3083.0,86.5,47996.0,0.0,9.0,160.0,192.0,199.0,208.0,216.0,182.0,186.0,179.0,195.0,271.0,252.0,270.0,257.0,237.0,193.0,163.0,133.0,121.0,110.0,114.0,163.0,99.0,92.0,108.0,4.3,5.3,5.5,5.7,6.0,5.1,5.2,5.2,5.6,7.9,6.7,7.1,7.1,6.8,5.7,4.8,3.9,3.6,3.4,3.5,5.2,3.1,2.9,3.4,8.0
Ouachita ,7.0,8.0,7.0,7.0,2441.0,2415.0,2715.0,2364.0,918.0,1703.0,4567.0,6052.0,6375.0,6622.0,7127.0,6619.0,10773.0,8985.0,7038.0,5032.0,2649.0,1742.0,5.3,9.1,7.0,10.5,20.7,25.9,29.845549,31.51778303,31.9,34.9,40.028082,42.26422323,35.2,26.5,14.8778433,11.12317221,12.2,12.7,15.2485257,15.09482153,26.1,32.4,61.6,48.0,1225.0,1964.0,4145.0,4906.0,5314.0,4936.0,70.0,235.0,249.0,247.0,22650.0,84.0,423.0,402.0,370.0,-24.0,-125.0,-159.0,-79.0,22647.0,4.0,371.0,371.0,371.0,371.0,371.0,0.0,0.0,0.0,0.0,-14.0,-188.0,-153.0,-123.0,-24.0,-125.0,-159.0,-79.0,-32.0,-303.0,-318.0,-201.0,22615.0,22312.0,21994.0,21793.0,6.0,10.0,-6.0,1.0,10.5,11.2,11.3,18.8,18.1,16.9,-5.6,-7.2,-3.6,0.0,0.0,0.0,-8.4,-6.9,-5.6,-5.6,-7.2,-3.6,7.0,7.0,8.0,12402.0,12379.0,12313.0,12181.0,12316.0,12479.0,12364.0,11895.0,11826.0,12086.0,11386.0,11090.0,10614.0,10380.0,10085.0,9977.0,9897.0,9722.0,9701.0,9756.0,9668.0,9543.0,9550.0,9629.0,11682.0,11494.0,11481.0,11236.0,11488.0,11597.0,11357.0,11017.0,11076.0,11129.0,10346.0,9982.0,9550.0,9406.0,9304.0,9357.0,9399.0,9275.0,9258.0,9261.0,9072.0,9162.0,9188.0,9257.0,88.8,49275.0,0.0,7.0,720.0,885.0,832.0,945.0,828.0,882.0,1007.0,878.0,750.0,957.0,1040.0,1108.0,1064.0,974.0,781.0,620.0,498.0,447.0,443.0,495.0,596.0,381.0,362.0,372.0,5.8,7.1,6.8,7.8,6.7,7.1,8.1,7.4,6.3,7.9,9.1,10.0,10.0,9.4,7.7,6.2,5.0,4.6,4.6,5.1,6.2,4.0,3.8,3.9,8.0,12402.0,12379.0,12313.0,12181.0,12316.0,12479.0,12364.0,11895.0,11826.0,12086.0,11386.0,11090.0,10614.0,10380.0,10085.0,9977.0,9897.0,9722.0,9701.0,9756.0,9668.0,9543.0,9550.0,9629.0,11682.0,11494.0,11481.0,11236.0,11488.0,11597.0,11357.0,11017.0,11076.0,11129.0,10346.0,9982.0,9550.0,9406.0,9304.0,9357.0,9399.0,9275.0,9258.0,9261.0,9072.0,9162.0,9188.0,9257.0,88.8,49275.0,0.0,7.0,720.0,885.0,832.0,945.0,828.0,882.0,1007.0,878.0,750.0,957.0,1040.0,1108.0,1064.0,974.0,781.0,620.0,498.0,447.0,443.0,495.0,596.0,381.0,362.0,372.0,5.8,7.1,6.8,7.8,6.7,7.1,8.1,7.4,6.3,7.9,9.1,10.0,10.0,9.4,7.7,6.2,5.0,4.6,4.6,5.1,6.2,4.0,3.8,3.9,8.0
Perry ,2.0,2.0,2.0,4.0,326.0,760.0,707.0,1240.0,112.0,243.0,684.0,1629.0,2127.0,2843.0,3213.0,3200.0,2344.0,2124.0,2031.0,1796.0,1309.0,601.0,3.4,5.6,3.9,8.3,14.2,21.3,27.9056942,30.35368886,40.7,41.4,44.2989108,44.21110804,38.9,26.2,18.0477044,8.303398729,6.2,11.1,9.747690611,17.13180437,20.9,37.4,71.8,48.8,126.0,360.0,742.0,1460.0,2024.0,2197.0,23.0,84.0,99.0,99.0,10019.0,37.0,131.0,155.0,151.0,-9.0,38.0,127.0,157.0,10018.0,0.0,90.0,90.0,90.0,90.0,90.0,0.0,1.0,5.0,6.0,-14.0,-47.0,-56.0,-52.0,-9.0,39.0,132.0,163.0,-21.0,-2.0,78.0,111.0,9997.0,9995.0,10073.0,10184.0,2.0,6.0,2.0,0.0,8.4,9.9,9.8,13.1,15.4,14.9,3.8,12.7,15.5,0.1,0.5,0.6,-4.7,-5.6,-5.1,3.9,13.2,16.1,2.0,2.0,2.0,4811.0,4805.0,4825.0,4817.0,4857.0,4921.0,4836.0,4770.0,4760.0,4705.0,4554.0,4495.0,4429.0,4385.0,4261.0,4218.0,4174.0,4246.0,4221.0,4273.0,4072.0,4102.0,4219.0,4301.0,4576.0,4554.0,4541.0,4491.0,4586.0,4668.0,4592.0,4535.0,4495.0,4340.0,4163.0,4095.0,4044.0,3986.0,3940.0,3963.0,3974.0,4068.0,4047.0,4101.0,3839.0,3932.0,4072.0,4146.0,102.0,56640.0,1.0,2.0,235.0,251.0,284.0,326.0,271.0,253.0,244.0,235.0,265.0,365.0,391.0,400.0,385.0,399.0,321.0,255.0,200.0,178.0,174.0,172.0,233.0,170.0,147.0,155.0,4.9,5.2,5.9,6.8,5.6,5.1,5.0,4.9,5.6,7.8,8.6,8.9,8.7,9.1,7.5,6.0,4.8,4.2,4.1,4.0,5.7,4.1,3.5,3.6,2.0,4811.0,4805.0,4825.0,4817.0,4857.0,4921.0,4836.0,4770.0,4760.0,4705.0,4554.0,4495.0,4429.0,4385.0,4261.0,4218.0,4174.0,4246.0,4221.0,4273.0,4072.0,4102.0,4219.0,4301.0,4576.0,4554.0,4541.0,4491.0,4586.0,4668.0,4592.0,4535.0,4495.0,4340.0,4163.0,4095.0,4044.0,3986.0,3940.0,3963.0,3974.0,4068.0,4047.0,4101.0,3839.0,3932.0,4072.0,4146.0,102.0,56640.0,1.0,2.0,235.0,251.0,284.0,326.0,271.0,253.0,244.0,235.0,265.0,365.0,391.0,400.0,385.0,399.0,321.0,255.0,200.0,178.0,174.0,172.0,233.0,170.0,147.0,155.0,4.9,5.2,5.9,6.8,5.6,5.1,5.0,4.9,5.6,7.8,8.6,8.9,8.7,9.1,7.5,6.0,4.8,4.2,4.1,4.0,5.7,4.1,3.5,3.6,2.0
Phillips ,6.0,3.0,7.0,8.0,1511.0,1906.0,1801.0,1516.0,1078.0,1525.0,3352.0,4242.0,3698.0,4080.0,4124.0,3505.0,14397.0,10701.0,7982.0,5831.0,3671.0,1811.0,5.5,8.3,4.5,10.3,19.9,23.4,29.52408931,34.50920245,22.4,26.5,30.28789659,33.59854294,48.5,37.8,26.96092832,17.36004601,9.2,12.4,13.22708578,14.53220859,17.0,23.1,73.0,58.3,895.0,1889.0,3283.0,3603.0,4020.0,3600.0,40.0,233.0,207.0,208.0,16568.0,75.0,337.0,292.0,278.0,-85.0,-490.0,-428.0,-350.0,16571.0,0.0,215.0,215.0,215.0,215.0,215.0,0.0,0.0,27.0,31.0,-35.0,-104.0,-85.0,-70.0,-85.0,-490.0,-401.0,-319.0,-131.0,-615.0,-475.0,-389.0,16440.0,15825.0,15350.0,14961.0,-11.0,-21.0,11.0,0.0,14.4,13.3,13.7,20.9,18.7,18.3,-30.4,-27.5,-23.1,0.0,1.7,2.0,-6.4,-5.5,-4.6,-30.4,-25.7,-21.0,6.0,7.0,3.0,9706.0,9443.0,9378.0,9246.0,9023.0,8760.0,9027.0,8941.0,8930.0,8803.0,8572.0,8391.0,7990.0,7633.0,7277.0,7023.0,6668.0,6532.0,6535.0,6304.0,6196.0,5767.0,5475.0,5240.0,9115.0,8733.0,8608.0,8453.0,8216.0,7959.0,8282.0,8282.0,8295.0,7977.0,7699.0,7415.0,7100.0,6785.0,6593.0,6498.0,6274.0,6151.0,6141.0,5935.0,5617.0,5324.0,5137.0,4900.0,65.0,36098.0,0.0,7.0,591.0,710.0,770.0,793.0,807.0,801.0,745.0,659.0,635.0,826.0,873.0,976.0,890.0,848.0,684.0,525.0,394.0,381.0,394.0,369.0,579.0,443.0,338.0,340.0,6.1,7.5,8.2,8.6,8.9,9.1,8.3,7.4,7.1,9.4,10.2,11.6,11.1,11.1,9.4,7.5,5.9,5.8,6.0,5.9,9.3,7.7,6.2,6.5,3.0,9706.0,9443.0,9378.0,9246.0,9023.0,8760.0,9027.0,8941.0,8930.0,8803.0,8572.0,8391.0,7990.0,7633.0,7277.0,7023.0,6668.0,6532.0,6535.0,6304.0,6196.0,5767.0,5475.0,5240.0,9115.0,8733.0,8608.0,8453.0,8216.0,7959.0,8282.0,8282.0,8295.0,7977.0,7699.0,7415.0,7100.0,6785.0,6593.0,6498.0,6274.0,6151.0,6141.0,5935.0,5617.0,5324.0,5137.0,4900.0,65.0,36098.0,0.0,7.0,591.0,710.0,770.0,793.0,807.0,801.0,745.0,659.0,635.0,826.0,873.0,976.0,890.0,848.0,684.0,525.0,394.0,381.0,394.0,369.0,579.0,443.0,338.0,340.0,6.1,7.5,8.2,8.6,8.9,9.1,8.3,7.4,7.1,9.4,10.2,11.6,11.1,11.1,9.4,7.5,5.9,5.8,6.0,5.9,9.3,7.7,6.2,6.5,3.0
Pike ,9.0,10.0,9.0,9.0,557.0,770.0,939.0,1387.0,185.0,456.0,1216.0,2143.0,2508.0,2997.0,2797.0,2614.0,3740.0,3288.0,2563.0,2385.0,1635.0,914.0,3.5,7.2,3.8,7.3,14.6,19.6,28.8703483,30.68678607,38.1,39.2,37.04145146,36.86362995,38.9,31.2,21.65276122,12.88957834,8.5,10.1,12.43543901,19.56000564,22.8,33.7,70.0,51.8,202.0,463.0,962.0,1501.0,2180.0,2176.0,27.0,122.0,115.0,113.0,10171.0,31.0,168.0,180.0,170.0,-4.0,-5.0,114.0,105.0,10169.0,0.0,221.0,221.0,221.0,221.0,221.0,0.0,0.0,2.0,2.0,-4.0,-46.0,-65.0,-57.0,-4.0,-5.0,116.0,107.0,-7.0,-48.0,45.0,49.0,10162.0,10114.0,10159.0,10208.0,1.0,3.0,-6.0,-1.0,12.0,11.3,11.1,16.6,17.8,16.7,-0.5,11.2,10.3,0.0,0.2,0.2,-4.5,-6.4,-5.6,-0.5,11.4,10.5,9.0,9.0,10.0,5439.0,5378.0,5205.0,5235.0,5118.0,5110.0,5300.0,5170.0,5056.0,5030.0,4900.0,4691.0,4433.0,4260.0,4273.0,4231.0,4228.0,4293.0,4273.0,4209.0,4196.0,4155.0,4028.0,4023.0,5216.0,5135.0,4923.0,4955.0,4844.0,4862.0,5029.0,4873.0,4753.0,4650.0,4475.0,4248.0,4052.0,3898.0,3970.0,3987.0,4048.0,4120.0,4100.0,4050.0,3942.0,3970.0,3883.0,3884.0,74.5,41348.0,0.0,9.0,223.0,243.0,282.0,280.0,274.0,248.0,271.0,297.0,303.0,380.0,425.0,443.0,381.0,362.0,303.0,244.0,180.0,173.0,173.0,159.0,254.0,185.0,145.0,139.0,4.1,4.5,5.4,5.3,5.4,4.9,5.1,5.7,6.0,7.6,8.7,9.4,8.6,8.5,7.1,5.8,4.3,4.0,4.0,3.8,6.1,4.5,3.6,3.5,10.0,5439.0,5378.0,5205.0,5235.0,5118.0,5110.0,5300.0,5170.0,5056.0,5030.0,4900.0,4691.0,4433.0,4260.0,4273.0,4231.0,4228.0,4293.0,4273.0,4209.0,4196.0,4155.0,4028.0,4023.0,5216.0,5135.0,4923.0,4955.0,4844.0,4862.0,5029.0,4873.0,4753.0,4650.0,4475.0,4248.0,4052.0,3898.0,3970.0,3987.0,4048.0,4120.0,4100.0,4050.0,3942.0,3970.0,3883.0,3884.0,74.5,41348.0,0.0,9.0,223.0,243.0,282.0,280.0,274.0,248.0,271.0,297.0,303.0,380.0,425.0,443.0,381.0,362.0,303.0,244.0,180.0,173.0,173.0,159.0,254.0,185.0,145.0,139.0,4.1,4.5,5.4,5.3,5.4,4.9,5.1,5.7,6.0,7.6,8.7,9.4,8.6,8.5,7.1,5.8,4.3,4.0,4.0,3.8,6.1,4.5,3.6,3.5,10.0
Poinsett ,3.0,2.0,3.0,4.0,878.0,1053.0,1468.0,1843.0,519.0,979.0,2332.0,4222.0,5155.0,6580.0,6958.0,7105.0,10909.0,9507.0,8075.0,6335.0,4487.0,2729.0,3.6,6.2,3.6,6.3,10.8,16.2,21.96640077,24.44516338,32.6,39.5,42.04737733,45.97217729,51.1,38.0,27.11505922,17.65771595,5.6,6.3,8.871162678,11.92494338,16.3,26.9,76.4,60.6,510.0,988.0,1707.0,2706.0,3635.0,3778.0,81.0,272.0,292.0,292.0,22965.0,67.0,452.0,425.0,398.0,-26.0,-105.0,-130.0,15.0,22965.0,0.0,309.0,309.0,309.0,313.0,309.0,0.0,8.0,27.0,35.0,14.0,-180.0,-133.0,-106.0,-26.0,-97.0,-103.0,50.0,-11.0,-263.0,-238.0,-56.0,22954.0,22691.0,22453.0,22397.0,1.0,14.0,-2.0,0.0,11.9,12.9,13.0,19.8,18.8,17.7,-4.6,-5.8,0.7,0.4,1.2,1.6,-7.9,-5.9,-4.7,-4.3,-4.6,2.2,3.0,3.0,2.0,11451.0,11381.0,11340.0,11290.0,11250.0,11380.0,11204.0,10779.0,10657.0,10498.0,10722.0,10755.0,10423.0,10198.0,10177.0,10105.0,10108.0,10255.0,10070.0,9944.0,9638.0,9697.0,9880.0,9917.0,10914.0,10578.0,10517.0,10476.0,10543.0,10623.0,10448.0,9986.0,9979.0,9579.0,9758.0,9775.0,9556.0,9360.0,9489.0,9548.0,9675.0,9826.0,9687.0,9605.0,9091.0,9318.0,9555.0,9587.0,85.3,47372.0,1.0,3.0,537.0,803.0,823.0,814.0,707.0,757.0,756.0,793.0,678.0,919.0,964.0,980.0,867.0,838.0,688.0,557.0,433.0,429.0,383.0,339.0,547.0,379.0,325.0,330.0,4.7,7.1,7.3,7.2,6.3,6.7,6.7,7.4,6.4,8.8,9.0,9.1,8.3,8.2,6.8,5.5,4.3,4.2,3.8,3.4,5.7,3.9,3.3,3.3,2.0,11451.0,11381.0,11340.0,11290.0,11250.0,11380.0,11204.0,10779.0,10657.0,10498.0,10722.0,10755.0,10423.0,10198.0,10177.0,10105.0,10108.0,10255.0,10070.0,9944.0,9638.0,9697.0,9880.0,9917.0,10914.0,10578.0,10517.0,10476.0,10543.0,10623.0,10448.0,9986.0,9979.0,9579.0,9758.0,9775.0,9556.0,9360.0,9489.0,9548.0,9675.0,9826.0,9687.0,9605.0,9091.0,9318.0,9555.0,9587.0,85.3,47372.0,1.0,3.0,537.0,803.0,823.0,814.0,707.0,757.0,756.0,793.0,678.0,919.0,964.0,980.0,867.0,838.0,688.0,557.0,433.0,429.0,383.0,339.0,547.0,379.0,325.0,330.0,4.7,7.1,7.3,7.2,6.3,6.7,6.7,7.4,6.4,8.8,9.0,9.1,8.3,8.2,6.8,5.5,4.3,4.2,3.8,3.4,5.7,3.9,3.3,3.3,2.0
Polk ,7.0,11.0,7.0,8.0,1136.0,1478.0,1674.0,2330.0,418.0,857.0,2063.0,3467.0,3813.0,4887.0,5423.0,4853.0,5313.0,5332.0,4325.0,3706.0,2477.0,1709.0,5.1,8.1,4.6,9.2,19.4,25.4,32.99272116,34.35215947,33.1,36.2,37.95492721,35.82871908,37.6,27.4,17.3362262,12.61720192,9.9,10.9,11.71612542,17.20191953,25.2,32.6,65.0,50.1,379.0,984.0,2235.0,3434.0,4714.0,4653.0,52.0,204.0,204.0,202.0,19221.0,65.0,340.0,357.0,316.0,-25.0,292.0,148.0,208.0,19213.0,0.0,96.0,96.0,96.0,96.0,96.0,0.0,2.0,5.0,11.0,-13.0,-136.0,-153.0,-114.0,-25.0,294.0,153.0,219.0,-36.0,156.0,1.0,102.0,19177.0,19333.0,19334.0,19436.0,2.0,-2.0,1.0,-3.0,10.6,10.6,10.4,17.7,18.5,16.3,15.2,7.7,10.7,0.1,0.3,0.6,-7.1,-7.9,-5.9,15.3,7.9,11.3,7.0,7.0,11.0,8992.0,8992.0,8858.0,8657.0,8433.0,8622.0,8803.0,8783.0,8806.0,8762.0,9012.0,8929.0,8772.0,8545.0,8546.0,8362.0,8194.0,8027.0,8017.0,8005.0,7866.0,7640.0,7779.0,7744.0,8629.0,8578.0,8097.0,8007.0,7934.0,8187.0,8379.0,8345.0,8356.0,8101.0,8367.0,8246.0,8148.0,7950.0,8024.0,7887.0,7794.0,7665.0,7690.0,7674.0,7330.0,7294.0,7502.0,7463.0,81.6,45289.0,0.0,7.0,363.0,414.0,761.0,650.0,499.0,435.0,424.0,438.0,450.0,661.0,645.0,683.0,624.0,595.0,522.0,475.0,400.0,362.0,327.0,331.0,536.0,346.0,277.0,281.0,4.0,4.6,8.6,7.5,5.9,5.0,4.8,5.0,5.1,7.5,7.2,7.6,7.1,7.0,6.1,5.7,4.9,4.5,4.1,4.1,6.8,4.5,3.6,3.6,11.0,8992.0,8992.0,8858.0,8657.0,8433.0,8622.0,8803.0,8783.0,8806.0,8762.0,9012.0,8929.0,8772.0,8545.0,8546.0,8362.0,8194.0,8027.0,8017.0,8005.0,7866.0,7640.0,7779.0,7744.0,8629.0,8578.0,8097.0,8007.0,7934.0,8187.0,8379.0,8345.0,8356.0,8101.0,8367.0,8246.0,8148.0,7950.0,8024.0,7887.0,7794.0,7665.0,7690.0,7674.0,7330.0,7294.0,7502.0,7463.0,81.6,45289.0,0.0,7.0,363.0,414.0,761.0,650.0,499.0,435.0,424.0,438.0,450.0,661.0,645.0,683.0,624.0,595.0,522.0,475.0,400.0,362.0,327.0,331.0,536.0,346.0,277.0,281.0,4.0,4.6,8.6,7.5,5.9,5.0,4.8,5.0,5.1,7.5,7.2,7.6,7.1,7.0,6.1,5.7,4.9,4.5,4.1,4.1,6.8,4.5,3.6,3.6,11.0
Pope ,5.0,8.0,5.0,7.0,4122.0,6513.0,7722.0,10224.0,1144.0,2608.0,4001.0,7471.0,8549.0,11501.0,13439.0,14526.0,8887.0,9397.0,9374.0,7734.0,6929.0,5819.0,7.5,11.8,8.1,12.0,21.2,24.9,27.199689,26.33975904,30.6,33.5,34.82959699,35.00240964,33.5,22.6,17.9577556,14.02168675,14.7,19.0,20.0129584,24.63614458,26.2,33.8,58.2,42.5,1236.0,2650.0,5931.0,8549.0,10495.0,10931.0,175.0,696.0,730.0,729.0,63381.0,182.0,770.0,760.0,682.0,10.0,387.0,313.0,478.0,63384.0,0.0,2769.0,2606.0,2600.0,2603.0,2770.0,0.0,19.0,20.0,23.0,-7.0,-74.0,-30.0,47.0,10.0,406.0,333.0,501.0,26.0,368.0,275.0,540.0,63410.0,63778.0,64053.0,64593.0,23.0,36.0,-28.0,-8.0,10.9,11.4,11.3,12.1,11.9,10.6,6.1,4.9,7.4,0.3,0.3,0.4,-1.2,-0.5,0.7,6.4,5.2,7.8,5.0,5.0,8.0,26805.0,26697.0,26795.0,26784.0,27511.0,29303.0,29809.0,29863.0,30116.0,29455.0,30095.0,30519.0,30198.0,29901.0,29921.0,29886.0,29332.0,29089.0,28812.0,28801.0,27387.0,26850.0,27351.0,28530.0,25683.0,25555.0,25432.0,25277.0,26061.0,27983.0,28375.0,28420.0,28654.0,27263.0,27834.0,28246.0,28091.0,27768.0,28094.0,28333.0,27981.0,27789.0,27544.0,27581.0,25735.0,25759.0,26322.0,27428.0,104.3,57881.0,0.0,5.0,1122.0,1142.0,1363.0,1507.0,1450.0,1320.0,1434.0,1443.0,1462.0,2192.0,2261.0,2273.0,2107.0,2133.0,1827.0,1553.0,1351.0,1300.0,1268.0,1220.0,1652.0,1091.0,1029.0,1102.0,4.2,4.3,5.1,5.6,5.3,4.5,4.8,4.8,4.9,7.4,7.5,7.4,7.0,7.1,6.1,5.2,4.6,4.5,4.4,4.2,6.0,4.1,3.8,3.9,8.0,26805.0,26697.0,26795.0,26784.0,27511.0,29303.0,29809.0,29863.0,30116.0,29455.0,30095.0,30519.0,30198.0,29901.0,29921.0,29886.0,29332.0,29089.0,28812.0,28801.0,27387.0,26850.0,27351.0,28530.0,25683.0,25555.0,25432.0,25277.0,26061.0,27983.0,28375.0,28420.0,28654.0,27263.0,27834.0,28246.0,28091.0,27768.0,28094.0,28333.0,27981.0,27789.0,27544.0,27581.0,25735.0,25759.0,26322.0,27428.0,104.3,57881.0,0.0,5.0,1122.0,1142.0,1363.0,1507.0,1450.0,1320.0,1434.0,1443.0,1462.0,2192.0,2261.0,2273.0,2107.0,2133.0,1827.0,1553.0,1351.0,1300.0,1268.0,1220.0,1652.0,1091.0,1029.0,1102.0,4.2,4.3,5.1,5.6,5.3,4.5,4.8,4.8,4.9,7.4,7.5,7.4,7.0,7.1,6.1,5.2,4.6,4.5,4.4,4.2,6.0,4.1,3.8,3.9,8.0
Prairie ,8.0,7.0,8.0,6.0,451.0,592.0,629.0,991.0,197.0,395.0,1244.0,1785.0,2174.0,2543.0,2756.0,2605.0,4101.0,3456.0,2727.0,2080.0,1452.0,835.0,3.4,6.5,3.8,6.7,14.2,20.4,21.95869635,25.30343898,34.9,38.8,44.46595676,43.91436278,43.7,31.8,23.42691191,14.0761969,7.2,9.0,10.14843498,16.70600135,21.6,29.6,71.2,57.2,220.0,402.0,884.0,1335.0,1361.0,1501.0,15.0,69.0,79.0,79.0,8282.0,33.0,152.0,151.0,143.0,-19.0,-72.0,57.0,23.0,8287.0,1.0,135.0,135.0,135.0,135.0,135.0,0.0,0.0,-1.0,-1.0,-18.0,-83.0,-72.0,-64.0,-19.0,-72.0,56.0,22.0,-38.0,-154.0,-18.0,-41.0,8249.0,8095.0,8077.0,8036.0,-1.0,1.0,-2.0,1.0,8.4,9.8,9.8,18.6,18.7,17.7,-8.8,7.0,2.9,0.0,-0.1,-0.1,-10.2,-8.9,-7.9,-8.8,6.9,2.7,8.0,8.0,7.0,4406.0,4382.0,4495.0,4495.0,4369.0,4273.0,4455.0,4376.0,4369.0,4276.0,3964.0,3916.0,3842.0,3827.0,3841.0,3744.0,3656.0,3696.0,3534.0,3578.0,3551.0,3504.0,3504.0,3522.0,4216.0,4187.0,4269.0,4264.0,4141.0,4016.0,4201.0,4121.0,4123.0,3944.0,3613.0,3591.0,3563.0,3564.0,3624.0,3571.0,3516.0,3544.0,3399.0,3426.0,3357.0,3374.0,3403.0,3413.0,91.9,51017.0,0.0,8.0,190.0,195.0,226.0,231.0,228.0,257.0,254.0,255.0,246.0,332.0,351.0,325.0,279.0,263.0,217.0,173.0,140.0,152.0,135.0,152.0,194.0,130.0,101.0,109.0,4.3,4.5,5.0,5.1,5.2,6.0,5.7,5.8,5.6,7.8,8.9,8.3,7.3,6.9,5.6,4.6,3.8,4.1,3.8,4.2,5.5,3.7,2.9,3.1,7.0,4406.0,4382.0,4495.0,4495.0,4369.0,4273.0,4455.0,4376.0,4369.0,4276.0,3964.0,3916.0,3842.0,3827.0,3841.0,3744.0,3656.0,3696.0,3534.0,3578.0,3551.0,3504.0,3504.0,3522.0,4216.0,4187.0,4269.0,4264.0,4141.0,4016.0,4201.0,4121.0,4123.0,3944.0,3613.0,3591.0,3563.0,3564.0,3624.0,3571.0,3516.0,3544.0,3399.0,3426.0,3357.0,3374.0,3403.0,3413.0,91.9,51017.0,0.0,8.0,190.0,195.0,226.0,231.0,228.0,257.0,254.0,255.0,246.0,332.0,351.0,325.0,279.0,263.0,217.0,173.0,140.0,152.0,135.0,152.0,194.0,130.0,101.0,109.0,4.3,4.5,5.0,5.1,5.2,6.0,5.7,5.8,5.6,7.8,8.9,8.3,7.3,6.9,5.6,4.6,3.8,4.1,3.8,4.2,5.5,3.7,2.9,3.1,7.0
Pulaski ,2.0,2.0,2.0,4.0,52402.0,66324.0,80590.0,101068.0,17684.0,36849.0,53123.0,70021.0,63370.0,63911.0,70066.0,67972.0,64328.0,55342.0,46784.0,36873.0,27767.0,21745.0,11.4,18.8,12.8,17.0,27.1,29.2,30.12692234,29.47393325,28.4,27.1,27.43887873,25.12670183,21.0,15.6,10.87396663,8.038311825,23.5,28.1,31.56023231,37.36105309,34.3,35.8,41.5,28.3,19896.0,33290.0,60444.0,68813.0,76930.0,79732.0,1188.0,4935.0,4979.0,5002.0,399125.0,1085.0,4723.0,4737.0,4064.0,-116.0,-1758.0,804.0,-804.0,399125.0,4.0,8903.0,8810.0,9347.0,9372.0,8904.0,17.0,167.0,378.0,489.0,103.0,212.0,242.0,938.0,-99.0,-1591.0,1182.0,-315.0,149.0,-1166.0,1279.0,622.0,399274.0,398108.0,399387.0,400009.0,145.0,213.0,-145.0,-1.0,12.4,12.5,12.5,11.8,11.9,10.2,-4.4,2.0,-2.0,0.4,0.9,1.2,0.5,0.6,2.3,-4.0,3.0,-0.8,2.0,2.0,2.0,184451.0,183356.0,182993.0,182761.0,186044.0,188891.0,187285.0,188562.0,189490.0,189196.0,189160.0,189186.0,189310.0,187838.0,185985.0,186837.0,187419.0,188436.0,187319.0,187945.0,186410.0,185396.0,189421.0,193033.0,177647.0,175727.0,174184.0,173406.0,176555.0,179725.0,178197.0,179494.0,180574.0,176754.0,175899.0,175745.0,176846.0,175881.0,175968.0,178413.0,180752.0,181973.0,180881.0,181625.0,172305.0,176355.0,183068.0,186868.0,102.8,57057.0,1.0,2.0,6804.0,7629.0,8809.0,9355.0,9489.0,9166.0,9088.0,9068.0,8916.0,12442.0,13261.0,13441.0,12464.0,11957.0,10017.0,8424.0,6667.0,6463.0,6438.0,6320.0,14105.0,9041.0,6353.0,6165.0,3.7,4.2,4.8,5.1,5.1,4.9,4.9,4.8,4.7,6.6,7.0,7.1,6.6,6.4,5.4,4.5,3.6,3.4,3.4,3.4,7.6,4.9,3.4,3.2,2.0,184451.0,183356.0,182993.0,182761.0,186044.0,188891.0,187285.0,188562.0,189490.0,189196.0,189160.0,189186.0,189310.0,187838.0,185985.0,186837.0,187419.0,188436.0,187319.0,187945.0,186410.0,185396.0,189421.0,193033.0,177647.0,175727.0,174184.0,173406.0,176555.0,179725.0,178197.0,179494.0,180574.0,176754.0,175899.0,175745.0,176846.0,175881.0,175968.0,178413.0,180752.0,181973.0,180881.0,181625.0,172305.0,176355.0,183068.0,186868.0,102.8,57057.0,1.0,2.0,6804.0,7629.0,8809.0,9355.0,9489.0,9166.0,9088.0,9068.0,8916.0,12442.0,13261.0,13441.0,12464.0,11957.0,10017.0,8424.0,6667.0,6463.0,6438.0,6320.0,14105.0,9041.0,6353.0,6165.0,3.7,4.2,4.8,5.1,5.1,4.9,4.9,4.8,4.7,6.6,7.0,7.1,6.6,6.4,5.4,4.5,3.6,3.4,3.4,3.4,7.6,4.9,3.4,3.2,2.0
Randolph ,7.0,9.0,7.0,8.0,858.0,1294.0,1355.0,1850.0,200.0,644.0,1354.0,2945.0,3721.0,4684.0,4958.0,5182.0,5698.0,5880.0,4969.0,3755.0,2448.0,1782.0,2.6,6.3,4.2,7.0,12.3,20.3,28.92836862,31.01667058,34.2,38.4,40.22065385,40.55725131,45.6,30.8,19.85884643,13.9469359,7.9,10.6,10.99213109,14.47914221,17.9,28.9,75.3,57.8,315.0,710.0,1344.0,2474.0,3566.0,3963.0,54.0,218.0,259.0,246.0,18571.0,59.0,303.0,285.0,265.0,21.0,305.0,20.0,41.0,18574.0,0.0,338.0,338.0,338.0,338.0,338.0,0.0,25.0,30.0,32.0,-5.0,-85.0,-26.0,-19.0,21.0,330.0,50.0,73.0,21.0,244.0,13.0,55.0,18595.0,18839.0,18852.0,18907.0,5.0,-1.0,-11.0,1.0,11.6,13.7,13.0,16.2,15.1,14.0,16.3,1.1,2.2,1.3,1.6,1.7,-4.5,-1.4,-1.0,17.6,2.7,3.9,7.0,7.0,9.0,8293.0,8202.0,8318.0,7897.0,7721.0,7801.0,7722.0,7568.0,7497.0,7631.0,7246.0,7146.0,6891.0,6727.0,6592.0,6209.0,6534.0,6922.0,7120.0,7245.0,7320.0,7193.0,7147.0,7075.0,7862.0,7633.0,7710.0,7160.0,7094.0,7188.0,7161.0,6856.0,6889.0,6935.0,6530.0,6376.0,6175.0,6103.0,6084.0,5772.0,6232.0,6632.0,6838.0,6968.0,6877.0,6903.0,6911.0,6824.0,82.2,45638.0,0.0,7.0,431.0,569.0,608.0,737.0,627.0,613.0,561.0,712.0,608.0,696.0,716.0,770.0,716.0,624.0,508.0,437.0,302.0,290.0,282.0,277.0,443.0,290.0,236.0,251.0,5.2,6.9,7.3,9.3,8.1,7.9,7.3,9.4,8.1,9.1,9.9,10.8,10.4,9.3,7.7,7.0,4.6,4.2,4.0,3.8,6.1,4.0,3.3,3.5,9.0,8293.0,8202.0,8318.0,7897.0,7721.0,7801.0,7722.0,7568.0,7497.0,7631.0,7246.0,7146.0,6891.0,6727.0,6592.0,6209.0,6534.0,6922.0,7120.0,7245.0,7320.0,7193.0,7147.0,7075.0,7862.0,7633.0,7710.0,7160.0,7094.0,7188.0,7161.0,6856.0,6889.0,6935.0,6530.0,6376.0,6175.0,6103.0,6084.0,5772.0,6232.0,6632.0,6838.0,6968.0,6877.0,6903.0,6911.0,6824.0,82.2,45638.0,0.0,7.0,431.0,569.0,608.0,737.0,627.0,613.0,561.0,712.0,608.0,696.0,716.0,770.0,716.0,624.0,508.0,437.0,302.0,290.0,282.0,277.0,443.0,290.0,236.0,251.0,5.2,6.9,7.3,9.3,8.1,7.9,7.3,9.4,8.1,9.1,9.9,10.8,10.4,9.3,7.7,7.0,4.6,4.2,4.0,3.8,6.1,4.0,3.3,3.5,9.0
Saline ,2.0,2.0,2.0,4.0,4876.0,9130.0,16981.0,24828.0,1079.0,2552.0,5876.0,12568.0,15892.0,21027.0,26263.0,28527.0,11885.0,12341.0,11139.0,9858.0,8130.0,6403.0,5.4,8.2,6.4,11.4,22.2,28.3,30.03105252,31.40489227,38.7,37.7,35.76895838,32.74561796,27.1,17.7,11.07267379,7.349885786,11.9,16.4,23.12731532,28.49960398,29.2,40.5,59.1,39.8,1286.0,3536.0,9125.0,15781.0,22050.0,27359.0,332.0,1331.0,1417.0,1414.0,123416.0,295.0,1472.0,1575.0,1385.0,352.0,1681.0,2114.0,2050.0,123430.0,0.0,1289.0,1251.0,1288.0,1290.0,1289.0,1.0,14.0,58.0,86.0,37.0,-141.0,-158.0,29.0,353.0,1695.0,2172.0,2136.0,396.0,1556.0,2033.0,2159.0,123826.0,125382.0,127415.0,129574.0,6.0,2.0,19.0,-6.0,10.7,11.2,11.0,11.8,12.5,10.8,13.5,16.7,16.0,0.1,0.5,0.7,-1.1,-1.3,0.2,13.6,17.2,16.6,2.0,2.0,2.0,42748.0,42909.0,43270.0,43790.0,45332.0,46911.0,47899.0,48397.0,49402.0,49398.0,53348.0,53987.0,54644.0,55120.0,55039.0,56229.0,56952.0,57474.0,58322.0,59001.0,57931.0,58094.0,59981.0,61267.0,41368.0,41373.0,41436.0,41699.0,43272.0,44872.0,45768.0,46342.0,47224.0,46183.0,49934.0,50565.0,51443.0,52011.0,52439.0,53970.0,55170.0,55729.0,56548.0,57366.0,54956.0,56254.0,58390.0,59598.0,126.7,70330.0,1.0,2.0,1380.0,1536.0,1834.0,2091.0,2060.0,2039.0,2131.0,2055.0,2178.0,3215.0,3414.0,3422.0,3201.0,3109.0,2600.0,2259.0,1782.0,1745.0,1774.0,1635.0,2975.0,1840.0,1591.0,1669.0,3.2,3.6,4.2,4.8,4.5,4.3,4.4,4.2,4.4,6.5,6.4,6.3,5.9,5.6,4.7,4.0,3.1,3.0,3.0,2.8,5.1,3.2,2.7,2.7,2.0,42748.0,42909.0,43270.0,43790.0,45332.0,46911.0,47899.0,48397.0,49402.0,49398.0,53348.0,53987.0,54644.0,55120.0,55039.0,56229.0,56952.0,57474.0,58322.0,59001.0,57931.0,58094.0,59981.0,61267.0,41368.0,41373.0,41436.0,41699.0,43272.0,44872.0,45768.0,46342.0,47224.0,46183.0,49934.0,50565.0,51443.0,52011.0,52439.0,53970.0,55170.0,55729.0,56548.0,57366.0,54956.0,56254.0,58390.0,59598.0,126.7,70330.0,1.0,2.0,1380.0,1536.0,1834.0,2091.0,2060.0,2039.0,2131.0,2055.0,2178.0,3215.0,3414.0,3422.0,3201.0,3109.0,2600.0,2259.0,1782.0,1745.0,1774.0,1635.0,2975.0,1840.0,1591.0,1669.0,3.2,3.6,4.2,4.8,4.5,4.3,4.4,4.2,4.4,6.5,6.4,6.3,5.9,5.6,4.7,4.0,3.1,3.0,3.0,2.8,5.1,3.2,2.7,2.7,2.0
Scott ,6.0,6.0,8.0,6.0,400.0,601.0,763.0,748.0,132.0,226.0,1016.0,1861.0,2146.0,2654.0,2821.0,2981.0,3603.0,3471.0,3107.0,2473.0,1848.0,1065.0,2.7,3.7,4.1,7.8,16.0,19.8,26.42557226,30.60220035,31.9,37.2,38.20939997,43.15286624,46.2,34.6,25.03047542,15.41690793,5.9,8.4,10.33455235,10.82802548,20.5,30.9,72.7,57.6,205.0,470.0,1077.0,1413.0,1951.0,2114.0,33.0,110.0,121.0,122.0,9836.0,32.0,175.0,186.0,178.0,-6.0,23.0,68.0,107.0,9838.0,3.0,130.0,130.0,130.0,130.0,130.0,0.0,0.0,1.0,1.0,1.0,-65.0,-65.0,-56.0,-6.0,23.0,69.0,108.0,-4.0,-39.0,1.0,55.0,9834.0,9795.0,9796.0,9851.0,1.0,3.0,-3.0,3.0,11.2,12.4,12.4,17.8,19.0,18.1,2.3,6.9,10.9,0.0,0.1,0.1,-6.6,-6.6,-5.7,2.3,7.0,11.0,6.0,8.0,6.0,4937.0,4806.0,4890.0,4748.0,4583.0,4647.0,4869.0,4813.0,4827.0,4894.0,4756.0,4855.0,4710.0,4656.0,4614.0,4546.0,4469.0,4433.0,4363.0,4291.0,4272.0,4132.0,4184.0,4379.0,4767.0,4613.0,4678.0,4523.0,4351.0,4435.0,4651.0,4588.0,4599.0,4564.0,4434.0,4529.0,4409.0,4373.0,4388.0,4333.0,4305.0,4279.0,4206.0,4148.0,4077.0,3991.0,4070.0,4247.0,76.7,42599.0,0.0,8.0,170.0,193.0,212.0,225.0,232.0,212.0,218.0,225.0,228.0,330.0,322.0,326.0,301.0,283.0,226.0,213.0,164.0,154.0,157.0,143.0,195.0,141.0,114.0,132.0,3.4,4.0,4.3,4.7,5.1,4.6,4.5,4.7,4.7,6.7,6.8,6.7,6.4,6.1,4.9,4.7,3.7,3.5,3.6,3.3,4.6,3.4,2.7,3.0,6.0,4937.0,4806.0,4890.0,4748.0,4583.0,4647.0,4869.0,4813.0,4827.0,4894.0,4756.0,4855.0,4710.0,4656.0,4614.0,4546.0,4469.0,4433.0,4363.0,4291.0,4272.0,4132.0,4184.0,4379.0,4767.0,4613.0,4678.0,4523.0,4351.0,4435.0,4651.0,4588.0,4599.0,4564.0,4434.0,4529.0,4409.0,4373.0,4388.0,4333.0,4305.0,4279.0,4206.0,4148.0,4077.0,3991.0,4070.0,4247.0,76.7,42599.0,0.0,8.0,170.0,193.0,212.0,225.0,232.0,212.0,218.0,225.0,228.0,330.0,322.0,326.0,301.0,283.0,226.0,213.0,164.0,154.0,157.0,143.0,195.0,141.0,114.0,132.0,3.4,4.0,4.3,4.7,5.1,4.6,4.5,4.7,4.7,6.7,6.8,6.7,6.4,6.1,4.9,4.7,3.7,3.5,3.6,3.3,4.6,3.4,2.7,3.0,6.0
Searcy ,9.0,10.0,9.0,9.0,399.0,486.0,653.0,786.0,138.0,397.0,745.0,1534.0,1622.0,2353.0,2284.0,2095.0,3500.0,3271.0,2537.0,1852.0,1518.0,1146.0,3.0,7.1,4.7,7.1,14.8,19.0,24.74662162,29.86764194,30.3,40.6,38.58108108,36.48554511,47.4,32.0,25.64189189,19.95820272,7.5,8.4,11.03040541,13.68861024,16.2,27.4,76.1,58.4,216.0,396.0,794.0,1101.0,1465.0,1715.0,25.0,72.0,72.0,74.0,7828.0,24.0,141.0,159.0,154.0,10.0,124.0,99.0,-21.0,7828.0,0.0,59.0,59.0,59.0,59.0,59.0,0.0,1.0,1.0,1.0,1.0,-69.0,-87.0,-80.0,10.0,125.0,100.0,-20.0,12.0,53.0,13.0,-100.0,7840.0,7893.0,7906.0,7806.0,1.0,-3.0,0.0,0.0,9.2,9.1,9.4,17.9,20.1,19.6,15.8,12.5,-2.7,0.1,0.1,0.1,-8.8,-11.0,-10.2,15.9,12.7,-2.5,9.0,9.0,10.0,3309.0,3245.0,3345.0,3402.0,3335.0,3391.0,3509.0,3579.0,3591.0,3555.0,3388.0,3318.0,3232.0,3143.0,3016.0,3039.0,2994.0,2935.0,2907.0,2882.0,2827.0,2858.0,2826.0,2875.0,3148.0,3084.0,3186.0,3217.0,3147.0,3221.0,3340.0,3401.0,3399.0,3285.0,3088.0,3028.0,2977.0,2899.0,2829.0,2870.0,2857.0,2798.0,2782.0,2753.0,2642.0,2733.0,2702.0,2750.0,68.6,38070.0,0.0,9.0,161.0,161.0,159.0,185.0,188.0,170.0,169.0,178.0,192.0,270.0,300.0,290.0,255.0,244.0,187.0,169.0,137.0,137.0,125.0,129.0,185.0,125.0,124.0,125.0,4.9,5.0,4.8,5.4,5.6,5.0,4.8,5.0,5.3,7.6,8.9,8.7,7.9,7.8,6.2,5.6,4.6,4.7,4.3,4.5,6.5,4.4,4.4,4.3,10.0,3309.0,3245.0,3345.0,3402.0,3335.0,3391.0,3509.0,3579.0,3591.0,3555.0,3388.0,3318.0,3232.0,3143.0,3016.0,3039.0,2994.0,2935.0,2907.0,2882.0,2827.0,2858.0,2826.0,2875.0,3148.0,3084.0,3186.0,3217.0,3147.0,3221.0,3340.0,3401.0,3399.0,3285.0,3088.0,3028.0,2977.0,2899.0,2829.0,2870.0,2857.0,2798.0,2782.0,2753.0,2642.0,2733.0,2702.0,2750.0,68.6,38070.0,0.0,9.0,161.0,161.0,159.0,185.0,188.0,170.0,169.0,178.0,192.0,270.0,300.0,290.0,255.0,244.0,187.0,169.0,137.0,137.0,125.0,129.0,185.0,125.0,124.0,125.0,4.9,5.0,4.8,5.4,5.6,5.0,4.8,5.0,5.3,7.6,8.9,8.7,7.9,7.8,6.2,5.6,4.6,4.7,4.3,4.5,6.5,4.4,4.4,4.3,10.0
Sebastian ,2.0,2.0,3.0,4.0,9378.0,12383.0,15306.0,21075.0,3216.0,6761.0,13929.0,20017.0,19529.0,23262.0,25900.0,26146.0,22280.0,20167.0,18228.0,17475.0,14430.0,12810.0,7.2,11.9,11.5,17.1,26.7,28.8,32.05510234,30.54620342,30.4,31.2,31.63011089,30.25002025,28.3,23.4,17.62249035,14.82072819,14.6,16.6,18.69229642,24.38304814,31.3,35.4,50.0,35.6,5125.0,9661.0,17184.0,21481.0,26248.0,26402.0,373.0,1545.0,1614.0,1604.0,127799.0,336.0,1737.0,1692.0,1511.0,-66.0,587.0,736.0,-286.0,127797.0,3.0,1810.0,1825.0,1997.0,2012.0,1810.0,4.0,69.0,124.0,181.0,37.0,-192.0,-78.0,93.0,-62.0,656.0,860.0,-105.0,11.0,534.0,767.0,-11.0,127808.0,128342.0,129109.0,129098.0,36.0,70.0,-15.0,1.0,12.1,12.5,12.4,13.6,13.1,11.7,4.6,5.7,-2.2,0.5,1.0,1.4,-1.5,-0.6,0.7,5.1,6.7,-0.8,2.0,3.0,2.0,56523.0,56607.0,56654.0,56506.0,57393.0,59129.0,60086.0,61570.0,61428.0,60333.0,59472.0,59300.0,59261.0,58482.0,57622.0,57971.0,57697.0,57208.0,56461.0,56308.0,55436.0,54271.0,54978.0,55851.0,54646.0,54415.0,54197.0,53773.0,54696.0,56589.0,57278.0,58352.0,58413.0,55783.0,54881.0,54399.0,54791.0,54232.0,54425.0,55224.0,55543.0,55131.0,54466.0,54485.0,52065.0,52239.0,53329.0,53953.0,94.9,52679.0,1.0,3.0,1877.0,2192.0,2457.0,2733.0,2697.0,2540.0,2808.0,3218.0,3015.0,4550.0,4591.0,4901.0,4470.0,4250.0,3197.0,2747.0,2154.0,2077.0,1995.0,1823.0,3371.0,2032.0,1649.0,1898.0,3.3,3.9,4.3,4.8,4.7,4.3,4.7,5.2,4.9,7.5,7.7,8.3,7.5,7.3,5.5,4.7,3.7,3.6,3.5,3.2,6.1,3.7,3.0,3.4,2.0,56523.0,56607.0,56654.0,56506.0,57393.0,59129.0,60086.0,61570.0,61428.0,60333.0,59472.0,59300.0,59261.0,58482.0,57622.0,57971.0,57697.0,57208.0,56461.0,56308.0,55436.0,54271.0,54978.0,55851.0,54646.0,54415.0,54197.0,53773.0,54696.0,56589.0,57278.0,58352.0,58413.0,55783.0,54881.0,54399.0,54791.0,54232.0,54425.0,55224.0,55543.0,55131.0,54466.0,54485.0,52065.0,52239.0,53329.0,53953.0,94.9,52679.0,1.0,3.0,1877.0,2192.0,2457.0,2733.0,2697.0,2540.0,2808.0,3218.0,3015.0,4550.0,4591.0,4901.0,4470.0,4250.0,3197.0,2747.0,2154.0,2077.0,1995.0,1823.0,3371.0,2032.0,1649.0,1898.0,3.3,3.9,4.3,4.8,4.7,4.3,4.7,5.2,4.9,7.5,7.7,8.3,7.5,7.3,5.5,4.7,3.7,3.6,3.5,3.2,6.1,3.7,3.0,3.4,2.0
Sevier ,6.0,6.0,6.0,6.0,634.0,907.0,894.0,1049.0,413.0,726.0,1709.0,2902.0,3022.0,3324.0,3345.0,3152.0,4072.0,4052.0,3631.0,3479.0,3520.0,2636.0,6.3,8.5,6.0,10.0,17.7,21.6,25.65159065,28.76640967,34.1,33.8,32.05251054,32.84017504,41.0,35.4,33.72939824,27.46405501,7.2,9.2,8.566500575,10.92936028,25.9,34.0,61.8,47.5,395.0,855.0,1568.0,2118.0,2677.0,2761.0,48.0,221.0,262.0,180.0,15839.0,40.0,228.0,215.0,201.0,-68.0,-69.0,-14.0,-91.0,15839.0,3.0,110.0,110.0,110.0,110.0,110.0,1.0,5.0,-2.0,5.0,8.0,-7.0,47.0,-21.0,-67.0,-64.0,-16.0,-86.0,-61.0,-64.0,24.0,-106.0,15778.0,15714.0,15738.0,15632.0,-2.0,7.0,-7.0,1.0,14.0,16.7,11.5,14.5,13.7,12.8,-4.4,-0.9,-5.8,0.3,-0.1,0.3,-0.4,3.0,-1.3,-4.1,-1.0,-5.5,6.0,6.0,6.0,7244.0,7333.0,7401.0,7462.0,7525.0,7586.0,7672.0,7694.0,7543.0,7541.0,7089.0,6402.0,6224.0,6018.0,5889.0,5688.0,5704.0,5665.0,5562.0,5476.0,5446.0,5282.0,5355.0,5439.0,6972.0,7030.0,7086.0,7120.0,7182.0,7262.0,7358.0,7372.0,7240.0,7105.0,6613.0,5842.0,5706.0,5533.0,5491.0,5348.0,5427.0,5407.0,5309.0,5217.0,5122.0,5043.0,5152.0,5234.0,89.0,49384.0,0.0,6.0,272.0,303.0,315.0,342.0,343.0,324.0,314.0,322.0,303.0,436.0,476.0,560.0,518.0,485.0,398.0,340.0,277.0,258.0,253.0,259.0,324.0,239.0,203.0,205.0,3.8,4.1,4.3,4.6,4.6,4.3,4.1,4.2,4.0,5.8,6.7,8.7,8.3,8.1,6.8,6.0,4.9,4.6,4.5,4.7,5.9,4.5,3.8,3.8,6.0,7244.0,7333.0,7401.0,7462.0,7525.0,7586.0,7672.0,7694.0,7543.0,7541.0,7089.0,6402.0,6224.0,6018.0,5889.0,5688.0,5704.0,5665.0,5562.0,5476.0,5446.0,5282.0,5355.0,5439.0,6972.0,7030.0,7086.0,7120.0,7182.0,7262.0,7358.0,7372.0,7240.0,7105.0,6613.0,5842.0,5706.0,5533.0,5491.0,5348.0,5427.0,5407.0,5309.0,5217.0,5122.0,5043.0,5152.0,5234.0,89.0,49384.0,0.0,6.0,272.0,303.0,315.0,342.0,343.0,324.0,314.0,322.0,303.0,436.0,476.0,560.0,518.0,485.0,398.0,340.0,277.0,258.0,253.0,259.0,324.0,239.0,203.0,205.0,3.8,4.1,4.3,4.6,4.6,4.3,4.1,4.2,4.0,5.8,6.7,8.7,8.3,8.1,6.8,6.0,4.9,4.6,4.5,4.7,5.9,4.5,3.8,3.8,6.0
Sharp ,7.0,9.0,9.0,9.0,876.0,1261.0,1394.0,1521.0,282.0,798.0,1147.0,3485.0,3789.0,4713.0,5728.0,5172.0,3573.0,4495.0,3572.0,3328.0,1942.0,1867.0,5.3,8.2,5.9,9.6,18.1,24.3,27.19093903,32.86801035,37.7,38.3,46.01172785,40.56152459,35.5,27.1,15.59964656,14.64198886,8.7,10.3,11.19768656,11.9284762,21.6,35.9,67.2,46.3,315.0,935.0,1823.0,2992.0,3385.0,4191.0,45.0,180.0,186.0,180.0,17271.0,64.0,315.0,336.0,302.0,63.0,532.0,284.0,254.0,17274.0,0.0,179.0,179.0,179.0,179.0,179.0,0.0,1.0,0.0,0.0,-19.0,-135.0,-150.0,-122.0,63.0,533.0,284.0,254.0,40.0,377.0,145.0,132.0,17314.0,17691.0,17836.0,17968.0,-4.0,-21.0,11.0,0.0,10.3,10.5,10.1,18.0,18.9,16.9,30.4,16.0,14.2,0.1,0.0,0.0,-7.7,-8.4,-6.8,30.5,16.0,14.2,7.0,9.0,9.0,6565.0,6516.0,6445.0,6451.0,6481.0,6507.0,6468.0,6364.0,6237.0,6221.0,6302.0,6259.0,6127.0,6050.0,6006.0,6028.0,6062.0,5961.0,5748.0,5710.0,5618.0,5574.0,5767.0,5940.0,6227.0,6125.0,5969.0,5905.0,5978.0,6036.0,6027.0,5929.0,5770.0,5656.0,5706.0,5617.0,5529.0,5475.0,5510.0,5618.0,5731.0,5660.0,5475.0,5431.0,5208.0,5296.0,5536.0,5706.0,82.4,45740.0,0.0,9.0,338.0,391.0,476.0,546.0,503.0,471.0,441.0,435.0,467.0,565.0,596.0,642.0,598.0,575.0,496.0,410.0,331.0,301.0,273.0,279.0,410.0,278.0,231.0,234.0,5.1,6.0,7.4,8.5,7.8,7.2,6.8,6.8,7.5,9.1,9.5,10.3,9.8,9.5,8.3,6.8,5.5,5.0,4.7,4.9,7.3,5.0,4.0,3.9,9.0,6565.0,6516.0,6445.0,6451.0,6481.0,6507.0,6468.0,6364.0,6237.0,6221.0,6302.0,6259.0,6127.0,6050.0,6006.0,6028.0,6062.0,5961.0,5748.0,5710.0,5618.0,5574.0,5767.0,5940.0,6227.0,6125.0,5969.0,5905.0,5978.0,6036.0,6027.0,5929.0,5770.0,5656.0,5706.0,5617.0,5529.0,5475.0,5510.0,5618.0,5731.0,5660.0,5475.0,5431.0,5208.0,5296.0,5536.0,5706.0,82.4,45740.0,0.0,9.0,338.0,391.0,476.0,546.0,503.0,471.0,441.0,435.0,467.0,565.0,596.0,642.0,598.0,575.0,496.0,410.0,331.0,301.0,273.0,279.0,410.0,278.0,231.0,234.0,5.1,6.0,7.4,8.5,7.8,7.2,6.8,6.8,7.5,9.1,9.5,10.3,9.8,9.5,8.3,6.8,5.5,5.0,4.7,4.9,7.3,5.0,4.0,3.9,9.0
St. Francis ,6.0,3.0,6.0,2.0,1418.0,1746.0,2134.0,2083.0,906.0,1299.0,2775.0,4566.0,4811.0,5953.0,7096.0,7132.0,10224.0,8881.0,7484.0,6334.0,4474.0,2311.0,6.2,8.0,5.6,8.8,17.7,22.8,27.78626759,28.60063185,28.9,32.8,37.39263319,44.18014,44.9,34.9,23.57590768,14.31580252,8.5,9.6,11.24519155,12.90342563,18.8,28.3,69.4,54.9,821.0,1416.0,2940.0,4140.0,5273.0,4617.0,60.0,300.0,282.0,269.0,23090.0,79.0,321.0,344.0,329.0,-53.0,-308.0,-285.0,-282.0,23094.0,4.0,3432.0,3433.0,3432.0,3436.0,3432.0,0.0,24.0,38.0,42.0,-19.0,-21.0,-62.0,-60.0,-53.0,-284.0,-247.0,-240.0,-73.0,-306.0,-313.0,-301.0,23021.0,22715.0,22402.0,22101.0,-1.0,-1.0,-4.0,-1.0,13.1,12.5,12.1,14.0,15.2,14.8,-13.5,-12.6,-12.7,1.0,1.7,1.9,-0.9,-2.7,-2.7,-12.4,-10.9,-10.8,6.0,6.0,3.0,10919.0,10780.0,10889.0,10904.0,10646.0,10711.0,10671.0,10427.0,10292.0,10343.0,9815.0,9789.0,9527.0,9220.0,9044.0,8992.0,8855.0,8360.0,8236.0,8119.0,7886.0,7544.0,7542.0,7455.0,10170.0,9966.0,10030.0,9905.0,9679.0,9791.0,9703.0,9409.0,9335.0,9281.0,8806.0,8747.0,8536.0,8284.0,8274.0,8351.0,8394.0,7937.0,7820.0,7707.0,7251.0,7077.0,7186.0,7084.0,68.6,38062.0,0.0,6.0,749.0,814.0,859.0,999.0,967.0,920.0,968.0,1018.0,957.0,1062.0,1009.0,1042.0,991.0,936.0,770.0,641.0,461.0,423.0,416.0,412.0,635.0,467.0,356.0,371.0,6.9,7.6,7.9,9.2,9.1,8.6,9.1,9.8,9.3,10.3,10.3,10.6,10.4,10.2,8.5,7.1,5.2,5.1,5.1,5.1,8.1,6.2,4.7,5.0,3.0,10919.0,10780.0,10889.0,10904.0,10646.0,10711.0,10671.0,10427.0,10292.0,10343.0,9815.0,9789.0,9527.0,9220.0,9044.0,8992.0,8855.0,8360.0,8236.0,8119.0,7886.0,7544.0,7542.0,7455.0,10170.0,9966.0,10030.0,9905.0,9679.0,9791.0,9703.0,9409.0,9335.0,9281.0,8806.0,8747.0,8536.0,8284.0,8274.0,8351.0,8394.0,7937.0,7820.0,7707.0,7251.0,7077.0,7186.0,7084.0,68.6,38062.0,0.0,6.0,749.0,814.0,859.0,999.0,967.0,920.0,968.0,1018.0,957.0,1062.0,1009.0,1042.0,991.0,936.0,770.0,641.0,461.0,423.0,416.0,412.0,635.0,467.0,356.0,371.0,6.9,7.6,7.9,9.2,9.1,8.6,9.1,9.8,9.3,10.3,10.3,10.6,10.4,10.2,8.5,7.1,5.2,5.1,5.1,5.1,8.1,6.2,4.7,5.0,3.0
Stone ,9.0,9.0,9.0,9.0,632.0,792.0,1166.0,1406.0,90.0,398.0,611.0,1655.0,2246.0,3124.0,3487.0,3413.0,3204.0,3300.0,2728.0,2595.0,1750.0,1279.0,2.2,7.0,3.8,5.8,17.1,19.8,28.42611223,33.28227571,33.2,38.5,38.97831433,37.34135667,40.4,32.0,19.56181534,13.99343545,9.4,9.8,13.0337581,15.38293217,15.0,29.1,78.9,58.1,156.0,330.0,1153.0,1608.0,2543.0,3042.0,25.0,119.0,126.0,126.0,12359.0,60.0,225.0,244.0,220.0,32.0,204.0,262.0,188.0,12354.0,0.0,136.0,136.0,136.0,136.0,136.0,0.0,-2.0,-6.0,-6.0,-35.0,-106.0,-118.0,-94.0,32.0,202.0,256.0,182.0,-5.0,92.0,144.0,86.0,12349.0,12441.0,12585.0,12671.0,-2.0,-4.0,6.0,-2.0,9.6,10.1,10.0,18.2,19.5,17.4,16.5,20.9,14.9,-0.2,-0.5,-0.5,-8.6,-9.4,-7.4,16.3,20.5,14.4,9.0,9.0,9.0,4666.0,4497.0,4521.0,4515.0,4470.0,4473.0,4701.0,4740.0,4683.0,4578.0,5517.0,5372.0,5071.0,4826.0,4735.0,4723.0,4748.0,4792.0,4759.0,4695.0,4545.0,4466.0,4505.0,4542.0,4464.0,4252.0,4231.0,4181.0,4139.0,4181.0,4437.0,4466.0,4378.0,4179.0,5115.0,4916.0,4670.0,4430.0,4382.0,4432.0,4504.0,4562.0,4546.0,4476.0,4216.0,4238.0,4322.0,4355.0,74.0,41063.0,0.0,9.0,202.0,245.0,290.0,334.0,331.0,292.0,264.0,274.0,305.0,399.0,402.0,456.0,401.0,396.0,353.0,291.0,244.0,230.0,213.0,219.0,329.0,228.0,183.0,187.0,4.3,5.4,6.4,7.4,7.4,6.5,5.6,5.8,6.5,8.7,7.3,8.5,7.9,8.2,7.5,6.2,5.1,4.8,4.5,4.7,7.2,5.1,4.1,4.1,9.0,4666.0,4497.0,4521.0,4515.0,4470.0,4473.0,4701.0,4740.0,4683.0,4578.0,5517.0,5372.0,5071.0,4826.0,4735.0,4723.0,4748.0,4792.0,4759.0,4695.0,4545.0,4466.0,4505.0,4542.0,4464.0,4252.0,4231.0,4181.0,4139.0,4181.0,4437.0,4466.0,4378.0,4179.0,5115.0,4916.0,4670.0,4430.0,4382.0,4432.0,4504.0,4562.0,4546.0,4476.0,4216.0,4238.0,4322.0,4355.0,74.0,41063.0,0.0,9.0,202.0,245.0,290.0,334.0,331.0,292.0,264.0,274.0,305.0,399.0,402.0,456.0,401.0,396.0,353.0,291.0,244.0,230.0,213.0,219.0,329.0,228.0,183.0,187.0,4.3,5.4,6.4,7.4,7.4,6.5,5.6,5.8,6.5,8.7,7.3,8.5,7.9,8.2,7.5,6.2,5.1,4.8,4.5,4.7,7.2,5.1,4.1,4.1,9.0
Union ,7.0,8.0,7.0,7.0,3825.0,4467.0,4535.0,4958.0,1993.0,3150.0,7950.0,10328.0,10065.0,10648.0,10080.0,10506.0,14098.0,12390.0,10300.0,7643.0,5066.0,3156.0,7.6,10.7,8.8,12.3,19.9,24.1,30.18446258,28.94756926,33.3,35.5,35.75736077,40.09005571,34.1,25.5,17.97091167,12.04304358,12.7,14.9,16.08726499,18.91933145,30.2,35.0,53.5,42.0,2317.0,3636.0,6012.0,7228.0,8509.0,7586.0,99.0,440.0,467.0,462.0,39054.0,149.0,635.0,618.0,573.0,-71.0,-369.0,-458.0,-358.0,39050.0,2.0,618.0,618.0,618.0,618.0,618.0,0.0,6.0,37.0,53.0,-50.0,-195.0,-151.0,-111.0,-71.0,-363.0,-421.0,-305.0,-119.0,-556.0,-562.0,-416.0,38931.0,38375.0,37813.0,37397.0,2.0,2.0,10.0,0.0,11.4,12.3,12.3,16.4,16.2,15.2,-9.5,-12.0,-9.5,0.2,1.0,1.4,-5.0,-4.0,-3.0,-9.4,-11.1,-8.1,7.0,7.0,8.0,20204.0,20298.0,21433.0,19870.0,19767.0,19953.0,19582.0,19204.0,19046.0,19089.0,17213.0,16952.0,16879.0,16740.0,16754.0,16999.0,16401.0,16093.0,15873.0,15652.0,15352.0,14775.0,14663.0,14751.0,19262.0,19287.0,20249.0,18323.0,18336.0,18575.0,18261.0,17869.0,17845.0,17141.0,15321.0,15234.0,15383.0,15338.0,15545.0,15973.0,15504.0,15239.0,15007.0,14845.0,14046.0,13875.0,13979.0,14067.0,90.5,50258.0,0.0,7.0,942.0,1011.0,1184.0,1547.0,1431.0,1378.0,1321.0,1335.0,1201.0,1948.0,1892.0,1718.0,1496.0,1402.0,1209.0,1026.0,897.0,854.0,866.0,807.0,1306.0,900.0,684.0,684.0,4.7,5.0,5.5,7.8,7.2,6.9,6.7,7.0,6.3,10.2,11.0,10.1,8.9,8.4,7.2,6.0,5.5,5.3,5.5,5.2,8.5,6.1,4.7,4.6,8.0,20204.0,20298.0,21433.0,19870.0,19767.0,19953.0,19582.0,19204.0,19046.0,19089.0,17213.0,16952.0,16879.0,16740.0,16754.0,16999.0,16401.0,16093.0,15873.0,15652.0,15352.0,14775.0,14663.0,14751.0,19262.0,19287.0,20249.0,18323.0,18336.0,18575.0,18261.0,17869.0,17845.0,17141.0,15321.0,15234.0,15383.0,15338.0,15545.0,15973.0,15504.0,15239.0,15007.0,14845.0,14046.0,13875.0,13979.0,14067.0,90.5,50258.0,0.0,7.0,942.0,1011.0,1184.0,1547.0,1431.0,1378.0,1321.0,1335.0,1201.0,1948.0,1892.0,1718.0,1496.0,1402.0,1209.0,1026.0,897.0,854.0,866.0,807.0,1306.0,900.0,684.0,684.0,4.7,5.0,5.5,7.8,7.2,6.9,6.7,7.0,6.3,10.2,11.0,10.1,8.9,8.4,7.2,6.0,5.5,5.3,5.5,5.2,8.5,6.1,4.7,4.6,8.0
Van Buren ,8.0,6.0,8.0,6.0,1043.0,1333.0,1687.0,1876.0,186.0,597.0,1109.0,3054.0,3466.0,4270.0,4809.0,5243.0,3643.0,4166.0,3714.0,3291.0,2237.0,1613.0,3.6,6.8,3.9,10.6,17.1,23.3,29.61798839,26.54777927,34.9,36.8,38.75725338,44.10329744,37.4,28.4,18.02869117,13.56830417,10.5,11.5,13.59606705,15.78061911,21.6,34.9,70.9,47.6,201.0,929.0,1695.0,2708.0,3675.0,3156.0,36.0,137.0,141.0,140.0,15796.0,64.0,270.0,324.0,298.0,33.0,105.0,485.0,189.0,15795.0,0.0,61.0,61.0,61.0,61.0,61.0,0.0,2.0,7.0,7.0,-28.0,-133.0,-183.0,-158.0,33.0,107.0,492.0,196.0,4.0,-22.0,326.0,39.0,15799.0,15777.0,16103.0,16142.0,-1.0,4.0,17.0,1.0,8.7,8.8,8.7,17.1,20.3,18.5,6.7,30.4,11.7,0.1,0.4,0.4,-8.4,-11.5,-9.8,6.8,30.9,12.2,8.0,8.0,6.0,6629.0,6797.0,6917.0,6867.0,6932.0,6955.0,7020.0,6964.0,6991.0,6997.0,6469.0,6735.0,6629.0,6530.0,6503.0,6453.0,6113.0,6040.0,5850.0,5728.0,5672.0,5763.0,5906.0,5940.0,6280.0,6386.0,6473.0,6385.0,6455.0,6524.0,6592.0,6545.0,6533.0,6275.0,5768.0,6021.0,5980.0,5910.0,5988.0,6026.0,5692.0,5708.0,5543.0,5447.0,5259.0,5480.0,5661.0,5701.0,84.9,47150.0,0.0,8.0,349.0,411.0,444.0,482.0,477.0,431.0,428.0,419.0,458.0,722.0,701.0,714.0,649.0,620.0,515.0,427.0,421.0,332.0,307.0,281.0,413.0,283.0,245.0,239.0,5.3,6.0,6.4,7.0,6.9,6.2,6.1,6.0,6.6,10.3,10.8,10.6,9.8,9.5,7.9,6.6,6.9,5.5,5.2,4.9,7.3,4.9,4.1,4.0,6.0,6629.0,6797.0,6917.0,6867.0,6932.0,6955.0,7020.0,6964.0,6991.0,6997.0,6469.0,6735.0,6629.0,6530.0,6503.0,6453.0,6113.0,6040.0,5850.0,5728.0,5672.0,5763.0,5906.0,5940.0,6280.0,6386.0,6473.0,6385.0,6455.0,6524.0,6592.0,6545.0,6533.0,6275.0,5768.0,6021.0,5980.0,5910.0,5988.0,6026.0,5692.0,5708.0,5543.0,5447.0,5259.0,5480.0,5661.0,5701.0,84.9,47150.0,0.0,8.0,349.0,411.0,444.0,482.0,477.0,431.0,428.0,419.0,458.0,722.0,701.0,714.0,649.0,620.0,515.0,427.0,421.0,332.0,307.0,281.0,413.0,283.0,245.0,239.0,5.3,6.0,6.4,7.0,6.9,6.2,6.1,6.0,6.6,10.3,10.8,10.6,9.8,9.5,7.9,6.6,6.9,5.5,5.2,4.9,7.3,4.9,4.1,4.0,6.0
Washington ,2.0,2.0,2.0,4.0,13642.0,23075.0,34344.0,53450.0,4998.0,9831.0,10124.0,17374.0,20921.0,28678.0,35465.0,43708.0,19904.0,19825.0,18249.0,19262.0,21628.0,19668.0,12.8,18.0,10.3,14.1,22.6,24.5,25.41600052,24.3433323,30.7,30.5,28.92835003,28.30535696,26.8,20.5,17.64168488,12.73702207,20.0,24.5,28.01396457,34.61428867,25.9,31.7,51.0,36.2,4007.0,7694.0,15384.0,23004.0,31159.0,37590.0,741.0,3059.0,3244.0,3279.0,245871.0,467.0,1987.0,2106.0,1869.0,591.0,3720.0,2788.0,2296.0,245866.0,0.0,9542.0,10788.0,11095.0,11102.0,9553.0,17.0,248.0,912.0,1125.0,274.0,1072.0,1138.0,1410.0,608.0,3968.0,3700.0,3421.0,908.0,4993.0,4915.0,4867.0,246774.0,251767.0,256682.0,261549.0,26.0,-47.0,77.0,36.0,12.3,12.8,12.7,8.0,8.3,7.2,14.9,11.0,8.9,1.0,3.6,4.3,4.3,4.5,5.4,15.9,14.6,13.2,2.0,2.0,2.0,82281.0,85287.0,89141.0,91258.0,94439.0,99971.0,101706.0,103418.0,102564.0,99100.0,102805.0,104405.0,105913.0,107521.0,111044.0,115733.0,118574.0,120668.0,121768.0,123833.0,125428.0,127316.0,133513.0,136783.0,79877.0,82757.0,86227.0,87837.0,90887.0,96587.0,97970.0,99365.0,98272.0,92956.0,96374.0,98139.0,100201.0,101904.0,106301.0,111702.0,115300.0,117523.0,118601.0,120822.0,119568.0,123612.0,130518.0,133649.0,111.9,62100.0,1.0,2.0,2404.0,2530.0,2914.0,3421.0,3552.0,3384.0,3736.0,4053.0,4292.0,6144.0,6431.0,6266.0,5712.0,5617.0,4743.0,4031.0,3274.0,3145.0,3167.0,3011.0,5860.0,3704.0,2995.0,3134.0,2.9,3.0,3.3,3.7,3.8,3.4,3.7,3.9,4.2,6.2,6.3,6.0,5.4,5.2,4.3,3.5,2.8,2.6,2.6,2.4,4.7,2.9,2.2,2.3,2.0,82281.0,85287.0,89141.0,91258.0,94439.0,99971.0,101706.0,103418.0,102564.0,99100.0,102805.0,104405.0,105913.0,107521.0,111044.0,115733.0,118574.0,120668.0,121768.0,123833.0,125428.0,127316.0,133513.0,136783.0,79877.0,82757.0,86227.0,87837.0,90887.0,96587.0,97970.0,99365.0,98272.0,92956.0,96374.0,98139.0,100201.0,101904.0,106301.0,111702.0,115300.0,117523.0,118601.0,120822.0,119568.0,123612.0,130518.0,133649.0,111.9,62100.0,1.0,2.0,2404.0,2530.0,2914.0,3421.0,3552.0,3384.0,3736.0,4053.0,4292.0,6144.0,6431.0,6266.0,5712.0,5617.0,4743.0,4031.0,3274.0,3145.0,3167.0,3011.0,5860.0,3704.0,2995.0,3134.0,2.9,3.0,3.3,3.7,3.8,3.4,3.7,3.9,4.2,6.2,6.3,6.0,5.4,5.2,4.3,3.5,2.8,2.6,2.6,2.4,4.7,2.9,2.2,2.3,2.0
White ,4.0,5.0,4.0,5.0,3680.0,6574.0,8772.0,10091.0,1172.0,2540.0,4780.0,8680.0,11371.0,15113.0,18108.0,20693.0,14432.0,14770.0,12620.0,11491.0,8512.0,6753.0,5.4,8.8,6.3,9.6,18.0,21.7,27.61632069,26.33593029,33.7,35.7,37.0344616,40.60874855,37.4,27.1,17.408733,13.25235002,10.9,15.5,17.94048471,19.80297113,22.0,30.2,66.3,51.4,1382.0,2747.0,6089.0,9188.0,13503.0,13420.0,200.0,831.0,898.0,902.0,76822.0,225.0,1078.0,1119.0,990.0,33.0,428.0,711.0,886.0,76824.0,0.0,2670.0,2515.0,2495.0,2496.0,2668.0,2.0,24.0,37.0,42.0,-25.0,-247.0,-221.0,-88.0,35.0,452.0,748.0,928.0,36.0,249.0,507.0,836.0,76860.0,77109.0,77616.0,78452.0,26.0,44.0,-20.0,-4.0,10.8,11.6,11.6,14.0,14.5,12.7,5.6,9.2,11.4,0.3,0.5,0.5,-3.2,-2.9,-1.1,5.9,9.7,11.9,4.0,4.0,5.0,30997.0,30685.0,30711.0,31019.0,31864.0,32218.0,31855.0,31667.0,32864.0,33917.0,36409.0,36645.0,36432.0,35304.0,34720.0,34681.0,34092.0,33628.0,33411.0,33626.0,33449.0,33347.0,33928.0,33782.0,29541.0,29094.0,28914.0,29086.0,29853.0,30172.0,30018.0,29556.0,30920.0,31176.0,33516.0,33620.0,33682.0,32619.0,32332.0,32557.0,32318.0,32090.0,31963.0,32142.0,31311.0,31988.0,32772.0,32610.0,102.5,56866.0,0.0,4.0,1456.0,1591.0,1797.0,1933.0,2011.0,2046.0,1837.0,2111.0,1944.0,2741.0,2893.0,3025.0,2750.0,2685.0,2388.0,2124.0,1774.0,1538.0,1448.0,1484.0,2138.0,1359.0,1156.0,1172.0,4.7,5.2,5.9,6.2,6.3,6.4,5.8,6.7,5.9,8.1,7.9,8.3,7.5,7.6,6.9,6.1,5.2,4.6,4.3,4.4,6.4,4.1,3.4,3.5,5.0,30997.0,30685.0,30711.0,31019.0,31864.0,32218.0,31855.0,31667.0,32864.0,33917.0,36409.0,36645.0,36432.0,35304.0,34720.0,34681.0,34092.0,33628.0,33411.0,33626.0,33449.0,33347.0,33928.0,33782.0,29541.0,29094.0,28914.0,29086.0,29853.0,30172.0,30018.0,29556.0,30920.0,31176.0,33516.0,33620.0,33682.0,32619.0,32332.0,32557.0,32318.0,32090.0,31963.0,32142.0,31311.0,31988.0,32772.0,32610.0,102.5,56866.0,0.0,4.0,1456.0,1591.0,1797.0,1933.0,2011.0,2046.0,1837.0,2111.0,1944.0,2741.0,2893.0,3025.0,2750.0,2685.0,2388.0,2124.0,1774.0,1538.0,1448.0,1484.0,2138.0,1359.0,1156.0,1172.0,4.7,5.2,5.9,6.2,6.3,6.4,5.8,6.7,5.9,8.1,7.9,8.3,7.5,7.6,6.9,6.1,5.2,4.6,4.3,4.4,6.4,4.1,3.4,3.5,5.0
Woodruff ,9.0,10.0,9.0,9.0,441.0,460.0,540.0,693.0,303.0,453.0,1065.0,1613.0,1817.0,2100.0,2244.0,2013.0,4588.0,3989.0,3034.0,2250.0,1291.0,745.0,4.9,7.0,4.4,6.5,10.6,15.9,19.3867458,20.86677368,30.7,36.7,44.39169139,46.15913781,51.3,39.4,25.53907023,17.08323779,7.5,8.0,10.68249258,15.89085072,17.1,24.9,73.7,61.6,272.0,418.0,625.0,906.0,980.0,910.0,13.0,66.0,69.0,70.0,6269.0,25.0,119.0,106.0,102.0,-32.0,-28.0,-53.0,-61.0,6272.0,0.0,108.0,108.0,108.0,108.0,108.0,0.0,0.0,0.0,0.0,-12.0,-53.0,-37.0,-32.0,-32.0,-28.0,-53.0,-61.0,-48.0,-78.0,-89.0,-93.0,6224.0,6146.0,6057.0,5964.0,-4.0,3.0,1.0,0.0,10.7,11.3,11.6,19.2,17.4,17.0,-4.5,-8.7,-10.1,0.0,0.0,0.0,-8.6,-6.1,-5.3,-4.5,-8.7,-10.1,9.0,9.0,10.0,3777.0,3868.0,4007.0,3802.0,3493.0,3432.0,3534.0,3494.0,3474.0,3353.0,3621.0,3540.0,3393.0,3254.0,3189.0,3043.0,2974.0,2925.0,2784.0,2744.0,2777.0,2721.0,2773.0,2843.0,3545.0,3625.0,3732.0,3443.0,3149.0,3116.0,3238.0,3185.0,3198.0,2988.0,3258.0,3170.0,3061.0,2953.0,2952.0,2851.0,2811.0,2783.0,2654.0,2603.0,2612.0,2583.0,2678.0,2742.0,74.3,41225.0,0.0,9.0,232.0,243.0,275.0,359.0,344.0,316.0,296.0,309.0,276.0,365.0,363.0,370.0,332.0,301.0,237.0,192.0,163.0,142.0,130.0,141.0,165.0,138.0,95.0,101.0,6.1,6.3,6.9,9.4,9.8,9.2,8.4,8.8,7.9,10.9,10.0,10.5,9.8,9.3,7.4,6.3,5.5,4.9,4.7,5.1,5.9,5.1,3.4,3.6,10.0,3777.0,3868.0,4007.0,3802.0,3493.0,3432.0,3534.0,3494.0,3474.0,3353.0,3621.0,3540.0,3393.0,3254.0,3189.0,3043.0,2974.0,2925.0,2784.0,2744.0,2777.0,2721.0,2773.0,2843.0,3545.0,3625.0,3732.0,3443.0,3149.0,3116.0,3238.0,3185.0,3198.0,2988.0,3258.0,3170.0,3061.0,2953.0,2952.0,2851.0,2811.0,2783.0,2654.0,2603.0,2612.0,2583.0,2678.0,2742.0,74.3,41225.0,0.0,9.0,232.0,243.0,275.0,359.0,344.0,316.0,296.0,309.0,276.0,365.0,363.0,370.0,332.0,301.0,237.0,192.0,163.0,142.0,130.0,141.0,165.0,138.0,95.0,101.0,6.1,6.3,6.9,9.4,9.8,9.2,8.4,8.8,7.9,10.9,10.0,10.5,9.8,9.3,7.4,6.3,5.5,4.9,4.7,5.1,5.9,5.1,3.4,3.6,10.0
Yell ,6.0,5.0,9.0,7.0,858.0,1490.0,1406.0,1970.0,226.0,535.0,2209.0,3724.0,4219.0,4874.0,5834.0,5464.0,5537.0,5463.0,4974.0,4903.0,4014.0,2545.0,2.7,5.0,5.3,8.7,13.6,17.5,22.1122569,27.47292681,36.3,35.7,40.37649664,39.71218839,42.8,35.9,27.78046924,18.49698379,7.4,10.9,9.730777216,14.31790101,26.2,35.0,65.8,51.3,445.0,924.0,1576.0,2392.0,3195.0,3780.0,57.0,250.0,255.0,254.0,20263.0,58.0,319.0,299.0,277.0,-44.0,-40.0,-11.0,-53.0,20256.0,3.0,242.0,242.0,242.0,242.0,242.0,2.0,19.0,22.0,27.0,-1.0,-69.0,-44.0,-23.0,-42.0,-21.0,11.0,-26.0,-44.0,-77.0,-44.0,-47.0,20212.0,20135.0,20091.0,20044.0,-1.0,13.0,-11.0,2.0,12.4,12.7,12.7,15.8,14.9,13.8,-2.0,-0.5,-2.6,0.9,1.1,1.3,-3.4,-2.2,-1.1,-1.0,0.5,-1.3,6.0,9.0,5.0,9939.0,9832.0,9848.0,9879.0,9980.0,10562.0,10763.0,10500.0,10517.0,10599.0,9722.0,9604.0,9326.0,9142.0,9128.0,9001.0,8700.0,8558.0,8435.0,8314.0,7794.0,7714.0,7841.0,8122.0,9547.0,9471.0,9412.0,9369.0,9485.0,10117.0,10273.0,10043.0,10045.0,9740.0,8967.0,8921.0,8725.0,8559.0,8627.0,8551.0,8311.0,8211.0,8085.0,7986.0,7387.0,7399.0,7548.0,7822.0,90.6,50275.0,0.0,9.0,392.0,361.0,436.0,510.0,495.0,445.0,490.0,457.0,472.0,859.0,755.0,683.0,601.0,583.0,501.0,450.0,389.0,347.0,350.0,328.0,407.0,315.0,293.0,300.0,3.9,3.7,4.4,5.2,5.0,4.2,4.6,4.4,4.5,8.1,7.8,7.1,6.4,6.4,5.5,5.0,4.5,4.1,4.1,3.9,5.2,4.1,3.7,3.7,5.0,9939.0,9832.0,9848.0,9879.0,9980.0,10562.0,10763.0,10500.0,10517.0,10599.0,9722.0,9604.0,9326.0,9142.0,9128.0,9001.0,8700.0,8558.0,8435.0,8314.0,7794.0,7714.0,7841.0,8122.0,9547.0,9471.0,9412.0,9369.0,9485.0,10117.0,10273.0,10043.0,10045.0,9740.0,8967.0,8921.0,8725.0,8559.0,8627.0,8551.0,8311.0,8211.0,8085.0,7986.0,7387.0,7399.0,7548.0,7822.0,90.6,50275.0,0.0,9.0,392.0,361.0,436.0,510.0,495.0,445.0,490.0,457.0,472.0,859.0,755.0,683.0,601.0,583.0,501.0,450.0,389.0,347.0,350.0,328.0,407.0,315.0,293.0,300.0,3.9,3.7,4.4,5.2,5.0,4.2,4.6,4.4,4.5,8.1,7.8,7.1,6.4,6.4,5.5,5.0,4.5,4.1,4.1,3.9,5.2,4.1,3.7,3.7,5.0
