FIPStxt,state,county,attribute,value
5001,AR,Arkansas ,Rural_Urban_Continuum_Code_2013,6
5001,AR,Arkansas ,Rural_Urban_Continuum_Code_2023,6
5001,AR,Arkansas ,Urban_Influence_2013,6
5001,AR,Arkansas ,Economic_typology_2015,3
5001,AR,Arkansas ,CENSUS_2020_POP,17149
5001,AR,Arkansas ,ESTIMATES_BASE_2020,17148
5001,AR,Arkansas ,POP_ESTIMATE_2020,17107
5001,AR,Arkansas ,POP_ESTIMATE_2021,16687
5001,AR,Arkansas ,POP_ESTIMATE_2022,16498
5001,AR,Arkansas ,POP_ESTIMATE_2023,16307
5001,AR,Arkansas ,N_POP_CHG_2020,-41
5001,AR,Arkansas ,N_POP_CHG_2021,-420
5001,AR,Arkansas ,N_POP_CHG_2022,-189
5001,AR,Arkansas ,N_POP_CHG_2023,-191
5001,AR,Arkansas ,BIRTHS_2020,52
5001,AR,Arkansas ,BIRTHS_2021,194
5001,AR,Arkansas ,BIRTHS_2022,184
5001,AR,Arkansas ,BIRTHS_2023,186
5001,AR,Arkansas ,DEATHS_2020,71
5001,AR,Arkansas ,DEATHS_2021,319
5001,AR,Arkansas ,DEATHS_2022,328
5001,AR,Arkansas ,DEATHS_2023,305
5001,AR,Arkansas ,NATURAL_CHG_2020,-19
5001,AR,Arkansas ,NATURAL_CHG_2021,-125
5001,AR,Arkansas ,NATURAL_CHG_2022,-144
5001,AR,Arkansas ,NATURAL_CHG_2023,-119
5001,AR,Arkansas ,INTERNATIONAL_MIG_2020,0
5001,AR,Arkansas ,INTERNATIONAL_MIG_2021,1
5001,AR,Arkansas ,INTERNATIONAL_MIG_2022,-1
5001,AR,Arkansas ,INTERNATIONAL_MIG_2023,-1
5001,AR,Arkansas ,DOMESTIC_MIG_2020,-22
5001,AR,Arkansas ,DOMESTIC_MIG_2021,-290
5001,AR,Arkansas ,DOMESTIC_MIG_2022,-38
5001,AR,Arkansas ,DOMESTIC_MIG_2023,-71
5001,AR,Arkansas ,NET_MIG_2020,-22
5001,AR,Arkansas ,NET_MIG_2021,-289
5001,AR,Arkansas ,NET_MIG_2022,-39
5001,AR,Arkansas ,NET_MIG_2023,-72
5001,AR,Arkansas ,RESIDUAL_2020,0
5001,AR,Arkansas ,RESIDUAL_2021,-6
5001,AR,Arkansas ,RESIDUAL_2022,-6
5001,AR,Arkansas ,RESIDUAL_2023,0
5001,AR,Arkansas ,GQ_ESTIMATES_BASE_2020,322
5001,AR,Arkansas ,GQ_ESTIMATES_2020,322
5001,AR,Arkansas ,GQ_ESTIMATES_2021,322
5001,AR,Arkansas ,GQ_ESTIMATES_2022,322
5001,AR,Arkansas ,GQ_ESTIMATES_2023,322
5001,AR,Arkansas ,R_BIRTH_2021,11.5
5001,AR,Arkansas ,R_BIRTH_2022,11.1
5001,AR,Arkansas ,R_BIRTH_2023,11.3
5001,AR,Arkansas ,R_DEATH_2021,18.9
5001,AR,Arkansas ,R_DEATH_2022,19.8
5001,AR,Arkansas ,R_DEATH_2023,18.6
5001,AR,Arkansas ,R_NATURAL_CHG_2021,-7.4
5001,AR,Arkansas ,R_NATURAL_CHG_2022,-8.7
5001,AR,Arkansas ,R_NATURAL_CHG_2023,-7.3
5001,AR,Arkansas ,R_INTERNATIONAL_MIG_2021,0.1
5001,AR,Arkansas ,R_INTERNATIONAL_MIG_2022,-0.1
5001,AR,Arkansas ,R_INTERNATIONAL_MIG_2023,-0.1
5001,AR,Arkansas ,R_DOMESTIC_MIG_2021,-17.2
5001,AR,Arkansas ,R_DOMESTIC_MIG_2022,-2.3
5001,AR,Arkansas ,R_DOMESTIC_MIG_2023,-4.3
5001,AR,Arkansas ,R_NET_MIG_2021,-17.1
5001,AR,Arkansas ,R_NET_MIG_2022,-2.4
5001,AR,Arkansas ,R_NET_MIG_2023,-4.4
5003,AR,Ashley ,Rural_Urban_Continuum_Code_2013,7
5003,AR,Ashley ,Rural_Urban_Continuum_Code_2023,7
5003,AR,Ashley ,Urban_Influence_2013,11
5003,AR,Ashley ,Economic_typology_2015,3
5003,AR,Ashley ,CENSUS_2020_POP,19062
5003,AR,Ashley ,ESTIMATES_BASE_2020,19058
5003,AR,Ashley ,POP_ESTIMATE_2020,18957
5003,AR,Ashley ,POP_ESTIMATE_2021,18654
5003,AR,Ashley ,POP_ESTIMATE_2022,18348
5003,AR,Ashley ,POP_ESTIMATE_2023,18262
5003,AR,Ashley ,N_POP_CHG_2020,-101
5003,AR,Ashley ,N_POP_CHG_2021,-303
5003,AR,Ashley ,N_POP_CHG_2022,-306
5003,AR,Ashley ,N_POP_CHG_2023,-86
5003,AR,Ashley ,BIRTHS_2020,40
5003,AR,Ashley ,BIRTHS_2021,216
5003,AR,Ashley ,BIRTHS_2022,205
5003,AR,Ashley ,BIRTHS_2023,199
5003,AR,Ashley ,DEATHS_2020,62
5003,AR,Ashley ,DEATHS_2021,328
5003,AR,Ashley ,DEATHS_2022,327
5003,AR,Ashley ,DEATHS_2023,315
5003,AR,Ashley ,NATURAL_CHG_2020,-22
5003,AR,Ashley ,NATURAL_CHG_2021,-112
5003,AR,Ashley ,NATURAL_CHG_2022,-122
5003,AR,Ashley ,NATURAL_CHG_2023,-116
5003,AR,Ashley ,INTERNATIONAL_MIG_2020,0
5003,AR,Ashley ,INTERNATIONAL_MIG_2021,-1
5003,AR,Ashley ,INTERNATIONAL_MIG_2022,-2
5003,AR,Ashley ,INTERNATIONAL_MIG_2023,-2
5003,AR,Ashley ,DOMESTIC_MIG_2020,-69
5003,AR,Ashley ,DOMESTIC_MIG_2021,-191
5003,AR,Ashley ,DOMESTIC_MIG_2022,-178
5003,AR,Ashley ,DOMESTIC_MIG_2023,36
5003,AR,Ashley ,NET_MIG_2020,-69
5003,AR,Ashley ,NET_MIG_2021,-192
5003,AR,Ashley ,NET_MIG_2022,-180
5003,AR,Ashley ,NET_MIG_2023,34
5003,AR,Ashley ,RESIDUAL_2020,-10
5003,AR,Ashley ,RESIDUAL_2021,1
5003,AR,Ashley ,RESIDUAL_2022,-4
5003,AR,Ashley ,RESIDUAL_2023,-4
5003,AR,Ashley ,GQ_ESTIMATES_BASE_2020,154
5003,AR,Ashley ,GQ_ESTIMATES_2020,154
5003,AR,Ashley ,GQ_ESTIMATES_2021,154
5003,AR,Ashley ,GQ_ESTIMATES_2022,154
5003,AR,Ashley ,GQ_ESTIMATES_2023,154
5003,AR,Ashley ,R_BIRTH_2021,11.5
5003,AR,Ashley ,R_BIRTH_2022,11.1
5003,AR,Ashley ,R_BIRTH_2023,10.9
5003,AR,Ashley ,R_DEATH_2021,17.4
5003,AR,Ashley ,R_DEATH_2022,17.7
5003,AR,Ashley ,R_DEATH_2023,17.2
5003,AR,Ashley ,R_NATURAL_CHG_2021,-6
5003,AR,Ashley ,R_NATURAL_CHG_2022,-6.6
5003,AR,Ashley ,R_NATURAL_CHG_2023,-6.3
5003,AR,Ashley ,R_INTERNATIONAL_MIG_2021,-0.1
5003,AR,Ashley ,R_INTERNATIONAL_MIG_2022,-0.1
5003,AR,Ashley ,R_INTERNATIONAL_MIG_2023,-0.1
5003,AR,Ashley ,R_DOMESTIC_MIG_2021,-10.2
5003,AR,Ashley ,R_DOMESTIC_MIG_2022,-9.6
5003,AR,Ashley ,R_DOMESTIC_MIG_2023,2
5003,AR,Ashley ,R_NET_MIG_2021,-10.2
5003,AR,Ashley ,R_NET_MIG_2022,-9.7
5003,AR,Ashley ,R_NET_MIG_2023,1.9
5005,AR,Baxter ,Rural_Urban_Continuum_Code_2013,7
5005,AR,Baxter ,Rural_Urban_Continuum_Code_2023,7
5005,AR,Baxter ,Urban_Influence_2013,8
5005,AR,Baxter ,Economic_typology_2015,0
5005,AR,Baxter ,CENSUS_2020_POP,41627
5005,AR,Baxter ,ESTIMATES_BASE_2020,41628
5005,AR,Baxter ,POP_ESTIMATE_2020,41686
5005,AR,Baxter ,POP_ESTIMATE_2021,42224
5005,AR,Baxter ,POP_ESTIMATE_2022,42485
5005,AR,Baxter ,POP_ESTIMATE_2023,42875
5005,AR,Baxter ,N_POP_CHG_2020,58
5005,AR,Baxter ,N_POP_CHG_2021,538
5005,AR,Baxter ,N_POP_CHG_2022,261
5005,AR,Baxter ,N_POP_CHG_2023,390
5005,AR,Baxter ,BIRTHS_2020,77
5005,AR,Baxter ,BIRTHS_2021,344
5005,AR,Baxter ,BIRTHS_2022,348
5005,AR,Baxter ,BIRTHS_2023,349
5005,AR,Baxter ,DEATHS_2020,196
5005,AR,Baxter ,DEATHS_2021,861
5005,AR,Baxter ,DEATHS_2022,911
5005,AR,Baxter ,DEATHS_2023,801
5005,AR,Baxter ,NATURAL_CHG_2020,-119
5005,AR,Baxter ,NATURAL_CHG_2021,-517
5005,AR,Baxter ,NATURAL_CHG_2022,-563
5005,AR,Baxter ,NATURAL_CHG_2023,-452
5005,AR,Baxter ,INTERNATIONAL_MIG_2020,0
5005,AR,Baxter ,INTERNATIONAL_MIG_2021,-1
5005,AR,Baxter ,INTERNATIONAL_MIG_2022,-5
5005,AR,Baxter ,INTERNATIONAL_MIG_2023,-4
5005,AR,Baxter ,DOMESTIC_MIG_2020,198
5005,AR,Baxter ,DOMESTIC_MIG_2021,1099
5005,AR,Baxter ,DOMESTIC_MIG_2022,799
5005,AR,Baxter ,DOMESTIC_MIG_2023,843
5005,AR,Baxter ,NET_MIG_2020,198
5005,AR,Baxter ,NET_MIG_2021,1098
5005,AR,Baxter ,NET_MIG_2022,794
5005,AR,Baxter ,NET_MIG_2023,839
5005,AR,Baxter ,RESIDUAL_2020,-21
5005,AR,Baxter ,RESIDUAL_2021,-43
5005,AR,Baxter ,RESIDUAL_2022,30
5005,AR,Baxter ,RESIDUAL_2023,3
5005,AR,Baxter ,GQ_ESTIMATES_BASE_2020,522
5005,AR,Baxter ,GQ_ESTIMATES_2020,522
5005,AR,Baxter ,GQ_ESTIMATES_2021,522
5005,AR,Baxter ,GQ_ESTIMATES_2022,522
5005,AR,Baxter ,GQ_ESTIMATES_2023,522
5005,AR,Baxter ,R_BIRTH_2021,8.2
5005,AR,Baxter ,R_BIRTH_2022,8.2
5005,AR,Baxter ,R_BIRTH_2023,8.2
5005,AR,Baxter ,R_DEATH_2021,20.5
5005,AR,Baxter ,R_DEATH_2022,21.5
5005,AR,Baxter ,R_DEATH_2023,18.8
5005,AR,Baxter ,R_NATURAL_CHG_2021,-12.3
5005,AR,Baxter ,R_NATURAL_CHG_2022,-13.3
5005,AR,Baxter ,R_NATURAL_CHG_2023,-10.6
5005,AR,Baxter ,R_INTERNATIONAL_MIG_2021,0
5005,AR,Baxter ,R_INTERNATIONAL_MIG_2022,-0.1
5005,AR,Baxter ,R_INTERNATIONAL_MIG_2023,-0.1
5005,AR,Baxter ,R_DOMESTIC_MIG_2021,26.2
5005,AR,Baxter ,R_DOMESTIC_MIG_2022,18.9
5005,AR,Baxter ,R_DOMESTIC_MIG_2023,19.8
5005,AR,Baxter ,R_NET_MIG_2021,26.2
5005,AR,Baxter ,R_NET_MIG_2022,18.7
5005,AR,Baxter ,R_NET_MIG_2023,19.7
5007,AR,Benton ,Rural_Urban_Continuum_Code_2013,2
5007,AR,Benton ,Rural_Urban_Continuum_Code_2023,2
5007,AR,Benton ,Urban_Influence_2013,2
5007,AR,Benton ,Economic_typology_2015,0
5007,AR,Benton ,CENSUS_2020_POP,284333
5007,AR,Benton ,ESTIMATES_BASE_2020,284340
5007,AR,Benton ,POP_ESTIMATE_2020,286618
5007,AR,Benton ,POP_ESTIMATE_2021,294297
5007,AR,Benton ,POP_ESTIMATE_2022,302822
5007,AR,Benton ,POP_ESTIMATE_2023,311013
5007,AR,Benton ,N_POP_CHG_2020,2278
5007,AR,Benton ,N_POP_CHG_2021,7679
5007,AR,Benton ,N_POP_CHG_2022,8525
5007,AR,Benton ,N_POP_CHG_2023,8191
5007,AR,Benton ,BIRTHS_2020,916
5007,AR,Benton ,BIRTHS_2021,3564
5007,AR,Benton ,BIRTHS_2022,3882
5007,AR,Benton ,BIRTHS_2023,3908
5007,AR,Benton ,DEATHS_2020,491
5007,AR,Benton ,DEATHS_2021,2453
5007,AR,Benton ,DEATHS_2022,2551
5007,AR,Benton ,DEATHS_2023,2211
5007,AR,Benton ,NATURAL_CHG_2020,425
5007,AR,Benton ,NATURAL_CHG_2021,1111
5007,AR,Benton ,NATURAL_CHG_2022,1331
5007,AR,Benton ,NATURAL_CHG_2023,1697
5007,AR,Benton ,INTERNATIONAL_MIG_2020,34
5007,AR,Benton ,INTERNATIONAL_MIG_2021,329
5007,AR,Benton ,INTERNATIONAL_MIG_2022,885
5007,AR,Benton ,INTERNATIONAL_MIG_2023,1096
5007,AR,Benton ,DOMESTIC_MIG_2020,1954
5007,AR,Benton ,DOMESTIC_MIG_2021,6395
5007,AR,Benton ,DOMESTIC_MIG_2022,6089
5007,AR,Benton ,DOMESTIC_MIG_2023,5376
5007,AR,Benton ,NET_MIG_2020,1988
5007,AR,Benton ,NET_MIG_2021,6724
5007,AR,Benton ,NET_MIG_2022,6974
5007,AR,Benton ,NET_MIG_2023,6472
5007,AR,Benton ,RESIDUAL_2020,-135
5007,AR,Benton ,RESIDUAL_2021,-156
5007,AR,Benton ,RESIDUAL_2022,220
5007,AR,Benton ,RESIDUAL_2023,22
5007,AR,Benton ,GQ_ESTIMATES_BASE_2020,3026
5007,AR,Benton ,GQ_ESTIMATES_2020,3025
5007,AR,Benton ,GQ_ESTIMATES_2021,3043
5007,AR,Benton ,GQ_ESTIMATES_2022,3029
5007,AR,Benton ,GQ_ESTIMATES_2023,3030
5007,AR,Benton ,R_BIRTH_2021,12.3
5007,AR,Benton ,R_BIRTH_2022,13
5007,AR,Benton ,R_BIRTH_2023,12.7
5007,AR,Benton ,R_DEATH_2021,8.4
5007,AR,Benton ,R_DEATH_2022,8.5
5007,AR,Benton ,R_DEATH_2023,7.2
5007,AR,Benton ,R_NATURAL_CHG_2021,3.8
5007,AR,Benton ,R_NATURAL_CHG_2022,4.5
5007,AR,Benton ,R_NATURAL_CHG_2023,5.5
5007,AR,Benton ,R_INTERNATIONAL_MIG_2021,1.1
5007,AR,Benton ,R_INTERNATIONAL_MIG_2022,3
5007,AR,Benton ,R_INTERNATIONAL_MIG_2023,3.6
5007,AR,Benton ,R_DOMESTIC_MIG_2021,22
5007,AR,Benton ,R_DOMESTIC_MIG_2022,20.4
5007,AR,Benton ,R_DOMESTIC_MIG_2023,17.5
5007,AR,Benton ,R_NET_MIG_2021,23.1
5007,AR,Benton ,R_NET_MIG_2022,23.4
5007,AR,Benton ,R_NET_MIG_2023,21.1
5009,AR,Boone ,Rural_Urban_Continuum_Code_2013,7
5009,AR,Boone ,Rural_Urban_Continuum_Code_2023,7
5009,AR,Boone ,Urban_Influence_2013,8
5009,AR,Boone ,Economic_typology_2015,0
5009,AR,Boone ,CENSUS_2020_POP,37373
5009,AR,Boone ,ESTIMATES_BASE_2020,37367
5009,AR,Boone ,POP_ESTIMATE_2020,37381
5009,AR,Boone ,POP_ESTIMATE_2021,37894
5009,AR,Boone ,POP_ESTIMATE_2022,38280
5009,AR,Boone ,POP_ESTIMATE_2023,38530
5009,AR,Boone ,N_POP_CHG_2020,14
5009,AR,Boone ,N_POP_CHG_2021,513
5009,AR,Boone ,N_POP_CHG_2022,386
5009,AR,Boone ,N_POP_CHG_2023,250
5009,AR,Boone ,BIRTHS_2020,91
5009,AR,Boone ,BIRTHS_2021,381
5009,AR,Boone ,BIRTHS_2022,406
5009,AR,Boone ,BIRTHS_2023,406
5009,AR,Boone ,DEATHS_2020,121
5009,AR,Boone ,DEATHS_2021,566
5009,AR,Boone ,DEATHS_2022,583
5009,AR,Boone ,DEATHS_2023,526
5009,AR,Boone ,NATURAL_CHG_2020,-30
5009,AR,Boone ,NATURAL_CHG_2021,-185
5009,AR,Boone ,NATURAL_CHG_2022,-177
5009,AR,Boone ,NATURAL_CHG_2023,-120
5009,AR,Boone ,INTERNATIONAL_MIG_2020,0
5009,AR,Boone ,INTERNATIONAL_MIG_2021,4
5009,AR,Boone ,INTERNATIONAL_MIG_2022,-4
5009,AR,Boone ,INTERNATIONAL_MIG_2023,-2
5009,AR,Boone ,DOMESTIC_MIG_2020,37
5009,AR,Boone ,DOMESTIC_MIG_2021,706
5009,AR,Boone ,DOMESTIC_MIG_2022,568
5009,AR,Boone ,DOMESTIC_MIG_2023,376
5009,AR,Boone ,NET_MIG_2020,37
5009,AR,Boone ,NET_MIG_2021,710
5009,AR,Boone ,NET_MIG_2022,564
5009,AR,Boone ,NET_MIG_2023,374
5009,AR,Boone ,RESIDUAL_2020,7
5009,AR,Boone ,RESIDUAL_2021,-12
5009,AR,Boone ,RESIDUAL_2022,-1
5009,AR,Boone ,RESIDUAL_2023,-4
5009,AR,Boone ,GQ_ESTIMATES_BASE_2020,445
5009,AR,Boone ,GQ_ESTIMATES_2020,445
5009,AR,Boone ,GQ_ESTIMATES_2021,445
5009,AR,Boone ,GQ_ESTIMATES_2022,445
5009,AR,Boone ,GQ_ESTIMATES_2023,445
5009,AR,Boone ,R_BIRTH_2021,10.1
5009,AR,Boone ,R_BIRTH_2022,10.7
5009,AR,Boone ,R_BIRTH_2023,10.6
5009,AR,Boone ,R_DEATH_2021,15
5009,AR,Boone ,R_DEATH_2022,15.3
5009,AR,Boone ,R_DEATH_2023,13.7
5009,AR,Boone ,R_NATURAL_CHG_2021,-4.9
5009,AR,Boone ,R_NATURAL_CHG_2022,-4.6
5009,AR,Boone ,R_NATURAL_CHG_2023,-3.1
5009,AR,Boone ,R_INTERNATIONAL_MIG_2021,0.1
5009,AR,Boone ,R_INTERNATIONAL_MIG_2022,-0.1
5009,AR,Boone ,R_INTERNATIONAL_MIG_2023,-0.1
5009,AR,Boone ,R_DOMESTIC_MIG_2021,18.8
5009,AR,Boone ,R_DOMESTIC_MIG_2022,14.9
5009,AR,Boone ,R_DOMESTIC_MIG_2023,9.8
5009,AR,Boone ,R_NET_MIG_2021,18.9
5009,AR,Boone ,R_NET_MIG_2022,14.8
5009,AR,Boone ,R_NET_MIG_2023,9.7
5011,AR,Bradley ,Rural_Urban_Continuum_Code_2013,7
5011,AR,Bradley ,Rural_Urban_Continuum_Code_2023,7
5011,AR,Bradley ,Urban_Influence_2013,9
5011,AR,Bradley ,Economic_typology_2015,0
5011,AR,Bradley ,CENSUS_2020_POP,10545
5011,AR,Bradley ,ESTIMATES_BASE_2020,10545
5011,AR,Bradley ,POP_ESTIMATE_2020,10495
5011,AR,Bradley ,POP_ESTIMATE_2021,10343
5011,AR,Bradley ,POP_ESTIMATE_2022,10168
5011,AR,Bradley ,POP_ESTIMATE_2023,10104
5011,AR,Bradley ,N_POP_CHG_2020,-50
5011,AR,Bradley ,N_POP_CHG_2021,-152
5011,AR,Bradley ,N_POP_CHG_2022,-175
5011,AR,Bradley ,N_POP_CHG_2023,-64
5011,AR,Bradley ,BIRTHS_2020,28
5011,AR,Bradley ,BIRTHS_2021,110
5011,AR,Bradley ,BIRTHS_2022,118
5011,AR,Bradley ,BIRTHS_2023,118
5011,AR,Bradley ,DEATHS_2020,44
5011,AR,Bradley ,DEATHS_2021,174
5011,AR,Bradley ,DEATHS_2022,163
5011,AR,Bradley ,DEATHS_2023,154
5011,AR,Bradley ,NATURAL_CHG_2020,-16
5011,AR,Bradley ,NATURAL_CHG_2021,-64
5011,AR,Bradley ,NATURAL_CHG_2022,-45
5011,AR,Bradley ,NATURAL_CHG_2023,-36
5011,AR,Bradley ,INTERNATIONAL_MIG_2020,0
5011,AR,Bradley ,INTERNATIONAL_MIG_2021,-1
5011,AR,Bradley ,INTERNATIONAL_MIG_2022,-4
5011,AR,Bradley ,INTERNATIONAL_MIG_2023,-5
5011,AR,Bradley ,DOMESTIC_MIG_2020,-33
5011,AR,Bradley ,DOMESTIC_MIG_2021,-87
5011,AR,Bradley ,DOMESTIC_MIG_2022,-127
5011,AR,Bradley ,DOMESTIC_MIG_2023,-24
5011,AR,Bradley ,NET_MIG_2020,-33
5011,AR,Bradley ,NET_MIG_2021,-88
5011,AR,Bradley ,NET_MIG_2022,-131
5011,AR,Bradley ,NET_MIG_2023,-29
5011,AR,Bradley ,RESIDUAL_2020,-1
5011,AR,Bradley ,RESIDUAL_2021,0
5011,AR,Bradley ,RESIDUAL_2022,1
5011,AR,Bradley ,RESIDUAL_2023,1
5011,AR,Bradley ,GQ_ESTIMATES_BASE_2020,218
5011,AR,Bradley ,GQ_ESTIMATES_2020,218
5011,AR,Bradley ,GQ_ESTIMATES_2021,216
5011,AR,Bradley ,GQ_ESTIMATES_2022,207
5011,AR,Bradley ,GQ_ESTIMATES_2023,218
5011,AR,Bradley ,R_BIRTH_2021,10.6
5011,AR,Bradley ,R_BIRTH_2022,11.5
5011,AR,Bradley ,R_BIRTH_2023,11.6
5011,AR,Bradley ,R_DEATH_2021,16.7
5011,AR,Bradley ,R_DEATH_2022,15.9
5011,AR,Bradley ,R_DEATH_2023,15.2
5011,AR,Bradley ,R_NATURAL_CHG_2021,-6.1
5011,AR,Bradley ,R_NATURAL_CHG_2022,-4.4
5011,AR,Bradley ,R_NATURAL_CHG_2023,-3.6
5011,AR,Bradley ,R_INTERNATIONAL_MIG_2021,-0.1
5011,AR,Bradley ,R_INTERNATIONAL_MIG_2022,-0.4
5011,AR,Bradley ,R_INTERNATIONAL_MIG_2023,-0.5
5011,AR,Bradley ,R_DOMESTIC_MIG_2021,-8.4
5011,AR,Bradley ,R_DOMESTIC_MIG_2022,-12.4
5011,AR,Bradley ,R_DOMESTIC_MIG_2023,-2.4
5011,AR,Bradley ,R_NET_MIG_2021,-8.4
5011,AR,Bradley ,R_NET_MIG_2022,-12.8
5011,AR,Bradley ,R_NET_MIG_2023,-2.9
5013,AR,Calhoun ,Rural_Urban_Continuum_Code_2013,9
5013,AR,Calhoun ,Rural_Urban_Continuum_Code_2023,9
5013,AR,Calhoun ,Urban_Influence_2013,8
5013,AR,Calhoun ,Economic_typology_2015,3
5013,AR,Calhoun ,CENSUS_2020_POP,4739
5013,AR,Calhoun ,ESTIMATES_BASE_2020,4740
5013,AR,Calhoun ,POP_ESTIMATE_2020,4736
5013,AR,Calhoun ,POP_ESTIMATE_2021,4728
5013,AR,Calhoun ,POP_ESTIMATE_2022,4687
5013,AR,Calhoun ,POP_ESTIMATE_2023,4641
5013,AR,Calhoun ,N_POP_CHG_2020,-4
5013,AR,Calhoun ,N_POP_CHG_2021,-8
5013,AR,Calhoun ,N_POP_CHG_2022,-41
5013,AR,Calhoun ,N_POP_CHG_2023,-46
5013,AR,Calhoun ,BIRTHS_2020,16
5013,AR,Calhoun ,BIRTHS_2021,41
5013,AR,Calhoun ,BIRTHS_2022,52
5013,AR,Calhoun ,BIRTHS_2023,51
5013,AR,Calhoun ,DEATHS_2020,22
5013,AR,Calhoun ,DEATHS_2021,86
5013,AR,Calhoun ,DEATHS_2022,89
5013,AR,Calhoun ,DEATHS_2023,88
5013,AR,Calhoun ,NATURAL_CHG_2020,-6
5013,AR,Calhoun ,NATURAL_CHG_2021,-45
5013,AR,Calhoun ,NATURAL_CHG_2022,-37
5013,AR,Calhoun ,NATURAL_CHG_2023,-37
5013,AR,Calhoun ,INTERNATIONAL_MIG_2020,0
5013,AR,Calhoun ,INTERNATIONAL_MIG_2021,0
5013,AR,Calhoun ,INTERNATIONAL_MIG_2022,0
5013,AR,Calhoun ,INTERNATIONAL_MIG_2023,0
5013,AR,Calhoun ,DOMESTIC_MIG_2020,0
5013,AR,Calhoun ,DOMESTIC_MIG_2021,39
5013,AR,Calhoun ,DOMESTIC_MIG_2022,-2
5013,AR,Calhoun ,DOMESTIC_MIG_2023,-8
5013,AR,Calhoun ,NET_MIG_2020,0
5013,AR,Calhoun ,NET_MIG_2021,39
5013,AR,Calhoun ,NET_MIG_2022,-2
5013,AR,Calhoun ,NET_MIG_2023,-8
5013,AR,Calhoun ,RESIDUAL_2020,2
5013,AR,Calhoun ,RESIDUAL_2021,-2
5013,AR,Calhoun ,RESIDUAL_2022,-2
5013,AR,Calhoun ,RESIDUAL_2023,-1
5013,AR,Calhoun ,GQ_ESTIMATES_BASE_2020,149
5013,AR,Calhoun ,GQ_ESTIMATES_2020,149
5013,AR,Calhoun ,GQ_ESTIMATES_2021,149
5013,AR,Calhoun ,GQ_ESTIMATES_2022,149
5013,AR,Calhoun ,GQ_ESTIMATES_2023,149
5013,AR,Calhoun ,R_BIRTH_2021,8.7
5013,AR,Calhoun ,R_BIRTH_2022,11
5013,AR,Calhoun ,R_BIRTH_2023,10.9
5013,AR,Calhoun ,R_DEATH_2021,18.2
5013,AR,Calhoun ,R_DEATH_2022,18.9
5013,AR,Calhoun ,R_DEATH_2023,18.9
5013,AR,Calhoun ,R_NATURAL_CHG_2021,-9.5
5013,AR,Calhoun ,R_NATURAL_CHG_2022,-7.9
5013,AR,Calhoun ,R_NATURAL_CHG_2023,-7.9
5013,AR,Calhoun ,R_INTERNATIONAL_MIG_2021,0
5013,AR,Calhoun ,R_INTERNATIONAL_MIG_2022,0
5013,AR,Calhoun ,R_INTERNATIONAL_MIG_2023,0
5013,AR,Calhoun ,R_DOMESTIC_MIG_2021,8.2
5013,AR,Calhoun ,R_DOMESTIC_MIG_2022,-0.4
5013,AR,Calhoun ,R_DOMESTIC_MIG_2023,-1.7
5013,AR,Calhoun ,R_NET_MIG_2021,8.2
5013,AR,Calhoun ,R_NET_MIG_2022,-0.4
5013,AR,Calhoun ,R_NET_MIG_2023,-1.7
5015,AR,Carroll ,Rural_Urban_Continuum_Code_2013,6
5015,AR,Carroll ,Rural_Urban_Continuum_Code_2023,6
5015,AR,Carroll ,Urban_Influence_2013,6
5015,AR,Carroll ,Economic_typology_2015,3
5015,AR,Carroll ,CENSUS_2020_POP,28260
5015,AR,Carroll ,ESTIMATES_BASE_2020,28257
5015,AR,Carroll ,POP_ESTIMATE_2020,28240
5015,AR,Carroll ,POP_ESTIMATE_2021,28539
5015,AR,Carroll ,POP_ESTIMATE_2022,28717
5015,AR,Carroll ,POP_ESTIMATE_2023,28814
5015,AR,Carroll ,N_POP_CHG_2020,-17
5015,AR,Carroll ,N_POP_CHG_2021,299
5015,AR,Carroll ,N_POP_CHG_2022,178
5015,AR,Carroll ,N_POP_CHG_2023,97
5015,AR,Carroll ,BIRTHS_2020,84
5015,AR,Carroll ,BIRTHS_2021,348
5015,AR,Carroll ,BIRTHS_2022,328
5015,AR,Carroll ,BIRTHS_2023,326
5015,AR,Carroll ,DEATHS_2020,84
5015,AR,Carroll ,DEATHS_2021,385
5015,AR,Carroll ,DEATHS_2022,404
5015,AR,Carroll ,DEATHS_2023,371
5015,AR,Carroll ,NATURAL_CHG_2020,0
5015,AR,Carroll ,NATURAL_CHG_2021,-37
5015,AR,Carroll ,NATURAL_CHG_2022,-76
5015,AR,Carroll ,NATURAL_CHG_2023,-45
5015,AR,Carroll ,INTERNATIONAL_MIG_2020,0
5015,AR,Carroll ,INTERNATIONAL_MIG_2021,41
5015,AR,Carroll ,INTERNATIONAL_MIG_2022,26
5015,AR,Carroll ,INTERNATIONAL_MIG_2023,36
5015,AR,Carroll ,DOMESTIC_MIG_2020,-22
5015,AR,Carroll ,DOMESTIC_MIG_2021,296
5015,AR,Carroll ,DOMESTIC_MIG_2022,216
5015,AR,Carroll ,DOMESTIC_MIG_2023,104
5015,AR,Carroll ,NET_MIG_2020,-22
5015,AR,Carroll ,NET_MIG_2021,337
5015,AR,Carroll ,NET_MIG_2022,242
5015,AR,Carroll ,NET_MIG_2023,140
5015,AR,Carroll ,RESIDUAL_2020,5
5015,AR,Carroll ,RESIDUAL_2021,-1
5015,AR,Carroll ,RESIDUAL_2022,12
5015,AR,Carroll ,RESIDUAL_2023,2
5015,AR,Carroll ,GQ_ESTIMATES_BASE_2020,230
5015,AR,Carroll ,GQ_ESTIMATES_2020,230
5015,AR,Carroll ,GQ_ESTIMATES_2021,230
5015,AR,Carroll ,GQ_ESTIMATES_2022,230
5015,AR,Carroll ,GQ_ESTIMATES_2023,230
5015,AR,Carroll ,R_BIRTH_2021,12.3
5015,AR,Carroll ,R_BIRTH_2022,11.5
5015,AR,Carroll ,R_BIRTH_2023,11.3
5015,AR,Carroll ,R_DEATH_2021,13.6
5015,AR,Carroll ,R_DEATH_2022,14.1
5015,AR,Carroll ,R_DEATH_2023,12.9
5015,AR,Carroll ,R_NATURAL_CHG_2021,-1.3
5015,AR,Carroll ,R_NATURAL_CHG_2022,-2.7
5015,AR,Carroll ,R_NATURAL_CHG_2023,-1.6
5015,AR,Carroll ,R_INTERNATIONAL_MIG_2021,1.4
5015,AR,Carroll ,R_INTERNATIONAL_MIG_2022,0.9
5015,AR,Carroll ,R_INTERNATIONAL_MIG_2023,1.3
5015,AR,Carroll ,R_DOMESTIC_MIG_2021,10.4
5015,AR,Carroll ,R_DOMESTIC_MIG_2022,7.5
5015,AR,Carroll ,R_DOMESTIC_MIG_2023,3.6
5015,AR,Carroll ,R_NET_MIG_2021,11.9
5015,AR,Carroll ,R_NET_MIG_2022,8.5
5015,AR,Carroll ,R_NET_MIG_2023,4.9
5017,AR,Chicot ,Rural_Urban_Continuum_Code_2013,7
5017,AR,Chicot ,Rural_Urban_Continuum_Code_2023,9
5017,AR,Chicot ,Urban_Influence_2013,9
5017,AR,Chicot ,Economic_typology_2015,1
5017,AR,Chicot ,CENSUS_2020_POP,10208
5017,AR,Chicot ,ESTIMATES_BASE_2020,10211
5017,AR,Chicot ,POP_ESTIMATE_2020,10156
5017,AR,Chicot ,POP_ESTIMATE_2021,10052
5017,AR,Chicot ,POP_ESTIMATE_2022,9834
5017,AR,Chicot ,POP_ESTIMATE_2023,9538
5017,AR,Chicot ,N_POP_CHG_2020,-55
5017,AR,Chicot ,N_POP_CHG_2021,-104
5017,AR,Chicot ,N_POP_CHG_2022,-218
5017,AR,Chicot ,N_POP_CHG_2023,-296
5017,AR,Chicot ,BIRTHS_2020,28
5017,AR,Chicot ,BIRTHS_2021,99
5017,AR,Chicot ,BIRTHS_2022,91
5017,AR,Chicot ,BIRTHS_2023,88
5017,AR,Chicot ,DEATHS_2020,37
5017,AR,Chicot ,DEATHS_2021,185
5017,AR,Chicot ,DEATHS_2022,182
5017,AR,Chicot ,DEATHS_2023,173
5017,AR,Chicot ,NATURAL_CHG_2020,-9
5017,AR,Chicot ,NATURAL_CHG_2021,-86
5017,AR,Chicot ,NATURAL_CHG_2022,-91
5017,AR,Chicot ,NATURAL_CHG_2023,-85
5017,AR,Chicot ,INTERNATIONAL_MIG_2020,0
5017,AR,Chicot ,INTERNATIONAL_MIG_2021,0
5017,AR,Chicot ,INTERNATIONAL_MIG_2022,-1
5017,AR,Chicot ,INTERNATIONAL_MIG_2023,-1
5017,AR,Chicot ,DOMESTIC_MIG_2020,-41
5017,AR,Chicot ,DOMESTIC_MIG_2021,-26
5017,AR,Chicot ,DOMESTIC_MIG_2022,-127
5017,AR,Chicot ,DOMESTIC_MIG_2023,-209
5017,AR,Chicot ,NET_MIG_2020,-41
5017,AR,Chicot ,NET_MIG_2021,-26
5017,AR,Chicot ,NET_MIG_2022,-128
5017,AR,Chicot ,NET_MIG_2023,-210
5017,AR,Chicot ,RESIDUAL_2020,-5
5017,AR,Chicot ,RESIDUAL_2021,8
5017,AR,Chicot ,RESIDUAL_2022,1
5017,AR,Chicot ,RESIDUAL_2023,-1
5017,AR,Chicot ,GQ_ESTIMATES_BASE_2020,681
5017,AR,Chicot ,GQ_ESTIMATES_2020,681
5017,AR,Chicot ,GQ_ESTIMATES_2021,688
5017,AR,Chicot ,GQ_ESTIMATES_2022,690
5017,AR,Chicot ,GQ_ESTIMATES_2023,690
5017,AR,Chicot ,R_BIRTH_2021,9.8
5017,AR,Chicot ,R_BIRTH_2022,9.2
5017,AR,Chicot ,R_BIRTH_2023,9.1
5017,AR,Chicot ,R_DEATH_2021,18.3
5017,AR,Chicot ,R_DEATH_2022,18.3
5017,AR,Chicot ,R_DEATH_2023,17.9
5017,AR,Chicot ,R_NATURAL_CHG_2021,-8.5
5017,AR,Chicot ,R_NATURAL_CHG_2022,-9.2
5017,AR,Chicot ,R_NATURAL_CHG_2023,-8.8
5017,AR,Chicot ,R_INTERNATIONAL_MIG_2021,0
5017,AR,Chicot ,R_INTERNATIONAL_MIG_2022,-0.1
5017,AR,Chicot ,R_INTERNATIONAL_MIG_2023,-0.1
5017,AR,Chicot ,R_DOMESTIC_MIG_2021,-2.6
5017,AR,Chicot ,R_DOMESTIC_MIG_2022,-12.8
5017,AR,Chicot ,R_DOMESTIC_MIG_2023,-21.6
5017,AR,Chicot ,R_NET_MIG_2021,-2.6
5017,AR,Chicot ,R_NET_MIG_2022,-12.9
5017,AR,Chicot ,R_NET_MIG_2023,-21.7
5019,AR,Clark ,Rural_Urban_Continuum_Code_2013,7
5019,AR,Clark ,Rural_Urban_Continuum_Code_2023,7
5019,AR,Clark ,Urban_Influence_2013,8
5019,AR,Clark ,Economic_typology_2015,4
5019,AR,Clark ,CENSUS_2020_POP,21446
5019,AR,Clark ,ESTIMATES_BASE_2020,21445
5019,AR,Clark ,POP_ESTIMATE_2020,21385
5019,AR,Clark ,POP_ESTIMATE_2021,21244
5019,AR,Clark ,POP_ESTIMATE_2022,21276
5019,AR,Clark ,POP_ESTIMATE_2023,21274
5019,AR,Clark ,N_POP_CHG_2020,-60
5019,AR,Clark ,N_POP_CHG_2021,-141
5019,AR,Clark ,N_POP_CHG_2022,32
5019,AR,Clark ,N_POP_CHG_2023,-2
5019,AR,Clark ,BIRTHS_2020,60
5019,AR,Clark ,BIRTHS_2021,240
5019,AR,Clark ,BIRTHS_2022,239
5019,AR,Clark ,BIRTHS_2023,239
5019,AR,Clark ,DEATHS_2020,68
5019,AR,Clark ,DEATHS_2021,300
5019,AR,Clark ,DEATHS_2022,302
5019,AR,Clark ,DEATHS_2023,289
5019,AR,Clark ,NATURAL_CHG_2020,-8
5019,AR,Clark ,NATURAL_CHG_2021,-60
5019,AR,Clark ,NATURAL_CHG_2022,-63
5019,AR,Clark ,NATURAL_CHG_2023,-50
5019,AR,Clark ,INTERNATIONAL_MIG_2020,0
5019,AR,Clark ,INTERNATIONAL_MIG_2021,4
5019,AR,Clark ,INTERNATIONAL_MIG_2022,4
5019,AR,Clark ,INTERNATIONAL_MIG_2023,8
5019,AR,Clark ,DOMESTIC_MIG_2020,-50
5019,AR,Clark ,DOMESTIC_MIG_2021,-88
5019,AR,Clark ,DOMESTIC_MIG_2022,103
5019,AR,Clark ,DOMESTIC_MIG_2023,40
5019,AR,Clark ,NET_MIG_2020,-50
5019,AR,Clark ,NET_MIG_2021,-84
5019,AR,Clark ,NET_MIG_2022,107
5019,AR,Clark ,NET_MIG_2023,48
5019,AR,Clark ,RESIDUAL_2020,-2
5019,AR,Clark ,RESIDUAL_2021,3
5019,AR,Clark ,RESIDUAL_2022,-12
5019,AR,Clark ,RESIDUAL_2023,0
5019,AR,Clark ,GQ_ESTIMATES_BASE_2020,2857
5019,AR,Clark ,GQ_ESTIMATES_2020,2855
5019,AR,Clark ,GQ_ESTIMATES_2021,2731
5019,AR,Clark ,GQ_ESTIMATES_2022,2765
5019,AR,Clark ,GQ_ESTIMATES_2023,2767
5019,AR,Clark ,R_BIRTH_2021,11.3
5019,AR,Clark ,R_BIRTH_2022,11.2
5019,AR,Clark ,R_BIRTH_2023,11.2
5019,AR,Clark ,R_DEATH_2021,14.1
5019,AR,Clark ,R_DEATH_2022,14.2
5019,AR,Clark ,R_DEATH_2023,13.6
5019,AR,Clark ,R_NATURAL_CHG_2021,-2.8
5019,AR,Clark ,R_NATURAL_CHG_2022,-3
5019,AR,Clark ,R_NATURAL_CHG_2023,-2.4
5019,AR,Clark ,R_INTERNATIONAL_MIG_2021,0.2
5019,AR,Clark ,R_INTERNATIONAL_MIG_2022,0.2
5019,AR,Clark ,R_INTERNATIONAL_MIG_2023,0.4
5019,AR,Clark ,R_DOMESTIC_MIG_2021,-4.1
5019,AR,Clark ,R_DOMESTIC_MIG_2022,4.8
5019,AR,Clark ,R_DOMESTIC_MIG_2023,1.9
5019,AR,Clark ,R_NET_MIG_2021,-3.9
5019,AR,Clark ,R_NET_MIG_2022,5
5019,AR,Clark ,R_NET_MIG_2023,2.3
5021,AR,Clay ,Rural_Urban_Continuum_Code_2013,7
5021,AR,Clay ,Rural_Urban_Continuum_Code_2023,9
5021,AR,Clay ,Urban_Influence_2013,9
5021,AR,Clay ,Economic_typology_2015,1
5021,AR,Clay ,CENSUS_2020_POP,14552
5021,AR,Clay ,ESTIMATES_BASE_2020,14548
5021,AR,Clay ,POP_ESTIMATE_2020,14529
5021,AR,Clay ,POP_ESTIMATE_2021,14362
5021,AR,Clay ,POP_ESTIMATE_2022,14271
5021,AR,Clay ,POP_ESTIMATE_2023,14201
5021,AR,Clay ,N_POP_CHG_2020,-19
5021,AR,Clay ,N_POP_CHG_2021,-167
5021,AR,Clay ,N_POP_CHG_2022,-91
5021,AR,Clay ,N_POP_CHG_2023,-70
5021,AR,Clay ,BIRTHS_2020,40
5021,AR,Clay ,BIRTHS_2021,172
5021,AR,Clay ,BIRTHS_2022,164
5021,AR,Clay ,BIRTHS_2023,157
5021,AR,Clay ,DEATHS_2020,47
5021,AR,Clay ,DEATHS_2021,292
5021,AR,Clay ,DEATHS_2022,263
5021,AR,Clay ,DEATHS_2023,242
5021,AR,Clay ,NATURAL_CHG_2020,-7
5021,AR,Clay ,NATURAL_CHG_2021,-120
5021,AR,Clay ,NATURAL_CHG_2022,-99
5021,AR,Clay ,NATURAL_CHG_2023,-85
5021,AR,Clay ,INTERNATIONAL_MIG_2020,0
5021,AR,Clay ,INTERNATIONAL_MIG_2021,0
5021,AR,Clay ,INTERNATIONAL_MIG_2022,-2
5021,AR,Clay ,INTERNATIONAL_MIG_2023,-2
5021,AR,Clay ,DOMESTIC_MIG_2020,-14
5021,AR,Clay ,DOMESTIC_MIG_2021,-51
5021,AR,Clay ,DOMESTIC_MIG_2022,16
5021,AR,Clay ,DOMESTIC_MIG_2023,17
5021,AR,Clay ,NET_MIG_2020,-14
5021,AR,Clay ,NET_MIG_2021,-51
5021,AR,Clay ,NET_MIG_2022,14
5021,AR,Clay ,NET_MIG_2023,15
5021,AR,Clay ,RESIDUAL_2020,2
5021,AR,Clay ,RESIDUAL_2021,4
5021,AR,Clay ,RESIDUAL_2022,-6
5021,AR,Clay ,RESIDUAL_2023,0
5021,AR,Clay ,GQ_ESTIMATES_BASE_2020,151
5021,AR,Clay ,GQ_ESTIMATES_2020,151
5021,AR,Clay ,GQ_ESTIMATES_2021,151
5021,AR,Clay ,GQ_ESTIMATES_2022,151
5021,AR,Clay ,GQ_ESTIMATES_2023,151
5021,AR,Clay ,R_BIRTH_2021,11.9
5021,AR,Clay ,R_BIRTH_2022,11.5
5021,AR,Clay ,R_BIRTH_2023,11
5021,AR,Clay ,R_DEATH_2021,20.2
5021,AR,Clay ,R_DEATH_2022,18.4
5021,AR,Clay ,R_DEATH_2023,17
5021,AR,Clay ,R_NATURAL_CHG_2021,-8.3
5021,AR,Clay ,R_NATURAL_CHG_2022,-6.9
5021,AR,Clay ,R_NATURAL_CHG_2023,-6
5021,AR,Clay ,R_INTERNATIONAL_MIG_2021,0
5021,AR,Clay ,R_INTERNATIONAL_MIG_2022,-0.1
5021,AR,Clay ,R_INTERNATIONAL_MIG_2023,-0.1
5021,AR,Clay ,R_DOMESTIC_MIG_2021,-3.5
5021,AR,Clay ,R_DOMESTIC_MIG_2022,1.1
5021,AR,Clay ,R_DOMESTIC_MIG_2023,1.2
5021,AR,Clay ,R_NET_MIG_2021,-3.5
5021,AR,Clay ,R_NET_MIG_2022,1
5021,AR,Clay ,R_NET_MIG_2023,1.1
5023,AR,Cleburne ,Rural_Urban_Continuum_Code_2013,6
5023,AR,Cleburne ,Rural_Urban_Continuum_Code_2023,6
5023,AR,Cleburne ,Urban_Influence_2013,6
5023,AR,Cleburne ,Economic_typology_2015,5
5023,AR,Cleburne ,CENSUS_2020_POP,24711
5023,AR,Cleburne ,ESTIMATES_BASE_2020,24710
5023,AR,Cleburne ,POP_ESTIMATE_2020,24704
5023,AR,Cleburne ,POP_ESTIMATE_2021,25028
5023,AR,Cleburne ,POP_ESTIMATE_2022,25253
5023,AR,Cleburne ,POP_ESTIMATE_2023,25445
5023,AR,Cleburne ,N_POP_CHG_2020,-6
5023,AR,Cleburne ,N_POP_CHG_2021,324
5023,AR,Cleburne ,N_POP_CHG_2022,225
5023,AR,Cleburne ,N_POP_CHG_2023,192
5023,AR,Cleburne ,BIRTHS_2020,48
5023,AR,Cleburne ,BIRTHS_2021,212
5023,AR,Cleburne ,BIRTHS_2022,219
5023,AR,Cleburne ,BIRTHS_2023,223
5023,AR,Cleburne ,DEATHS_2020,89
5023,AR,Cleburne ,DEATHS_2021,474
5023,AR,Cleburne ,DEATHS_2022,466
5023,AR,Cleburne ,DEATHS_2023,427
5023,AR,Cleburne ,NATURAL_CHG_2020,-41
5023,AR,Cleburne ,NATURAL_CHG_2021,-262
5023,AR,Cleburne ,NATURAL_CHG_2022,-247
5023,AR,Cleburne ,NATURAL_CHG_2023,-204
5023,AR,Cleburne ,INTERNATIONAL_MIG_2020,0
5023,AR,Cleburne ,INTERNATIONAL_MIG_2021,-1
5023,AR,Cleburne ,INTERNATIONAL_MIG_2022,-3
5023,AR,Cleburne ,INTERNATIONAL_MIG_2023,-3
5023,AR,Cleburne ,DOMESTIC_MIG_2020,33
5023,AR,Cleburne ,DOMESTIC_MIG_2021,608
5023,AR,Cleburne ,DOMESTIC_MIG_2022,452
5023,AR,Cleburne ,DOMESTIC_MIG_2023,399
5023,AR,Cleburne ,NET_MIG_2020,33
5023,AR,Cleburne ,NET_MIG_2021,607
5023,AR,Cleburne ,NET_MIG_2022,449
5023,AR,Cleburne ,NET_MIG_2023,396
5023,AR,Cleburne ,RESIDUAL_2020,2
5023,AR,Cleburne ,RESIDUAL_2021,-21
5023,AR,Cleburne ,RESIDUAL_2022,23
5023,AR,Cleburne ,RESIDUAL_2023,0
5023,AR,Cleburne ,GQ_ESTIMATES_BASE_2020,259
5023,AR,Cleburne ,GQ_ESTIMATES_2020,259
5023,AR,Cleburne ,GQ_ESTIMATES_2021,259
5023,AR,Cleburne ,GQ_ESTIMATES_2022,259
5023,AR,Cleburne ,GQ_ESTIMATES_2023,259
5023,AR,Cleburne ,R_BIRTH_2021,8.5
5023,AR,Cleburne ,R_BIRTH_2022,8.7
5023,AR,Cleburne ,R_BIRTH_2023,8.8
5023,AR,Cleburne ,R_DEATH_2021,19.1
5023,AR,Cleburne ,R_DEATH_2022,18.5
5023,AR,Cleburne ,R_DEATH_2023,16.8
5023,AR,Cleburne ,R_NATURAL_CHG_2021,-10.5
5023,AR,Cleburne ,R_NATURAL_CHG_2022,-9.8
5023,AR,Cleburne ,R_NATURAL_CHG_2023,-8
5023,AR,Cleburne ,R_INTERNATIONAL_MIG_2021,0
5023,AR,Cleburne ,R_INTERNATIONAL_MIG_2022,-0.1
5023,AR,Cleburne ,R_INTERNATIONAL_MIG_2023,-0.1
5023,AR,Cleburne ,R_DOMESTIC_MIG_2021,24.5
5023,AR,Cleburne ,R_DOMESTIC_MIG_2022,18
5023,AR,Cleburne ,R_DOMESTIC_MIG_2023,15.7
5023,AR,Cleburne ,R_NET_MIG_2021,24.4
5023,AR,Cleburne ,R_NET_MIG_2022,17.9
5023,AR,Cleburne ,R_NET_MIG_2023,15.6
5025,AR,Cleveland ,Rural_Urban_Continuum_Code_2013,3
5025,AR,Cleveland ,Rural_Urban_Continuum_Code_2023,8
5025,AR,Cleveland ,Urban_Influence_2013,2
5025,AR,Cleveland ,Economic_typology_2015,0
5025,AR,Cleveland ,CENSUS_2020_POP,7550
5025,AR,Cleveland ,ESTIMATES_BASE_2020,7550
5025,AR,Cleveland ,POP_ESTIMATE_2020,7552
5025,AR,Cleveland ,POP_ESTIMATE_2021,7486
5025,AR,Cleveland ,POP_ESTIMATE_2022,7467
5025,AR,Cleveland ,POP_ESTIMATE_2023,7378
5025,AR,Cleveland ,N_POP_CHG_2020,2
5025,AR,Cleveland ,N_POP_CHG_2021,-66
5025,AR,Cleveland ,N_POP_CHG_2022,-19
5025,AR,Cleveland ,N_POP_CHG_2023,-89
5025,AR,Cleveland ,BIRTHS_2020,16
5025,AR,Cleveland ,BIRTHS_2021,74
5025,AR,Cleveland ,BIRTHS_2022,81
5025,AR,Cleveland ,BIRTHS_2023,82
5025,AR,Cleveland ,DEATHS_2020,28
5025,AR,Cleveland ,DEATHS_2021,136
5025,AR,Cleveland ,DEATHS_2022,135
5025,AR,Cleveland ,DEATHS_2023,129
5025,AR,Cleveland ,NATURAL_CHG_2020,-12
5025,AR,Cleveland ,NATURAL_CHG_2021,-62
5025,AR,Cleveland ,NATURAL_CHG_2022,-54
5025,AR,Cleveland ,NATURAL_CHG_2023,-47
5025,AR,Cleveland ,INTERNATIONAL_MIG_2020,0
5025,AR,Cleveland ,INTERNATIONAL_MIG_2021,0
5025,AR,Cleveland ,INTERNATIONAL_MIG_2022,1
5025,AR,Cleveland ,INTERNATIONAL_MIG_2023,1
5025,AR,Cleveland ,DOMESTIC_MIG_2020,14
5025,AR,Cleveland ,DOMESTIC_MIG_2021,-9
5025,AR,Cleveland ,DOMESTIC_MIG_2022,36
5025,AR,Cleveland ,DOMESTIC_MIG_2023,-41
5025,AR,Cleveland ,NET_MIG_2020,14
5025,AR,Cleveland ,NET_MIG_2021,-9
5025,AR,Cleveland ,NET_MIG_2022,37
5025,AR,Cleveland ,NET_MIG_2023,-40
5025,AR,Cleveland ,RESIDUAL_2020,0
5025,AR,Cleveland ,RESIDUAL_2021,5
5025,AR,Cleveland ,RESIDUAL_2022,-2
5025,AR,Cleveland ,RESIDUAL_2023,-2
5025,AR,Cleveland ,GQ_ESTIMATES_BASE_2020,72
5025,AR,Cleveland ,GQ_ESTIMATES_2020,72
5025,AR,Cleveland ,GQ_ESTIMATES_2021,72
5025,AR,Cleveland ,GQ_ESTIMATES_2022,72
5025,AR,Cleveland ,GQ_ESTIMATES_2023,72
5025,AR,Cleveland ,R_BIRTH_2021,9.8
5025,AR,Cleveland ,R_BIRTH_2022,10.8
5025,AR,Cleveland ,R_BIRTH_2023,11
5025,AR,Cleveland ,R_DEATH_2021,18.1
5025,AR,Cleveland ,R_DEATH_2022,18.1
5025,AR,Cleveland ,R_DEATH_2023,17.4
5025,AR,Cleveland ,R_NATURAL_CHG_2021,-8.2
5025,AR,Cleveland ,R_NATURAL_CHG_2022,-7.2
5025,AR,Cleveland ,R_NATURAL_CHG_2023,-6.3
5025,AR,Cleveland ,R_INTERNATIONAL_MIG_2021,0
5025,AR,Cleveland ,R_INTERNATIONAL_MIG_2022,0.1
5025,AR,Cleveland ,R_INTERNATIONAL_MIG_2023,0.1
5025,AR,Cleveland ,R_DOMESTIC_MIG_2021,-1.2
5025,AR,Cleveland ,R_DOMESTIC_MIG_2022,4.8
5025,AR,Cleveland ,R_DOMESTIC_MIG_2023,-5.5
5025,AR,Cleveland ,R_NET_MIG_2021,-1.2
5025,AR,Cleveland ,R_NET_MIG_2022,4.9
5025,AR,Cleveland ,R_NET_MIG_2023,-5.4
5027,AR,Columbia ,Rural_Urban_Continuum_Code_2013,7
5027,AR,Columbia ,Rural_Urban_Continuum_Code_2023,7
5027,AR,Columbia ,Urban_Influence_2013,8
5027,AR,Columbia ,Economic_typology_2015,3
5027,AR,Columbia ,CENSUS_2020_POP,22801
5027,AR,Columbia ,ESTIMATES_BASE_2020,22800
5027,AR,Columbia ,POP_ESTIMATE_2020,22744
5027,AR,Columbia ,POP_ESTIMATE_2021,22490
5027,AR,Columbia ,POP_ESTIMATE_2022,22286
5027,AR,Columbia ,POP_ESTIMATE_2023,22150
5027,AR,Columbia ,N_POP_CHG_2020,-56
5027,AR,Columbia ,N_POP_CHG_2021,-254
5027,AR,Columbia ,N_POP_CHG_2022,-204
5027,AR,Columbia ,N_POP_CHG_2023,-136
5027,AR,Columbia ,BIRTHS_2020,57
5027,AR,Columbia ,BIRTHS_2021,268
5027,AR,Columbia ,BIRTHS_2022,274
5027,AR,Columbia ,BIRTHS_2023,256
5027,AR,Columbia ,DEATHS_2020,79
5027,AR,Columbia ,DEATHS_2021,370
5027,AR,Columbia ,DEATHS_2022,319
5027,AR,Columbia ,DEATHS_2023,298
5027,AR,Columbia ,NATURAL_CHG_2020,-22
5027,AR,Columbia ,NATURAL_CHG_2021,-102
5027,AR,Columbia ,NATURAL_CHG_2022,-45
5027,AR,Columbia ,NATURAL_CHG_2023,-42
5027,AR,Columbia ,INTERNATIONAL_MIG_2020,0
5027,AR,Columbia ,INTERNATIONAL_MIG_2021,6
5027,AR,Columbia ,INTERNATIONAL_MIG_2022,15
5027,AR,Columbia ,INTERNATIONAL_MIG_2023,20
5027,AR,Columbia ,DOMESTIC_MIG_2020,-36
5027,AR,Columbia ,DOMESTIC_MIG_2021,-157
5027,AR,Columbia ,DOMESTIC_MIG_2022,-165
5027,AR,Columbia ,DOMESTIC_MIG_2023,-114
5027,AR,Columbia ,NET_MIG_2020,-36
5027,AR,Columbia ,NET_MIG_2021,-151
5027,AR,Columbia ,NET_MIG_2022,-150
5027,AR,Columbia ,NET_MIG_2023,-94
5027,AR,Columbia ,RESIDUAL_2020,2
5027,AR,Columbia ,RESIDUAL_2021,-1
5027,AR,Columbia ,RESIDUAL_2022,-9
5027,AR,Columbia ,RESIDUAL_2023,0
5027,AR,Columbia ,GQ_ESTIMATES_BASE_2020,2012
5027,AR,Columbia ,GQ_ESTIMATES_2020,2005
5027,AR,Columbia ,GQ_ESTIMATES_2021,1823
5027,AR,Columbia ,GQ_ESTIMATES_2022,1901
5027,AR,Columbia ,GQ_ESTIMATES_2023,1902
5027,AR,Columbia ,R_BIRTH_2021,11.8
5027,AR,Columbia ,R_BIRTH_2022,12.2
5027,AR,Columbia ,R_BIRTH_2023,11.5
5027,AR,Columbia ,R_DEATH_2021,16.4
5027,AR,Columbia ,R_DEATH_2022,14.2
5027,AR,Columbia ,R_DEATH_2023,13.4
5027,AR,Columbia ,R_NATURAL_CHG_2021,-4.5
5027,AR,Columbia ,R_NATURAL_CHG_2022,-2
5027,AR,Columbia ,R_NATURAL_CHG_2023,-1.9
5027,AR,Columbia ,R_INTERNATIONAL_MIG_2021,0.3
5027,AR,Columbia ,R_INTERNATIONAL_MIG_2022,0.7
5027,AR,Columbia ,R_INTERNATIONAL_MIG_2023,0.9
5027,AR,Columbia ,R_DOMESTIC_MIG_2021,-6.9
5027,AR,Columbia ,R_DOMESTIC_MIG_2022,-7.4
5027,AR,Columbia ,R_DOMESTIC_MIG_2023,-5.1
5027,AR,Columbia ,R_NET_MIG_2021,-6.7
5027,AR,Columbia ,R_NET_MIG_2022,-6.7
5027,AR,Columbia ,R_NET_MIG_2023,-4.2
5029,AR,Conway ,Rural_Urban_Continuum_Code_2013,6
5029,AR,Conway ,Rural_Urban_Continuum_Code_2023,6
5029,AR,Conway ,Urban_Influence_2013,6
5029,AR,Conway ,Economic_typology_2015,0
5029,AR,Conway ,CENSUS_2020_POP,20715
5029,AR,Conway ,ESTIMATES_BASE_2020,20710
5029,AR,Conway ,POP_ESTIMATE_2020,20730
5029,AR,Conway ,POP_ESTIMATE_2021,20902
5029,AR,Conway ,POP_ESTIMATE_2022,21021
5029,AR,Conway ,POP_ESTIMATE_2023,21077
5029,AR,Conway ,N_POP_CHG_2020,20
5029,AR,Conway ,N_POP_CHG_2021,172
5029,AR,Conway ,N_POP_CHG_2022,119
5029,AR,Conway ,N_POP_CHG_2023,56
5029,AR,Conway ,BIRTHS_2020,46
5029,AR,Conway ,BIRTHS_2021,208
5029,AR,Conway ,BIRTHS_2022,232
5029,AR,Conway ,BIRTHS_2023,228
5029,AR,Conway ,DEATHS_2020,61
5029,AR,Conway ,DEATHS_2021,309
5029,AR,Conway ,DEATHS_2022,316
5029,AR,Conway ,DEATHS_2023,298
5029,AR,Conway ,NATURAL_CHG_2020,-15
5029,AR,Conway ,NATURAL_CHG_2021,-101
5029,AR,Conway ,NATURAL_CHG_2022,-84
5029,AR,Conway ,NATURAL_CHG_2023,-70
5029,AR,Conway ,INTERNATIONAL_MIG_2020,0
5029,AR,Conway ,INTERNATIONAL_MIG_2021,11
5029,AR,Conway ,INTERNATIONAL_MIG_2022,18
5029,AR,Conway ,INTERNATIONAL_MIG_2023,26
5029,AR,Conway ,DOMESTIC_MIG_2020,34
5029,AR,Conway ,DOMESTIC_MIG_2021,260
5029,AR,Conway ,DOMESTIC_MIG_2022,187
5029,AR,Conway ,DOMESTIC_MIG_2023,98
5029,AR,Conway ,NET_MIG_2020,34
5029,AR,Conway ,NET_MIG_2021,271
5029,AR,Conway ,NET_MIG_2022,205
5029,AR,Conway ,NET_MIG_2023,124
5029,AR,Conway ,RESIDUAL_2020,1
5029,AR,Conway ,RESIDUAL_2021,2
5029,AR,Conway ,RESIDUAL_2022,-2
5029,AR,Conway ,RESIDUAL_2023,2
5029,AR,Conway ,GQ_ESTIMATES_BASE_2020,171
5029,AR,Conway ,GQ_ESTIMATES_2020,171
5029,AR,Conway ,GQ_ESTIMATES_2021,171
5029,AR,Conway ,GQ_ESTIMATES_2022,171
5029,AR,Conway ,GQ_ESTIMATES_2023,171
5029,AR,Conway ,R_BIRTH_2021,10
5029,AR,Conway ,R_BIRTH_2022,11.1
5029,AR,Conway ,R_BIRTH_2023,10.8
5029,AR,Conway ,R_DEATH_2021,14.8
5029,AR,Conway ,R_DEATH_2022,15.1
5029,AR,Conway ,R_DEATH_2023,14.2
5029,AR,Conway ,R_NATURAL_CHG_2021,-4.9
5029,AR,Conway ,R_NATURAL_CHG_2022,-4
5029,AR,Conway ,R_NATURAL_CHG_2023,-3.3
5029,AR,Conway ,R_INTERNATIONAL_MIG_2021,0.5
5029,AR,Conway ,R_INTERNATIONAL_MIG_2022,0.9
5029,AR,Conway ,R_INTERNATIONAL_MIG_2023,1.2
5029,AR,Conway ,R_DOMESTIC_MIG_2021,12.5
5029,AR,Conway ,R_DOMESTIC_MIG_2022,8.9
5029,AR,Conway ,R_DOMESTIC_MIG_2023,4.7
5029,AR,Conway ,R_NET_MIG_2021,13
5029,AR,Conway ,R_NET_MIG_2022,9.8
5029,AR,Conway ,R_NET_MIG_2023,5.9
5031,AR,Craighead ,Rural_Urban_Continuum_Code_2013,3
5031,AR,Craighead ,Rural_Urban_Continuum_Code_2023,3
5031,AR,Craighead ,Urban_Influence_2013,2
5031,AR,Craighead ,Economic_typology_2015,0
5031,AR,Craighead ,CENSUS_2020_POP,111231
5031,AR,Craighead ,ESTIMATES_BASE_2020,111242
5031,AR,Craighead ,POP_ESTIMATE_2020,111619
5031,AR,Craighead ,POP_ESTIMATE_2021,111794
5031,AR,Craighead ,POP_ESTIMATE_2022,112863
5031,AR,Craighead ,POP_ESTIMATE_2023,113993
5031,AR,Craighead ,N_POP_CHG_2020,377
5031,AR,Craighead ,N_POP_CHG_2021,175
5031,AR,Craighead ,N_POP_CHG_2022,1069
5031,AR,Craighead ,N_POP_CHG_2023,1130
5031,AR,Craighead ,BIRTHS_2020,356
5031,AR,Craighead ,BIRTHS_2021,1511
5031,AR,Craighead ,BIRTHS_2022,1553
5031,AR,Craighead ,BIRTHS_2023,1540
5031,AR,Craighead ,DEATHS_2020,264
5031,AR,Craighead ,DEATHS_2021,1232
5031,AR,Craighead ,DEATHS_2022,1219
5031,AR,Craighead ,DEATHS_2023,1091
5031,AR,Craighead ,NATURAL_CHG_2020,92
5031,AR,Craighead ,NATURAL_CHG_2021,279
5031,AR,Craighead ,NATURAL_CHG_2022,334
5031,AR,Craighead ,NATURAL_CHG_2023,449
5031,AR,Craighead ,INTERNATIONAL_MIG_2020,4
5031,AR,Craighead ,INTERNATIONAL_MIG_2021,35
5031,AR,Craighead ,INTERNATIONAL_MIG_2022,48
5031,AR,Craighead ,INTERNATIONAL_MIG_2023,61
5031,AR,Craighead ,DOMESTIC_MIG_2020,272
5031,AR,Craighead ,DOMESTIC_MIG_2021,-180
5031,AR,Craighead ,DOMESTIC_MIG_2022,721
5031,AR,Craighead ,DOMESTIC_MIG_2023,617
5031,AR,Craighead ,NET_MIG_2020,276
5031,AR,Craighead ,NET_MIG_2021,-145
5031,AR,Craighead ,NET_MIG_2022,769
5031,AR,Craighead ,NET_MIG_2023,678
5031,AR,Craighead ,RESIDUAL_2020,9
5031,AR,Craighead ,RESIDUAL_2021,41
5031,AR,Craighead ,RESIDUAL_2022,-34
5031,AR,Craighead ,RESIDUAL_2023,3
5031,AR,Craighead ,GQ_ESTIMATES_BASE_2020,3951
5031,AR,Craighead ,GQ_ESTIMATES_2020,3944
5031,AR,Craighead ,GQ_ESTIMATES_2021,3253
5031,AR,Craighead ,GQ_ESTIMATES_2022,3178
5031,AR,Craighead ,GQ_ESTIMATES_2023,3181
5031,AR,Craighead ,R_BIRTH_2021,13.5
5031,AR,Craighead ,R_BIRTH_2022,13.8
5031,AR,Craighead ,R_BIRTH_2023,13.6
5031,AR,Craighead ,R_DEATH_2021,11
5031,AR,Craighead ,R_DEATH_2022,10.9
5031,AR,Craighead ,R_DEATH_2023,9.6
5031,AR,Craighead ,R_NATURAL_CHG_2021,2.5
5031,AR,Craighead ,R_NATURAL_CHG_2022,3
5031,AR,Craighead ,R_NATURAL_CHG_2023,4
5031,AR,Craighead ,R_INTERNATIONAL_MIG_2021,0.3
5031,AR,Craighead ,R_INTERNATIONAL_MIG_2022,0.4
5031,AR,Craighead ,R_INTERNATIONAL_MIG_2023,0.5
5031,AR,Craighead ,R_DOMESTIC_MIG_2021,-1.6
5031,AR,Craighead ,R_DOMESTIC_MIG_2022,6.4
5031,AR,Craighead ,R_DOMESTIC_MIG_2023,5.4
5031,AR,Craighead ,R_NET_MIG_2021,-1.3
5031,AR,Craighead ,R_NET_MIG_2022,6.8
5031,AR,Craighead ,R_NET_MIG_2023,6
5033,AR,Crawford ,Rural_Urban_Continuum_Code_2013,2
5033,AR,Crawford ,Rural_Urban_Continuum_Code_2023,3
5033,AR,Crawford ,Urban_Influence_2013,2
5033,AR,Crawford ,Economic_typology_2015,3
5033,AR,Crawford ,CENSUS_2020_POP,60133
5033,AR,Crawford ,ESTIMATES_BASE_2020,60119
5033,AR,Crawford ,POP_ESTIMATE_2020,60142
5033,AR,Crawford ,POP_ESTIMATE_2021,60430
5033,AR,Crawford ,POP_ESTIMATE_2022,61041
5033,AR,Crawford ,POP_ESTIMATE_2023,61891
5033,AR,Crawford ,N_POP_CHG_2020,23
5033,AR,Crawford ,N_POP_CHG_2021,288
5033,AR,Crawford ,N_POP_CHG_2022,611
5033,AR,Crawford ,N_POP_CHG_2023,850
5033,AR,Crawford ,BIRTHS_2020,172
5033,AR,Crawford ,BIRTHS_2021,726
5033,AR,Crawford ,BIRTHS_2022,725
5033,AR,Crawford ,BIRTHS_2023,727
5033,AR,Crawford ,DEATHS_2020,168
5033,AR,Crawford ,DEATHS_2021,857
5033,AR,Crawford ,DEATHS_2022,875
5033,AR,Crawford ,DEATHS_2023,779
5033,AR,Crawford ,NATURAL_CHG_2020,4
5033,AR,Crawford ,NATURAL_CHG_2021,-131
5033,AR,Crawford ,NATURAL_CHG_2022,-150
5033,AR,Crawford ,NATURAL_CHG_2023,-52
5033,AR,Crawford ,INTERNATIONAL_MIG_2020,2
5033,AR,Crawford ,INTERNATIONAL_MIG_2021,63
5033,AR,Crawford ,INTERNATIONAL_MIG_2022,126
5033,AR,Crawford ,INTERNATIONAL_MIG_2023,151
5033,AR,Crawford ,DOMESTIC_MIG_2020,2
5033,AR,Crawford ,DOMESTIC_MIG_2021,326
5033,AR,Crawford ,DOMESTIC_MIG_2022,648
5033,AR,Crawford ,DOMESTIC_MIG_2023,752
5033,AR,Crawford ,NET_MIG_2020,4
5033,AR,Crawford ,NET_MIG_2021,389
5033,AR,Crawford ,NET_MIG_2022,774
5033,AR,Crawford ,NET_MIG_2023,903
5033,AR,Crawford ,RESIDUAL_2020,15
5033,AR,Crawford ,RESIDUAL_2021,30
5033,AR,Crawford ,RESIDUAL_2022,-13
5033,AR,Crawford ,RESIDUAL_2023,-1
5033,AR,Crawford ,GQ_ESTIMATES_BASE_2020,673
5033,AR,Crawford ,GQ_ESTIMATES_2020,673
5033,AR,Crawford ,GQ_ESTIMATES_2021,673
5033,AR,Crawford ,GQ_ESTIMATES_2022,673
5033,AR,Crawford ,GQ_ESTIMATES_2023,673
5033,AR,Crawford ,R_BIRTH_2021,12
5033,AR,Crawford ,R_BIRTH_2022,11.9
5033,AR,Crawford ,R_BIRTH_2023,11.8
5033,AR,Crawford ,R_DEATH_2021,14.2
5033,AR,Crawford ,R_DEATH_2022,14.4
5033,AR,Crawford ,R_DEATH_2023,12.7
5033,AR,Crawford ,R_NATURAL_CHG_2021,-2.2
5033,AR,Crawford ,R_NATURAL_CHG_2022,-2.5
5033,AR,Crawford ,R_NATURAL_CHG_2023,-0.8
5033,AR,Crawford ,R_INTERNATIONAL_MIG_2021,1
5033,AR,Crawford ,R_INTERNATIONAL_MIG_2022,2.1
5033,AR,Crawford ,R_INTERNATIONAL_MIG_2023,2.5
5033,AR,Crawford ,R_DOMESTIC_MIG_2021,5.4
5033,AR,Crawford ,R_DOMESTIC_MIG_2022,10.7
5033,AR,Crawford ,R_DOMESTIC_MIG_2023,12.2
5033,AR,Crawford ,R_NET_MIG_2021,6.5
5033,AR,Crawford ,R_NET_MIG_2022,12.7
5033,AR,Crawford ,R_NET_MIG_2023,14.7
5035,AR,Crittenden ,Rural_Urban_Continuum_Code_2013,1
5035,AR,Crittenden ,Rural_Urban_Continuum_Code_2023,1
5035,AR,Crittenden ,Urban_Influence_2013,1
5035,AR,Crittenden ,Economic_typology_2015,0
5035,AR,Crittenden ,CENSUS_2020_POP,48163
5035,AR,Crittenden ,ESTIMATES_BASE_2020,48156
5035,AR,Crittenden ,POP_ESTIMATE_2020,48076
5035,AR,Crittenden ,POP_ESTIMATE_2021,47438
5035,AR,Crittenden ,POP_ESTIMATE_2022,47051
5035,AR,Crittenden ,POP_ESTIMATE_2023,47139
5035,AR,Crittenden ,N_POP_CHG_2020,-80
5035,AR,Crittenden ,N_POP_CHG_2021,-638
5035,AR,Crittenden ,N_POP_CHG_2022,-387
5035,AR,Crittenden ,N_POP_CHG_2023,88
5035,AR,Crittenden ,BIRTHS_2020,156
5035,AR,Crittenden ,BIRTHS_2021,672
5035,AR,Crittenden ,BIRTHS_2022,703
5035,AR,Crittenden ,BIRTHS_2023,570
5035,AR,Crittenden ,DEATHS_2020,156
5035,AR,Crittenden ,DEATHS_2021,700
5035,AR,Crittenden ,DEATHS_2022,674
5035,AR,Crittenden ,DEATHS_2023,620
5035,AR,Crittenden ,NATURAL_CHG_2020,0
5035,AR,Crittenden ,NATURAL_CHG_2021,-28
5035,AR,Crittenden ,NATURAL_CHG_2022,29
5035,AR,Crittenden ,NATURAL_CHG_2023,-50
5035,AR,Crittenden ,INTERNATIONAL_MIG_2020,0
5035,AR,Crittenden ,INTERNATIONAL_MIG_2021,11
5035,AR,Crittenden ,INTERNATIONAL_MIG_2022,30
5035,AR,Crittenden ,INTERNATIONAL_MIG_2023,32
5035,AR,Crittenden ,DOMESTIC_MIG_2020,-85
5035,AR,Crittenden ,DOMESTIC_MIG_2021,-611
5035,AR,Crittenden ,DOMESTIC_MIG_2022,-436
5035,AR,Crittenden ,DOMESTIC_MIG_2023,106
5035,AR,Crittenden ,NET_MIG_2020,-85
5035,AR,Crittenden ,NET_MIG_2021,-600
5035,AR,Crittenden ,NET_MIG_2022,-406
5035,AR,Crittenden ,NET_MIG_2023,138
5035,AR,Crittenden ,RESIDUAL_2020,5
5035,AR,Crittenden ,RESIDUAL_2021,-10
5035,AR,Crittenden ,RESIDUAL_2022,-10
5035,AR,Crittenden ,RESIDUAL_2023,0
5035,AR,Crittenden ,GQ_ESTIMATES_BASE_2020,495
5035,AR,Crittenden ,GQ_ESTIMATES_2020,495
5035,AR,Crittenden ,GQ_ESTIMATES_2021,418
5035,AR,Crittenden ,GQ_ESTIMATES_2022,474
5035,AR,Crittenden ,GQ_ESTIMATES_2023,586
5035,AR,Crittenden ,R_BIRTH_2021,14.1
5035,AR,Crittenden ,R_BIRTH_2022,14.9
5035,AR,Crittenden ,R_BIRTH_2023,12.1
5035,AR,Crittenden ,R_DEATH_2021,14.7
5035,AR,Crittenden ,R_DEATH_2022,14.3
5035,AR,Crittenden ,R_DEATH_2023,13.2
5035,AR,Crittenden ,R_NATURAL_CHG_2021,-0.6
5035,AR,Crittenden ,R_NATURAL_CHG_2022,0.6
5035,AR,Crittenden ,R_NATURAL_CHG_2023,-1.1
5035,AR,Crittenden ,R_INTERNATIONAL_MIG_2021,0.2
5035,AR,Crittenden ,R_INTERNATIONAL_MIG_2022,0.6
5035,AR,Crittenden ,R_INTERNATIONAL_MIG_2023,0.7
5035,AR,Crittenden ,R_DOMESTIC_MIG_2021,-12.8
5035,AR,Crittenden ,R_DOMESTIC_MIG_2022,-9.2
5035,AR,Crittenden ,R_DOMESTIC_MIG_2023,2.3
5035,AR,Crittenden ,R_NET_MIG_2021,-12.6
5035,AR,Crittenden ,R_NET_MIG_2022,-8.6
5035,AR,Crittenden ,R_NET_MIG_2023,2.9
5037,AR,Cross ,Rural_Urban_Continuum_Code_2013,6
5037,AR,Cross ,Rural_Urban_Continuum_Code_2023,6
5037,AR,Cross ,Urban_Influence_2013,4
5037,AR,Cross ,Economic_typology_2015,0
5037,AR,Cross ,CENSUS_2020_POP,16833
5037,AR,Cross ,ESTIMATES_BASE_2020,16828
5037,AR,Cross ,POP_ESTIMATE_2020,16795
5037,AR,Cross ,POP_ESTIMATE_2021,16672
5037,AR,Cross ,POP_ESTIMATE_2022,16590
5037,AR,Cross ,POP_ESTIMATE_2023,16420
5037,AR,Cross ,N_POP_CHG_2020,-33
5037,AR,Cross ,N_POP_CHG_2021,-123
5037,AR,Cross ,N_POP_CHG_2022,-82
5037,AR,Cross ,N_POP_CHG_2023,-170
5037,AR,Cross ,BIRTHS_2020,50
5037,AR,Cross ,BIRTHS_2021,187
5037,AR,Cross ,BIRTHS_2022,189
5037,AR,Cross ,BIRTHS_2023,183
5037,AR,Cross ,DEATHS_2020,45
5037,AR,Cross ,DEATHS_2021,290
5037,AR,Cross ,DEATHS_2022,271
5037,AR,Cross ,DEATHS_2023,265
5037,AR,Cross ,NATURAL_CHG_2020,5
5037,AR,Cross ,NATURAL_CHG_2021,-103
5037,AR,Cross ,NATURAL_CHG_2022,-82
5037,AR,Cross ,NATURAL_CHG_2023,-82
5037,AR,Cross ,INTERNATIONAL_MIG_2020,0
5037,AR,Cross ,INTERNATIONAL_MIG_2021,3
5037,AR,Cross ,INTERNATIONAL_MIG_2022,30
5037,AR,Cross ,INTERNATIONAL_MIG_2023,30
5037,AR,Cross ,DOMESTIC_MIG_2020,-36
5037,AR,Cross ,DOMESTIC_MIG_2021,-32
5037,AR,Cross ,DOMESTIC_MIG_2022,-22
5037,AR,Cross ,DOMESTIC_MIG_2023,-120
5037,AR,Cross ,NET_MIG_2020,-36
5037,AR,Cross ,NET_MIG_2021,-29
5037,AR,Cross ,NET_MIG_2022,8
5037,AR,Cross ,NET_MIG_2023,-90
5037,AR,Cross ,RESIDUAL_2020,-2
5037,AR,Cross ,RESIDUAL_2021,9
5037,AR,Cross ,RESIDUAL_2022,-8
5037,AR,Cross ,RESIDUAL_2023,2
5037,AR,Cross ,GQ_ESTIMATES_BASE_2020,145
5037,AR,Cross ,GQ_ESTIMATES_2020,145
5037,AR,Cross ,GQ_ESTIMATES_2021,145
5037,AR,Cross ,GQ_ESTIMATES_2022,145
5037,AR,Cross ,GQ_ESTIMATES_2023,145
5037,AR,Cross ,R_BIRTH_2021,11.2
5037,AR,Cross ,R_BIRTH_2022,11.4
5037,AR,Cross ,R_BIRTH_2023,11.1
5037,AR,Cross ,R_DEATH_2021,17.3
5037,AR,Cross ,R_DEATH_2022,16.3
5037,AR,Cross ,R_DEATH_2023,16.1
5037,AR,Cross ,R_NATURAL_CHG_2021,-6.2
5037,AR,Cross ,R_NATURAL_CHG_2022,-4.9
5037,AR,Cross ,R_NATURAL_CHG_2023,-5
5037,AR,Cross ,R_INTERNATIONAL_MIG_2021,0.2
5037,AR,Cross ,R_INTERNATIONAL_MIG_2022,1.8
5037,AR,Cross ,R_INTERNATIONAL_MIG_2023,1.8
5037,AR,Cross ,R_DOMESTIC_MIG_2021,-1.9
5037,AR,Cross ,R_DOMESTIC_MIG_2022,-1.3
5037,AR,Cross ,R_DOMESTIC_MIG_2023,-7.3
5037,AR,Cross ,R_NET_MIG_2021,-1.7
5037,AR,Cross ,R_NET_MIG_2022,0.5
5037,AR,Cross ,R_NET_MIG_2023,-5.5
5039,AR,Dallas ,Rural_Urban_Continuum_Code_2013,6
5039,AR,Dallas ,Rural_Urban_Continuum_Code_2023,8
5039,AR,Dallas ,Urban_Influence_2013,6
5039,AR,Dallas ,Economic_typology_2015,0
5039,AR,Dallas ,CENSUS_2020_POP,6482
5039,AR,Dallas ,ESTIMATES_BASE_2020,6481
5039,AR,Dallas ,POP_ESTIMATE_2020,6444
5039,AR,Dallas ,POP_ESTIMATE_2021,6309
5039,AR,Dallas ,POP_ESTIMATE_2022,6196
5039,AR,Dallas ,POP_ESTIMATE_2023,6185
5039,AR,Dallas ,N_POP_CHG_2020,-37
5039,AR,Dallas ,N_POP_CHG_2021,-135
5039,AR,Dallas ,N_POP_CHG_2022,-113
5039,AR,Dallas ,N_POP_CHG_2023,-11
5039,AR,Dallas ,BIRTHS_2020,15
5039,AR,Dallas ,BIRTHS_2021,72
5039,AR,Dallas ,BIRTHS_2022,57
5039,AR,Dallas ,BIRTHS_2023,57
5039,AR,Dallas ,DEATHS_2020,27
5039,AR,Dallas ,DEATHS_2021,135
5039,AR,Dallas ,DEATHS_2022,119
5039,AR,Dallas ,DEATHS_2023,120
5039,AR,Dallas ,NATURAL_CHG_2020,-12
5039,AR,Dallas ,NATURAL_CHG_2021,-63
5039,AR,Dallas ,NATURAL_CHG_2022,-62
5039,AR,Dallas ,NATURAL_CHG_2023,-63
5039,AR,Dallas ,INTERNATIONAL_MIG_2020,0
5039,AR,Dallas ,INTERNATIONAL_MIG_2021,-1
5039,AR,Dallas ,INTERNATIONAL_MIG_2022,-1
5039,AR,Dallas ,INTERNATIONAL_MIG_2023,-1
5039,AR,Dallas ,DOMESTIC_MIG_2020,-23
5039,AR,Dallas ,DOMESTIC_MIG_2021,-70
5039,AR,Dallas ,DOMESTIC_MIG_2022,-49
5039,AR,Dallas ,DOMESTIC_MIG_2023,54
5039,AR,Dallas ,NET_MIG_2020,-23
5039,AR,Dallas ,NET_MIG_2021,-71
5039,AR,Dallas ,NET_MIG_2022,-50
5039,AR,Dallas ,NET_MIG_2023,53
5039,AR,Dallas ,RESIDUAL_2020,-2
5039,AR,Dallas ,RESIDUAL_2021,-1
5039,AR,Dallas ,RESIDUAL_2022,-1
5039,AR,Dallas ,RESIDUAL_2023,-1
5039,AR,Dallas ,GQ_ESTIMATES_BASE_2020,232
5039,AR,Dallas ,GQ_ESTIMATES_2020,232
5039,AR,Dallas ,GQ_ESTIMATES_2021,232
5039,AR,Dallas ,GQ_ESTIMATES_2022,232
5039,AR,Dallas ,GQ_ESTIMATES_2023,232
5039,AR,Dallas ,R_BIRTH_2021,11.3
5039,AR,Dallas ,R_BIRTH_2022,9.1
5039,AR,Dallas ,R_BIRTH_2023,9.2
5039,AR,Dallas ,R_DEATH_2021,21.2
5039,AR,Dallas ,R_DEATH_2022,19
5039,AR,Dallas ,R_DEATH_2023,19.4
5039,AR,Dallas ,R_NATURAL_CHG_2021,-9.9
5039,AR,Dallas ,R_NATURAL_CHG_2022,-9.9
5039,AR,Dallas ,R_NATURAL_CHG_2023,-10.2
5039,AR,Dallas ,R_INTERNATIONAL_MIG_2021,-0.2
5039,AR,Dallas ,R_INTERNATIONAL_MIG_2022,-0.2
5039,AR,Dallas ,R_INTERNATIONAL_MIG_2023,-0.2
5039,AR,Dallas ,R_DOMESTIC_MIG_2021,-11
5039,AR,Dallas ,R_DOMESTIC_MIG_2022,-7.8
5039,AR,Dallas ,R_DOMESTIC_MIG_2023,8.7
5039,AR,Dallas ,R_NET_MIG_2021,-11.1
5039,AR,Dallas ,R_NET_MIG_2022,-8
5039,AR,Dallas ,R_NET_MIG_2023,8.6
5041,AR,Desha ,Rural_Urban_Continuum_Code_2013,6
5041,AR,Desha ,Rural_Urban_Continuum_Code_2023,9
5041,AR,Desha ,Urban_Influence_2013,6
5041,AR,Desha ,Economic_typology_2015,0
5041,AR,Desha ,CENSUS_2020_POP,11395
5041,AR,Desha ,ESTIMATES_BASE_2020,11398
5041,AR,Desha ,POP_ESTIMATE_2020,11324
5041,AR,Desha ,POP_ESTIMATE_2021,11048
5041,AR,Desha ,POP_ESTIMATE_2022,10758
5041,AR,Desha ,POP_ESTIMATE_2023,10479
5041,AR,Desha ,N_POP_CHG_2020,-74
5041,AR,Desha ,N_POP_CHG_2021,-276
5041,AR,Desha ,N_POP_CHG_2022,-290
5041,AR,Desha ,N_POP_CHG_2023,-279
5041,AR,Desha ,BIRTHS_2020,27
5041,AR,Desha ,BIRTHS_2021,115
5041,AR,Desha ,BIRTHS_2022,111
5041,AR,Desha ,BIRTHS_2023,113
5041,AR,Desha ,DEATHS_2020,39
5041,AR,Desha ,DEATHS_2021,194
5041,AR,Desha ,DEATHS_2022,178
5041,AR,Desha ,DEATHS_2023,164
5041,AR,Desha ,NATURAL_CHG_2020,-12
5041,AR,Desha ,NATURAL_CHG_2021,-79
5041,AR,Desha ,NATURAL_CHG_2022,-67
5041,AR,Desha ,NATURAL_CHG_2023,-51
5041,AR,Desha ,INTERNATIONAL_MIG_2020,1
5041,AR,Desha ,INTERNATIONAL_MIG_2021,12
5041,AR,Desha ,INTERNATIONAL_MIG_2022,6
5041,AR,Desha ,INTERNATIONAL_MIG_2023,9
5041,AR,Desha ,DOMESTIC_MIG_2020,-58
5041,AR,Desha ,DOMESTIC_MIG_2021,-203
5041,AR,Desha ,DOMESTIC_MIG_2022,-235
5041,AR,Desha ,DOMESTIC_MIG_2023,-235
5041,AR,Desha ,NET_MIG_2020,-57
5041,AR,Desha ,NET_MIG_2021,-191
5041,AR,Desha ,NET_MIG_2022,-229
5041,AR,Desha ,NET_MIG_2023,-226
5041,AR,Desha ,RESIDUAL_2020,-5
5041,AR,Desha ,RESIDUAL_2021,-6
5041,AR,Desha ,RESIDUAL_2022,6
5041,AR,Desha ,RESIDUAL_2023,-2
5041,AR,Desha ,GQ_ESTIMATES_BASE_2020,42
5041,AR,Desha ,GQ_ESTIMATES_2020,42
5041,AR,Desha ,GQ_ESTIMATES_2021,42
5041,AR,Desha ,GQ_ESTIMATES_2022,42
5041,AR,Desha ,GQ_ESTIMATES_2023,42
5041,AR,Desha ,R_BIRTH_2021,10.3
5041,AR,Desha ,R_BIRTH_2022,10.2
5041,AR,Desha ,R_BIRTH_2023,10.6
5041,AR,Desha ,R_DEATH_2021,17.3
5041,AR,Desha ,R_DEATH_2022,16.3
5041,AR,Desha ,R_DEATH_2023,15.4
5041,AR,Desha ,R_NATURAL_CHG_2021,-7.1
5041,AR,Desha ,R_NATURAL_CHG_2022,-6.1
5041,AR,Desha ,R_NATURAL_CHG_2023,-4.8
5041,AR,Desha ,R_INTERNATIONAL_MIG_2021,1.1
5041,AR,Desha ,R_INTERNATIONAL_MIG_2022,0.6
5041,AR,Desha ,R_INTERNATIONAL_MIG_2023,0.8
5041,AR,Desha ,R_DOMESTIC_MIG_2021,-18.1
5041,AR,Desha ,R_DOMESTIC_MIG_2022,-21.6
5041,AR,Desha ,R_DOMESTIC_MIG_2023,-22.1
5041,AR,Desha ,R_NET_MIG_2021,-17.1
5041,AR,Desha ,R_NET_MIG_2022,-21
5041,AR,Desha ,R_NET_MIG_2023,-21.3
5043,AR,Drew ,Rural_Urban_Continuum_Code_2013,6
5043,AR,Drew ,Rural_Urban_Continuum_Code_2023,7
5043,AR,Drew ,Urban_Influence_2013,6
5043,AR,Drew ,Economic_typology_2015,4
5043,AR,Drew ,CENSUS_2020_POP,17350
5043,AR,Drew ,ESTIMATES_BASE_2020,17345
5043,AR,Drew ,POP_ESTIMATE_2020,17313
5043,AR,Drew ,POP_ESTIMATE_2021,17057
5043,AR,Drew ,POP_ESTIMATE_2022,16912
5043,AR,Drew ,POP_ESTIMATE_2023,16945
5043,AR,Drew ,N_POP_CHG_2020,-32
5043,AR,Drew ,N_POP_CHG_2021,-256
5043,AR,Drew ,N_POP_CHG_2022,-145
5043,AR,Drew ,N_POP_CHG_2023,33
5043,AR,Drew ,BIRTHS_2020,64
5043,AR,Drew ,BIRTHS_2021,199
5043,AR,Drew ,BIRTHS_2022,195
5043,AR,Drew ,BIRTHS_2023,193
5043,AR,Drew ,DEATHS_2020,65
5043,AR,Drew ,DEATHS_2021,268
5043,AR,Drew ,DEATHS_2022,233
5043,AR,Drew ,DEATHS_2023,226
5043,AR,Drew ,NATURAL_CHG_2020,-1
5043,AR,Drew ,NATURAL_CHG_2021,-69
5043,AR,Drew ,NATURAL_CHG_2022,-38
5043,AR,Drew ,NATURAL_CHG_2023,-33
5043,AR,Drew ,INTERNATIONAL_MIG_2020,0
5043,AR,Drew ,INTERNATIONAL_MIG_2021,-1
5043,AR,Drew ,INTERNATIONAL_MIG_2022,8
5043,AR,Drew ,INTERNATIONAL_MIG_2023,9
5043,AR,Drew ,DOMESTIC_MIG_2020,-34
5043,AR,Drew ,DOMESTIC_MIG_2021,-186
5043,AR,Drew ,DOMESTIC_MIG_2022,-112
5043,AR,Drew ,DOMESTIC_MIG_2023,56
5043,AR,Drew ,NET_MIG_2020,-34
5043,AR,Drew ,NET_MIG_2021,-187
5043,AR,Drew ,NET_MIG_2022,-104
5043,AR,Drew ,NET_MIG_2023,65
5043,AR,Drew ,RESIDUAL_2020,3
5043,AR,Drew ,RESIDUAL_2021,0
5043,AR,Drew ,RESIDUAL_2022,-3
5043,AR,Drew ,RESIDUAL_2023,1
5043,AR,Drew ,GQ_ESTIMATES_BASE_2020,616
5043,AR,Drew ,GQ_ESTIMATES_2020,615
5043,AR,Drew ,GQ_ESTIMATES_2021,589
5043,AR,Drew ,GQ_ESTIMATES_2022,588
5043,AR,Drew ,GQ_ESTIMATES_2023,590
5043,AR,Drew ,R_BIRTH_2021,11.6
5043,AR,Drew ,R_BIRTH_2022,11.5
5043,AR,Drew ,R_BIRTH_2023,11.4
5043,AR,Drew ,R_DEATH_2021,15.6
5043,AR,Drew ,R_DEATH_2022,13.7
5043,AR,Drew ,R_DEATH_2023,13.4
5043,AR,Drew ,R_NATURAL_CHG_2021,-4
5043,AR,Drew ,R_NATURAL_CHG_2022,-2.2
5043,AR,Drew ,R_NATURAL_CHG_2023,-1.9
5043,AR,Drew ,R_INTERNATIONAL_MIG_2021,-0.1
5043,AR,Drew ,R_INTERNATIONAL_MIG_2022,0.5
5043,AR,Drew ,R_INTERNATIONAL_MIG_2023,0.5
5043,AR,Drew ,R_DOMESTIC_MIG_2021,-10.8
5043,AR,Drew ,R_DOMESTIC_MIG_2022,-6.6
5043,AR,Drew ,R_DOMESTIC_MIG_2023,3.3
5043,AR,Drew ,R_NET_MIG_2021,-10.9
5043,AR,Drew ,R_NET_MIG_2022,-6.1
5043,AR,Drew ,R_NET_MIG_2023,3.8
5045,AR,Faulkner ,Rural_Urban_Continuum_Code_2013,2
5045,AR,Faulkner ,Rural_Urban_Continuum_Code_2023,2
5045,AR,Faulkner ,Urban_Influence_2013,2
5045,AR,Faulkner ,Economic_typology_2015,0
5045,AR,Faulkner ,CENSUS_2020_POP,123498
5045,AR,Faulkner ,ESTIMATES_BASE_2020,123493
5045,AR,Faulkner ,POP_ESTIMATE_2020,123820
5045,AR,Faulkner ,POP_ESTIMATE_2021,125608
5045,AR,Faulkner ,POP_ESTIMATE_2022,127565
5045,AR,Faulkner ,POP_ESTIMATE_2023,129951
5045,AR,Faulkner ,N_POP_CHG_2020,327
5045,AR,Faulkner ,N_POP_CHG_2021,1788
5045,AR,Faulkner ,N_POP_CHG_2022,1957
5045,AR,Faulkner ,N_POP_CHG_2023,2386
5045,AR,Faulkner ,BIRTHS_2020,379
5045,AR,Faulkner ,BIRTHS_2021,1434
5045,AR,Faulkner ,BIRTHS_2022,1469
5045,AR,Faulkner ,BIRTHS_2023,1468
5045,AR,Faulkner ,DEATHS_2020,250
5045,AR,Faulkner ,DEATHS_2021,1212
5045,AR,Faulkner ,DEATHS_2022,1247
5045,AR,Faulkner ,DEATHS_2023,1117
5045,AR,Faulkner ,NATURAL_CHG_2020,129
5045,AR,Faulkner ,NATURAL_CHG_2021,222
5045,AR,Faulkner ,NATURAL_CHG_2022,222
5045,AR,Faulkner ,NATURAL_CHG_2023,351
5045,AR,Faulkner ,INTERNATIONAL_MIG_2020,3
5045,AR,Faulkner ,INTERNATIONAL_MIG_2021,76
5045,AR,Faulkner ,INTERNATIONAL_MIG_2022,120
5045,AR,Faulkner ,INTERNATIONAL_MIG_2023,145
5045,AR,Faulkner ,DOMESTIC_MIG_2020,153
5045,AR,Faulkner ,DOMESTIC_MIG_2021,1475
5045,AR,Faulkner ,DOMESTIC_MIG_2022,1616
5045,AR,Faulkner ,DOMESTIC_MIG_2023,1892
5045,AR,Faulkner ,NET_MIG_2020,156
5045,AR,Faulkner ,NET_MIG_2021,1551
5045,AR,Faulkner ,NET_MIG_2022,1736
5045,AR,Faulkner ,NET_MIG_2023,2037
5045,AR,Faulkner ,RESIDUAL_2020,42
5045,AR,Faulkner ,RESIDUAL_2021,15
5045,AR,Faulkner ,RESIDUAL_2022,-1
5045,AR,Faulkner ,RESIDUAL_2023,-2
5045,AR,Faulkner ,GQ_ESTIMATES_BASE_2020,4738
5045,AR,Faulkner ,GQ_ESTIMATES_2020,4741
5045,AR,Faulkner ,GQ_ESTIMATES_2021,4950
5045,AR,Faulkner ,GQ_ESTIMATES_2022,5099
5045,AR,Faulkner ,GQ_ESTIMATES_2023,5105
5045,AR,Faulkner ,R_BIRTH_2021,11.5
5045,AR,Faulkner ,R_BIRTH_2022,11.6
5045,AR,Faulkner ,R_BIRTH_2023,11.4
5045,AR,Faulkner ,R_DEATH_2021,9.7
5045,AR,Faulkner ,R_DEATH_2022,9.9
5045,AR,Faulkner ,R_DEATH_2023,8.7
5045,AR,Faulkner ,R_NATURAL_CHG_2021,1.8
5045,AR,Faulkner ,R_NATURAL_CHG_2022,1.8
5045,AR,Faulkner ,R_NATURAL_CHG_2023,2.7
5045,AR,Faulkner ,R_INTERNATIONAL_MIG_2021,0.6
5045,AR,Faulkner ,R_INTERNATIONAL_MIG_2022,0.9
5045,AR,Faulkner ,R_INTERNATIONAL_MIG_2023,1.1
5045,AR,Faulkner ,R_DOMESTIC_MIG_2021,11.8
5045,AR,Faulkner ,R_DOMESTIC_MIG_2022,12.8
5045,AR,Faulkner ,R_DOMESTIC_MIG_2023,14.7
5045,AR,Faulkner ,R_NET_MIG_2021,12.4
5045,AR,Faulkner ,R_NET_MIG_2022,13.7
5045,AR,Faulkner ,R_NET_MIG_2023,15.8
5047,AR,Franklin ,Rural_Urban_Continuum_Code_2013,6
5047,AR,Franklin ,Rural_Urban_Continuum_Code_2023,8
5047,AR,Franklin ,Urban_Influence_2013,6
5047,AR,Franklin ,Economic_typology_2015,0
5047,AR,Franklin ,CENSUS_2020_POP,17097
5047,AR,Franklin ,ESTIMATES_BASE_2020,17103
5047,AR,Franklin ,POP_ESTIMATE_2020,17139
5047,AR,Franklin ,POP_ESTIMATE_2021,17166
5047,AR,Franklin ,POP_ESTIMATE_2022,17270
5047,AR,Franklin ,POP_ESTIMATE_2023,17468
5047,AR,Franklin ,N_POP_CHG_2020,36
5047,AR,Franklin ,N_POP_CHG_2021,27
5047,AR,Franklin ,N_POP_CHG_2022,104
5047,AR,Franklin ,N_POP_CHG_2023,198
5047,AR,Franklin ,BIRTHS_2020,47
5047,AR,Franklin ,BIRTHS_2021,187
5047,AR,Franklin ,BIRTHS_2022,189
5047,AR,Franklin ,BIRTHS_2023,188
5047,AR,Franklin ,DEATHS_2020,62
5047,AR,Franklin ,DEATHS_2021,282
5047,AR,Franklin ,DEATHS_2022,278
5047,AR,Franklin ,DEATHS_2023,258
5047,AR,Franklin ,NATURAL_CHG_2020,-15
5047,AR,Franklin ,NATURAL_CHG_2021,-95
5047,AR,Franklin ,NATURAL_CHG_2022,-89
5047,AR,Franklin ,NATURAL_CHG_2023,-70
5047,AR,Franklin ,INTERNATIONAL_MIG_2020,0
5047,AR,Franklin ,INTERNATIONAL_MIG_2021,1
5047,AR,Franklin ,INTERNATIONAL_MIG_2022,0
5047,AR,Franklin ,INTERNATIONAL_MIG_2023,0
5047,AR,Franklin ,DOMESTIC_MIG_2020,51
5047,AR,Franklin ,DOMESTIC_MIG_2021,112
5047,AR,Franklin ,DOMESTIC_MIG_2022,195
5047,AR,Franklin ,DOMESTIC_MIG_2023,270
5047,AR,Franklin ,NET_MIG_2020,51
5047,AR,Franklin ,NET_MIG_2021,113
5047,AR,Franklin ,NET_MIG_2022,195
5047,AR,Franklin ,NET_MIG_2023,270
5047,AR,Franklin ,RESIDUAL_2020,0
5047,AR,Franklin ,RESIDUAL_2021,9
5047,AR,Franklin ,RESIDUAL_2022,-2
5047,AR,Franklin ,RESIDUAL_2023,-2
5047,AR,Franklin ,GQ_ESTIMATES_BASE_2020,277
5047,AR,Franklin ,GQ_ESTIMATES_2020,277
5047,AR,Franklin ,GQ_ESTIMATES_2021,277
5047,AR,Franklin ,GQ_ESTIMATES_2022,277
5047,AR,Franklin ,GQ_ESTIMATES_2023,277
5047,AR,Franklin ,R_BIRTH_2021,10.9
5047,AR,Franklin ,R_BIRTH_2022,11
5047,AR,Franklin ,R_BIRTH_2023,10.8
5047,AR,Franklin ,R_DEATH_2021,16.4
5047,AR,Franklin ,R_DEATH_2022,16.1
5047,AR,Franklin ,R_DEATH_2023,14.9
5047,AR,Franklin ,R_NATURAL_CHG_2021,-5.5
5047,AR,Franklin ,R_NATURAL_CHG_2022,-5.2
5047,AR,Franklin ,R_NATURAL_CHG_2023,-4
5047,AR,Franklin ,R_INTERNATIONAL_MIG_2021,0.1
5047,AR,Franklin ,R_INTERNATIONAL_MIG_2022,0
5047,AR,Franklin ,R_INTERNATIONAL_MIG_2023,0
5047,AR,Franklin ,R_DOMESTIC_MIG_2021,6.5
5047,AR,Franklin ,R_DOMESTIC_MIG_2022,11.3
5047,AR,Franklin ,R_DOMESTIC_MIG_2023,15.5
5047,AR,Franklin ,R_NET_MIG_2021,6.6
5047,AR,Franklin ,R_NET_MIG_2022,11.3
5047,AR,Franklin ,R_NET_MIG_2023,15.5
5049,AR,Fulton ,Rural_Urban_Continuum_Code_2013,9
5049,AR,Fulton ,Rural_Urban_Continuum_Code_2023,9
5049,AR,Fulton ,Urban_Influence_2013,9
5049,AR,Fulton ,Economic_typology_2015,0
5049,AR,Fulton ,CENSUS_2020_POP,12075
5049,AR,Fulton ,ESTIMATES_BASE_2020,12074
5049,AR,Fulton ,POP_ESTIMATE_2020,12054
5049,AR,Fulton ,POP_ESTIMATE_2021,12147
5049,AR,Fulton ,POP_ESTIMATE_2022,12355
5049,AR,Fulton ,POP_ESTIMATE_2023,12421
5049,AR,Fulton ,N_POP_CHG_2020,-20
5049,AR,Fulton ,N_POP_CHG_2021,93
5049,AR,Fulton ,N_POP_CHG_2022,208
5049,AR,Fulton ,N_POP_CHG_2023,66
5049,AR,Fulton ,BIRTHS_2020,26
5049,AR,Fulton ,BIRTHS_2021,118
5049,AR,Fulton ,BIRTHS_2022,118
5049,AR,Fulton ,BIRTHS_2023,117
5049,AR,Fulton ,DEATHS_2020,42
5049,AR,Fulton ,DEATHS_2021,247
5049,AR,Fulton ,DEATHS_2022,250
5049,AR,Fulton ,DEATHS_2023,235
5049,AR,Fulton ,NATURAL_CHG_2020,-16
5049,AR,Fulton ,NATURAL_CHG_2021,-129
5049,AR,Fulton ,NATURAL_CHG_2022,-132
5049,AR,Fulton ,NATURAL_CHG_2023,-118
5049,AR,Fulton ,INTERNATIONAL_MIG_2020,1
5049,AR,Fulton ,INTERNATIONAL_MIG_2021,3
5049,AR,Fulton ,INTERNATIONAL_MIG_2022,-1
5049,AR,Fulton ,INTERNATIONAL_MIG_2023,-1
5049,AR,Fulton ,DOMESTIC_MIG_2020,-7
5049,AR,Fulton ,DOMESTIC_MIG_2021,223
5049,AR,Fulton ,DOMESTIC_MIG_2022,328
5049,AR,Fulton ,DOMESTIC_MIG_2023,184
5049,AR,Fulton ,NET_MIG_2020,-6
5049,AR,Fulton ,NET_MIG_2021,226
5049,AR,Fulton ,NET_MIG_2022,327
5049,AR,Fulton ,NET_MIG_2023,183
5049,AR,Fulton ,RESIDUAL_2020,2
5049,AR,Fulton ,RESIDUAL_2021,-4
5049,AR,Fulton ,RESIDUAL_2022,13
5049,AR,Fulton ,RESIDUAL_2023,1
5049,AR,Fulton ,GQ_ESTIMATES_BASE_2020,162
5049,AR,Fulton ,GQ_ESTIMATES_2020,162
5049,AR,Fulton ,GQ_ESTIMATES_2021,162
5049,AR,Fulton ,GQ_ESTIMATES_2022,162
5049,AR,Fulton ,GQ_ESTIMATES_2023,162
5049,AR,Fulton ,R_BIRTH_2021,9.8
5049,AR,Fulton ,R_BIRTH_2022,9.6
5049,AR,Fulton ,R_BIRTH_2023,9.4
5049,AR,Fulton ,R_DEATH_2021,20.4
5049,AR,Fulton ,R_DEATH_2022,20.4
5049,AR,Fulton ,R_DEATH_2023,19
5049,AR,Fulton ,R_NATURAL_CHG_2021,-10.7
5049,AR,Fulton ,R_NATURAL_CHG_2022,-10.8
5049,AR,Fulton ,R_NATURAL_CHG_2023,-9.5
5049,AR,Fulton ,R_INTERNATIONAL_MIG_2021,0.2
5049,AR,Fulton ,R_INTERNATIONAL_MIG_2022,-0.1
5049,AR,Fulton ,R_INTERNATIONAL_MIG_2023,-0.1
5049,AR,Fulton ,R_DOMESTIC_MIG_2021,18.4
5049,AR,Fulton ,R_DOMESTIC_MIG_2022,26.8
5049,AR,Fulton ,R_DOMESTIC_MIG_2023,14.9
5049,AR,Fulton ,R_NET_MIG_2021,18.7
5049,AR,Fulton ,R_NET_MIG_2022,26.7
5049,AR,Fulton ,R_NET_MIG_2023,14.8
5051,AR,Garland ,Rural_Urban_Continuum_Code_2013,3
5051,AR,Garland ,Rural_Urban_Continuum_Code_2023,3
5051,AR,Garland ,Urban_Influence_2013,2
5051,AR,Garland ,Economic_typology_2015,5
5051,AR,Garland ,CENSUS_2020_POP,100180
5051,AR,Garland ,ESTIMATES_BASE_2020,100173
5051,AR,Garland ,POP_ESTIMATE_2020,100258
5051,AR,Garland ,POP_ESTIMATE_2021,100393
5051,AR,Garland ,POP_ESTIMATE_2022,99982
5051,AR,Garland ,POP_ESTIMATE_2023,99784
5051,AR,Garland ,N_POP_CHG_2020,85
5051,AR,Garland ,N_POP_CHG_2021,135
5051,AR,Garland ,N_POP_CHG_2022,-411
5051,AR,Garland ,N_POP_CHG_2023,-198
5051,AR,Garland ,BIRTHS_2020,230
5051,AR,Garland ,BIRTHS_2021,956
5051,AR,Garland ,BIRTHS_2022,969
5051,AR,Garland ,BIRTHS_2023,970
5051,AR,Garland ,DEATHS_2020,353
5051,AR,Garland ,DEATHS_2021,1690
5051,AR,Garland ,DEATHS_2022,1763
5051,AR,Garland ,DEATHS_2023,1535
5051,AR,Garland ,NATURAL_CHG_2020,-123
5051,AR,Garland ,NATURAL_CHG_2021,-734
5051,AR,Garland ,NATURAL_CHG_2022,-794
5051,AR,Garland ,NATURAL_CHG_2023,-565
5051,AR,Garland ,INTERNATIONAL_MIG_2020,2
5051,AR,Garland ,INTERNATIONAL_MIG_2021,40
5051,AR,Garland ,INTERNATIONAL_MIG_2022,55
5051,AR,Garland ,INTERNATIONAL_MIG_2023,74
5051,AR,Garland ,DOMESTIC_MIG_2020,204
5051,AR,Garland ,DOMESTIC_MIG_2021,806
5051,AR,Garland ,DOMESTIC_MIG_2022,372
5051,AR,Garland ,DOMESTIC_MIG_2023,295
5051,AR,Garland ,NET_MIG_2020,206
5051,AR,Garland ,NET_MIG_2021,846
5051,AR,Garland ,NET_MIG_2022,427
5051,AR,Garland ,NET_MIG_2023,369
5051,AR,Garland ,RESIDUAL_2020,2
5051,AR,Garland ,RESIDUAL_2021,23
5051,AR,Garland ,RESIDUAL_2022,-44
5051,AR,Garland ,RESIDUAL_2023,-2
5051,AR,Garland ,GQ_ESTIMATES_BASE_2020,1650
5051,AR,Garland ,GQ_ESTIMATES_2020,1650
5051,AR,Garland ,GQ_ESTIMATES_2021,1650
5051,AR,Garland ,GQ_ESTIMATES_2022,1652
5051,AR,Garland ,GQ_ESTIMATES_2023,1652
5051,AR,Garland ,R_BIRTH_2021,9.5
5051,AR,Garland ,R_BIRTH_2022,9.7
5051,AR,Garland ,R_BIRTH_2023,9.7
5051,AR,Garland ,R_DEATH_2021,16.8
5051,AR,Garland ,R_DEATH_2022,17.6
5051,AR,Garland ,R_DEATH_2023,15.4
5051,AR,Garland ,R_NATURAL_CHG_2021,-7.3
5051,AR,Garland ,R_NATURAL_CHG_2022,-7.9
5051,AR,Garland ,R_NATURAL_CHG_2023,-5.7
5051,AR,Garland ,R_INTERNATIONAL_MIG_2021,0.4
5051,AR,Garland ,R_INTERNATIONAL_MIG_2022,0.5
5051,AR,Garland ,R_INTERNATIONAL_MIG_2023,0.7
5051,AR,Garland ,R_DOMESTIC_MIG_2021,8
5051,AR,Garland ,R_DOMESTIC_MIG_2022,3.7
5051,AR,Garland ,R_DOMESTIC_MIG_2023,3
5051,AR,Garland ,R_NET_MIG_2021,8.4
5051,AR,Garland ,R_NET_MIG_2022,4.3
5051,AR,Garland ,R_NET_MIG_2023,3.7
5053,AR,Grant ,Rural_Urban_Continuum_Code_2013,2
5053,AR,Grant ,Rural_Urban_Continuum_Code_2023,2
5053,AR,Grant ,Urban_Influence_2013,2
5053,AR,Grant ,Economic_typology_2015,0
5053,AR,Grant ,CENSUS_2020_POP,17958
5053,AR,Grant ,ESTIMATES_BASE_2020,17960
5053,AR,Grant ,POP_ESTIMATE_2020,18018
5053,AR,Grant ,POP_ESTIMATE_2021,18123
5053,AR,Grant ,POP_ESTIMATE_2022,18129
5053,AR,Grant ,POP_ESTIMATE_2023,18383
5053,AR,Grant ,N_POP_CHG_2020,58
5053,AR,Grant ,N_POP_CHG_2021,105
5053,AR,Grant ,N_POP_CHG_2022,6
5053,AR,Grant ,N_POP_CHG_2023,254
5053,AR,Grant ,BIRTHS_2020,46
5053,AR,Grant ,BIRTHS_2021,205
5053,AR,Grant ,BIRTHS_2022,183
5053,AR,Grant ,BIRTHS_2023,184
5053,AR,Grant ,DEATHS_2020,39
5053,AR,Grant ,DEATHS_2021,291
5053,AR,Grant ,DEATHS_2022,284
5053,AR,Grant ,DEATHS_2023,258
5053,AR,Grant ,NATURAL_CHG_2020,7
5053,AR,Grant ,NATURAL_CHG_2021,-86
5053,AR,Grant ,NATURAL_CHG_2022,-101
5053,AR,Grant ,NATURAL_CHG_2023,-74
5053,AR,Grant ,INTERNATIONAL_MIG_2020,0
5053,AR,Grant ,INTERNATIONAL_MIG_2021,2
5053,AR,Grant ,INTERNATIONAL_MIG_2022,7
5053,AR,Grant ,INTERNATIONAL_MIG_2023,7
5053,AR,Grant ,DOMESTIC_MIG_2020,50
5053,AR,Grant ,DOMESTIC_MIG_2021,184
5053,AR,Grant ,DOMESTIC_MIG_2022,107
5053,AR,Grant ,DOMESTIC_MIG_2023,324
5053,AR,Grant ,NET_MIG_2020,50
5053,AR,Grant ,NET_MIG_2021,186
5053,AR,Grant ,NET_MIG_2022,114
5053,AR,Grant ,NET_MIG_2023,331
5053,AR,Grant ,RESIDUAL_2020,1
5053,AR,Grant ,RESIDUAL_2021,5
5053,AR,Grant ,RESIDUAL_2022,-7
5053,AR,Grant ,RESIDUAL_2023,-3
5053,AR,Grant ,GQ_ESTIMATES_BASE_2020,152
5053,AR,Grant ,GQ_ESTIMATES_2020,152
5053,AR,Grant ,GQ_ESTIMATES_2021,152
5053,AR,Grant ,GQ_ESTIMATES_2022,152
5053,AR,Grant ,GQ_ESTIMATES_2023,152
5053,AR,Grant ,R_BIRTH_2021,11.3
5053,AR,Grant ,R_BIRTH_2022,10.1
5053,AR,Grant ,R_BIRTH_2023,10.1
5053,AR,Grant ,R_DEATH_2021,16.1
5053,AR,Grant ,R_DEATH_2022,15.7
5053,AR,Grant ,R_DEATH_2023,14.1
5053,AR,Grant ,R_NATURAL_CHG_2021,-4.8
5053,AR,Grant ,R_NATURAL_CHG_2022,-5.6
5053,AR,Grant ,R_NATURAL_CHG_2023,-4.1
5053,AR,Grant ,R_INTERNATIONAL_MIG_2021,0.1
5053,AR,Grant ,R_INTERNATIONAL_MIG_2022,0.4
5053,AR,Grant ,R_INTERNATIONAL_MIG_2023,0.4
5053,AR,Grant ,R_DOMESTIC_MIG_2021,10.2
5053,AR,Grant ,R_DOMESTIC_MIG_2022,5.9
5053,AR,Grant ,R_DOMESTIC_MIG_2023,17.7
5053,AR,Grant ,R_NET_MIG_2021,10.3
5053,AR,Grant ,R_NET_MIG_2022,6.3
5053,AR,Grant ,R_NET_MIG_2023,18.1
5055,AR,Greene ,Rural_Urban_Continuum_Code_2013,4
5055,AR,Greene ,Rural_Urban_Continuum_Code_2023,4
5055,AR,Greene ,Urban_Influence_2013,5
5055,AR,Greene ,Economic_typology_2015,3
5055,AR,Greene ,CENSUS_2020_POP,45736
5055,AR,Greene ,ESTIMATES_BASE_2020,45738
5055,AR,Greene ,POP_ESTIMATE_2020,45864
5055,AR,Greene ,POP_ESTIMATE_2021,46341
5055,AR,Greene ,POP_ESTIMATE_2022,46408
5055,AR,Greene ,POP_ESTIMATE_2023,46743
5055,AR,Greene ,N_POP_CHG_2020,126
5055,AR,Greene ,N_POP_CHG_2021,477
5055,AR,Greene ,N_POP_CHG_2022,67
5055,AR,Greene ,N_POP_CHG_2023,335
5055,AR,Greene ,BIRTHS_2020,151
5055,AR,Greene ,BIRTHS_2021,523
5055,AR,Greene ,BIRTHS_2022,523
5055,AR,Greene ,BIRTHS_2023,526
5055,AR,Greene ,DEATHS_2020,115
5055,AR,Greene ,DEATHS_2021,609
5055,AR,Greene ,DEATHS_2022,622
5055,AR,Greene ,DEATHS_2023,562
5055,AR,Greene ,NATURAL_CHG_2020,36
5055,AR,Greene ,NATURAL_CHG_2021,-86
5055,AR,Greene ,NATURAL_CHG_2022,-99
5055,AR,Greene ,NATURAL_CHG_2023,-36
5055,AR,Greene ,INTERNATIONAL_MIG_2020,0
5055,AR,Greene ,INTERNATIONAL_MIG_2021,-3
5055,AR,Greene ,INTERNATIONAL_MIG_2022,4
5055,AR,Greene ,INTERNATIONAL_MIG_2023,6
5055,AR,Greene ,DOMESTIC_MIG_2020,82
5055,AR,Greene ,DOMESTIC_MIG_2021,559
5055,AR,Greene ,DOMESTIC_MIG_2022,185
5055,AR,Greene ,DOMESTIC_MIG_2023,361
5055,AR,Greene ,NET_MIG_2020,82
5055,AR,Greene ,NET_MIG_2021,556
5055,AR,Greene ,NET_MIG_2022,189
5055,AR,Greene ,NET_MIG_2023,367
5055,AR,Greene ,RESIDUAL_2020,8
5055,AR,Greene ,RESIDUAL_2021,7
5055,AR,Greene ,RESIDUAL_2022,-23
5055,AR,Greene ,RESIDUAL_2023,4
5055,AR,Greene ,GQ_ESTIMATES_BASE_2020,849
5055,AR,Greene ,GQ_ESTIMATES_2020,849
5055,AR,Greene ,GQ_ESTIMATES_2021,849
5055,AR,Greene ,GQ_ESTIMATES_2022,849
5055,AR,Greene ,GQ_ESTIMATES_2023,849
5055,AR,Greene ,R_BIRTH_2021,11.3
5055,AR,Greene ,R_BIRTH_2022,11.3
5055,AR,Greene ,R_BIRTH_2023,11.3
5055,AR,Greene ,R_DEATH_2021,13.2
5055,AR,Greene ,R_DEATH_2022,13.4
5055,AR,Greene ,R_DEATH_2023,12.1
5055,AR,Greene ,R_NATURAL_CHG_2021,-1.9
5055,AR,Greene ,R_NATURAL_CHG_2022,-2.1
5055,AR,Greene ,R_NATURAL_CHG_2023,-0.8
5055,AR,Greene ,R_INTERNATIONAL_MIG_2021,-0.1
5055,AR,Greene ,R_INTERNATIONAL_MIG_2022,0.1
5055,AR,Greene ,R_INTERNATIONAL_MIG_2023,0.1
5055,AR,Greene ,R_DOMESTIC_MIG_2021,12.1
5055,AR,Greene ,R_DOMESTIC_MIG_2022,4
5055,AR,Greene ,R_DOMESTIC_MIG_2023,7.8
5055,AR,Greene ,R_NET_MIG_2021,12.1
5055,AR,Greene ,R_NET_MIG_2022,4.1
5055,AR,Greene ,R_NET_MIG_2023,7.9
5057,AR,Hempstead ,Rural_Urban_Continuum_Code_2013,6
5057,AR,Hempstead ,Rural_Urban_Continuum_Code_2023,6
5057,AR,Hempstead ,Urban_Influence_2013,6
5057,AR,Hempstead ,Economic_typology_2015,0
5057,AR,Hempstead ,CENSUS_2020_POP,20065
5057,AR,Hempstead ,ESTIMATES_BASE_2020,20069
5057,AR,Hempstead ,POP_ESTIMATE_2020,19989
5057,AR,Hempstead ,POP_ESTIMATE_2021,19667
5057,AR,Hempstead ,POP_ESTIMATE_2022,19481
5057,AR,Hempstead ,POP_ESTIMATE_2023,19343
5057,AR,Hempstead ,N_POP_CHG_2020,-80
5057,AR,Hempstead ,N_POP_CHG_2021,-322
5057,AR,Hempstead ,N_POP_CHG_2022,-186
5057,AR,Hempstead ,N_POP_CHG_2023,-138
5057,AR,Hempstead ,BIRTHS_2020,54
5057,AR,Hempstead ,BIRTHS_2021,247
5057,AR,Hempstead ,BIRTHS_2022,309
5057,AR,Hempstead ,BIRTHS_2023,214
5057,AR,Hempstead ,DEATHS_2020,61
5057,AR,Hempstead ,DEATHS_2021,292
5057,AR,Hempstead ,DEATHS_2022,289
5057,AR,Hempstead ,DEATHS_2023,281
5057,AR,Hempstead ,NATURAL_CHG_2020,-7
5057,AR,Hempstead ,NATURAL_CHG_2021,-45
5057,AR,Hempstead ,NATURAL_CHG_2022,20
5057,AR,Hempstead ,NATURAL_CHG_2023,-67
5057,AR,Hempstead ,INTERNATIONAL_MIG_2020,0
5057,AR,Hempstead ,INTERNATIONAL_MIG_2021,2
5057,AR,Hempstead ,INTERNATIONAL_MIG_2022,6
5057,AR,Hempstead ,INTERNATIONAL_MIG_2023,17
5057,AR,Hempstead ,DOMESTIC_MIG_2020,-71
5057,AR,Hempstead ,DOMESTIC_MIG_2021,-277
5057,AR,Hempstead ,DOMESTIC_MIG_2022,-209
5057,AR,Hempstead ,DOMESTIC_MIG_2023,-91
5057,AR,Hempstead ,NET_MIG_2020,-71
5057,AR,Hempstead ,NET_MIG_2021,-275
5057,AR,Hempstead ,NET_MIG_2022,-203
5057,AR,Hempstead ,NET_MIG_2023,-74
5057,AR,Hempstead ,RESIDUAL_2020,-2
5057,AR,Hempstead ,RESIDUAL_2021,-2
5057,AR,Hempstead ,RESIDUAL_2022,-3
5057,AR,Hempstead ,RESIDUAL_2023,3
5057,AR,Hempstead ,GQ_ESTIMATES_BASE_2020,293
5057,AR,Hempstead ,GQ_ESTIMATES_2020,293
5057,AR,Hempstead ,GQ_ESTIMATES_2021,293
5057,AR,Hempstead ,GQ_ESTIMATES_2022,293
5057,AR,Hempstead ,GQ_ESTIMATES_2023,293
5057,AR,Hempstead ,R_BIRTH_2021,12.5
5057,AR,Hempstead ,R_BIRTH_2022,15.8
5057,AR,Hempstead ,R_BIRTH_2023,11
5057,AR,Hempstead ,R_DEATH_2021,14.7
5057,AR,Hempstead ,R_DEATH_2022,14.8
5057,AR,Hempstead ,R_DEATH_2023,14.5
5057,AR,Hempstead ,R_NATURAL_CHG_2021,-2.3
5057,AR,Hempstead ,R_NATURAL_CHG_2022,1
5057,AR,Hempstead ,R_NATURAL_CHG_2023,-3.5
5057,AR,Hempstead ,R_INTERNATIONAL_MIG_2021,0.1
5057,AR,Hempstead ,R_INTERNATIONAL_MIG_2022,0.3
5057,AR,Hempstead ,R_INTERNATIONAL_MIG_2023,0.9
5057,AR,Hempstead ,R_DOMESTIC_MIG_2021,-14
5057,AR,Hempstead ,R_DOMESTIC_MIG_2022,-10.7
5057,AR,Hempstead ,R_DOMESTIC_MIG_2023,-4.7
5057,AR,Hempstead ,R_NET_MIG_2021,-13.9
5057,AR,Hempstead ,R_NET_MIG_2022,-10.4
5057,AR,Hempstead ,R_NET_MIG_2023,-3.8
5059,AR,Hot Spring ,Rural_Urban_Continuum_Code_2013,6
5059,AR,Hot Spring ,Rural_Urban_Continuum_Code_2023,6
5059,AR,Hot Spring ,Urban_Influence_2013,5
5059,AR,Hot Spring ,Economic_typology_2015,0
5059,AR,Hot Spring ,CENSUS_2020_POP,33040
5059,AR,Hot Spring ,ESTIMATES_BASE_2020,33044
5059,AR,Hot Spring ,POP_ESTIMATE_2020,33075
5059,AR,Hot Spring ,POP_ESTIMATE_2021,33079
5059,AR,Hot Spring ,POP_ESTIMATE_2022,33149
5059,AR,Hot Spring ,POP_ESTIMATE_2023,33258
5059,AR,Hot Spring ,N_POP_CHG_2020,31
5059,AR,Hot Spring ,N_POP_CHG_2021,4
5059,AR,Hot Spring ,N_POP_CHG_2022,70
5059,AR,Hot Spring ,N_POP_CHG_2023,109
5059,AR,Hot Spring ,BIRTHS_2020,74
5059,AR,Hot Spring ,BIRTHS_2021,298
5059,AR,Hot Spring ,BIRTHS_2022,308
5059,AR,Hot Spring ,BIRTHS_2023,304
5059,AR,Hot Spring ,DEATHS_2020,101
5059,AR,Hot Spring ,DEATHS_2021,552
5059,AR,Hot Spring ,DEATHS_2022,529
5059,AR,Hot Spring ,DEATHS_2023,475
5059,AR,Hot Spring ,NATURAL_CHG_2020,-27
5059,AR,Hot Spring ,NATURAL_CHG_2021,-254
5059,AR,Hot Spring ,NATURAL_CHG_2022,-221
5059,AR,Hot Spring ,NATURAL_CHG_2023,-171
5059,AR,Hot Spring ,INTERNATIONAL_MIG_2020,0
5059,AR,Hot Spring ,INTERNATIONAL_MIG_2021,4
5059,AR,Hot Spring ,INTERNATIONAL_MIG_2022,-1
5059,AR,Hot Spring ,INTERNATIONAL_MIG_2023,-1
5059,AR,Hot Spring ,DOMESTIC_MIG_2020,52
5059,AR,Hot Spring ,DOMESTIC_MIG_2021,245
5059,AR,Hot Spring ,DOMESTIC_MIG_2022,292
5059,AR,Hot Spring ,DOMESTIC_MIG_2023,279
5059,AR,Hot Spring ,NET_MIG_2020,52
5059,AR,Hot Spring ,NET_MIG_2021,249
5059,AR,Hot Spring ,NET_MIG_2022,291
5059,AR,Hot Spring ,NET_MIG_2023,278
5059,AR,Hot Spring ,RESIDUAL_2020,6
5059,AR,Hot Spring ,RESIDUAL_2021,9
5059,AR,Hot Spring ,RESIDUAL_2022,0
5059,AR,Hot Spring ,RESIDUAL_2023,2
5059,AR,Hot Spring ,GQ_ESTIMATES_BASE_2020,2357
5059,AR,Hot Spring ,GQ_ESTIMATES_2020,2353
5059,AR,Hot Spring ,GQ_ESTIMATES_2021,2321
5059,AR,Hot Spring ,GQ_ESTIMATES_2022,2414
5059,AR,Hot Spring ,GQ_ESTIMATES_2023,2577
5059,AR,Hot Spring ,R_BIRTH_2021,9
5059,AR,Hot Spring ,R_BIRTH_2022,9.3
5059,AR,Hot Spring ,R_BIRTH_2023,9.2
5059,AR,Hot Spring ,R_DEATH_2021,16.7
5059,AR,Hot Spring ,R_DEATH_2022,16
5059,AR,Hot Spring ,R_DEATH_2023,14.3
5059,AR,Hot Spring ,R_NATURAL_CHG_2021,-7.7
5059,AR,Hot Spring ,R_NATURAL_CHG_2022,-6.7
5059,AR,Hot Spring ,R_NATURAL_CHG_2023,-5.2
5059,AR,Hot Spring ,R_INTERNATIONAL_MIG_2021,0.1
5059,AR,Hot Spring ,R_INTERNATIONAL_MIG_2022,0
5059,AR,Hot Spring ,R_INTERNATIONAL_MIG_2023,0
5059,AR,Hot Spring ,R_DOMESTIC_MIG_2021,7.4
5059,AR,Hot Spring ,R_DOMESTIC_MIG_2022,8.8
5059,AR,Hot Spring ,R_DOMESTIC_MIG_2023,8.4
5059,AR,Hot Spring ,R_NET_MIG_2021,7.5
5059,AR,Hot Spring ,R_NET_MIG_2022,8.8
5059,AR,Hot Spring ,R_NET_MIG_2023,8.4
5061,AR,Howard ,Rural_Urban_Continuum_Code_2013,6
5061,AR,Howard ,Rural_Urban_Continuum_Code_2023,8
5061,AR,Howard ,Urban_Influence_2013,6
5061,AR,Howard ,Economic_typology_2015,3
5061,AR,Howard ,CENSUS_2020_POP,12785
5061,AR,Howard ,ESTIMATES_BASE_2020,12786
5061,AR,Howard ,POP_ESTIMATE_2020,12757
5061,AR,Howard ,POP_ESTIMATE_2021,12695
5061,AR,Howard ,POP_ESTIMATE_2022,12622
5061,AR,Howard ,POP_ESTIMATE_2023,12533
5061,AR,Howard ,N_POP_CHG_2020,-29
5061,AR,Howard ,N_POP_CHG_2021,-62
5061,AR,Howard ,N_POP_CHG_2022,-73
5061,AR,Howard ,N_POP_CHG_2023,-89
5061,AR,Howard ,BIRTHS_2020,30
5061,AR,Howard ,BIRTHS_2021,159
5061,AR,Howard ,BIRTHS_2022,202
5061,AR,Howard ,BIRTHS_2023,139
5061,AR,Howard ,DEATHS_2020,38
5061,AR,Howard ,DEATHS_2021,190
5061,AR,Howard ,DEATHS_2022,182
5061,AR,Howard ,DEATHS_2023,175
5061,AR,Howard ,NATURAL_CHG_2020,-8
5061,AR,Howard ,NATURAL_CHG_2021,-31
5061,AR,Howard ,NATURAL_CHG_2022,20
5061,AR,Howard ,NATURAL_CHG_2023,-36
5061,AR,Howard ,INTERNATIONAL_MIG_2020,0
5061,AR,Howard ,INTERNATIONAL_MIG_2021,2
5061,AR,Howard ,INTERNATIONAL_MIG_2022,2
5061,AR,Howard ,INTERNATIONAL_MIG_2023,4
5061,AR,Howard ,DOMESTIC_MIG_2020,-22
5061,AR,Howard ,DOMESTIC_MIG_2021,-40
5061,AR,Howard ,DOMESTIC_MIG_2022,-95
5061,AR,Howard ,DOMESTIC_MIG_2023,-58
5061,AR,Howard ,NET_MIG_2020,-22
5061,AR,Howard ,NET_MIG_2021,-38
5061,AR,Howard ,NET_MIG_2022,-93
5061,AR,Howard ,NET_MIG_2023,-54
5061,AR,Howard ,RESIDUAL_2020,1
5061,AR,Howard ,RESIDUAL_2021,7
5061,AR,Howard ,RESIDUAL_2022,0
5061,AR,Howard ,RESIDUAL_2023,1
5061,AR,Howard ,GQ_ESTIMATES_BASE_2020,172
5061,AR,Howard ,GQ_ESTIMATES_2020,172
5061,AR,Howard ,GQ_ESTIMATES_2021,172
5061,AR,Howard ,GQ_ESTIMATES_2022,172
5061,AR,Howard ,GQ_ESTIMATES_2023,172
5061,AR,Howard ,R_BIRTH_2021,12.5
5061,AR,Howard ,R_BIRTH_2022,16
5061,AR,Howard ,R_BIRTH_2023,11.1
5061,AR,Howard ,R_DEATH_2021,14.9
5061,AR,Howard ,R_DEATH_2022,14.4
5061,AR,Howard ,R_DEATH_2023,13.9
5061,AR,Howard ,R_NATURAL_CHG_2021,-2.4
5061,AR,Howard ,R_NATURAL_CHG_2022,1.6
5061,AR,Howard ,R_NATURAL_CHG_2023,-2.9
5061,AR,Howard ,R_INTERNATIONAL_MIG_2021,0.2
5061,AR,Howard ,R_INTERNATIONAL_MIG_2022,0.2
5061,AR,Howard ,R_INTERNATIONAL_MIG_2023,0.3
5061,AR,Howard ,R_DOMESTIC_MIG_2021,-3.1
5061,AR,Howard ,R_DOMESTIC_MIG_2022,-7.5
5061,AR,Howard ,R_DOMESTIC_MIG_2023,-4.6
5061,AR,Howard ,R_NET_MIG_2021,-3
5061,AR,Howard ,R_NET_MIG_2022,-7.3
5061,AR,Howard ,R_NET_MIG_2023,-4.3
5063,AR,Independence ,Rural_Urban_Continuum_Code_2013,7
5063,AR,Independence ,Rural_Urban_Continuum_Code_2023,7
5063,AR,Independence ,Urban_Influence_2013,8
5063,AR,Independence ,Economic_typology_2015,3
5063,AR,Independence ,CENSUS_2020_POP,37938
5063,AR,Independence ,ESTIMATES_BASE_2020,37931
5063,AR,Independence ,POP_ESTIMATE_2020,37940
5063,AR,Independence ,POP_ESTIMATE_2021,38100
5063,AR,Independence ,POP_ESTIMATE_2022,38254
5063,AR,Independence ,POP_ESTIMATE_2023,38320
5063,AR,Independence ,N_POP_CHG_2020,9
5063,AR,Independence ,N_POP_CHG_2021,160
5063,AR,Independence ,N_POP_CHG_2022,154
5063,AR,Independence ,N_POP_CHG_2023,66
5063,AR,Independence ,BIRTHS_2020,109
5063,AR,Independence ,BIRTHS_2021,438
5063,AR,Independence ,BIRTHS_2022,471
5063,AR,Independence ,BIRTHS_2023,474
5063,AR,Independence ,DEATHS_2020,103
5063,AR,Independence ,DEATHS_2021,553
5063,AR,Independence ,DEATHS_2022,544
5063,AR,Independence ,DEATHS_2023,487
5063,AR,Independence ,NATURAL_CHG_2020,6
5063,AR,Independence ,NATURAL_CHG_2021,-115
5063,AR,Independence ,NATURAL_CHG_2022,-73
5063,AR,Independence ,NATURAL_CHG_2023,-13
5063,AR,Independence ,INTERNATIONAL_MIG_2020,0
5063,AR,Independence ,INTERNATIONAL_MIG_2021,2
5063,AR,Independence ,INTERNATIONAL_MIG_2022,1
5063,AR,Independence ,INTERNATIONAL_MIG_2023,2
5063,AR,Independence ,DOMESTIC_MIG_2020,-9
5063,AR,Independence ,DOMESTIC_MIG_2021,270
5063,AR,Independence ,DOMESTIC_MIG_2022,243
5063,AR,Independence ,DOMESTIC_MIG_2023,78
5063,AR,Independence ,NET_MIG_2020,-9
5063,AR,Independence ,NET_MIG_2021,272
5063,AR,Independence ,NET_MIG_2022,244
5063,AR,Independence ,NET_MIG_2023,80
5063,AR,Independence ,RESIDUAL_2020,12
5063,AR,Independence ,RESIDUAL_2021,3
5063,AR,Independence ,RESIDUAL_2022,-17
5063,AR,Independence ,RESIDUAL_2023,-1
5063,AR,Independence ,GQ_ESTIMATES_BASE_2020,850
5063,AR,Independence ,GQ_ESTIMATES_2020,850
5063,AR,Independence ,GQ_ESTIMATES_2021,1226
5063,AR,Independence ,GQ_ESTIMATES_2022,1183
5063,AR,Independence ,GQ_ESTIMATES_2023,1183
5063,AR,Independence ,R_BIRTH_2021,11.5
5063,AR,Independence ,R_BIRTH_2022,12.3
5063,AR,Independence ,R_BIRTH_2023,12.4
5063,AR,Independence ,R_DEATH_2021,14.5
5063,AR,Independence ,R_DEATH_2022,14.2
5063,AR,Independence ,R_DEATH_2023,12.7
5063,AR,Independence ,R_NATURAL_CHG_2021,-3
5063,AR,Independence ,R_NATURAL_CHG_2022,-1.9
5063,AR,Independence ,R_NATURAL_CHG_2023,-0.3
5063,AR,Independence ,R_INTERNATIONAL_MIG_2021,0.1
5063,AR,Independence ,R_INTERNATIONAL_MIG_2022,0
5063,AR,Independence ,R_INTERNATIONAL_MIG_2023,0.1
5063,AR,Independence ,R_DOMESTIC_MIG_2021,7.1
5063,AR,Independence ,R_DOMESTIC_MIG_2022,6.4
5063,AR,Independence ,R_DOMESTIC_MIG_2023,2
5063,AR,Independence ,R_NET_MIG_2021,7.2
5063,AR,Independence ,R_NET_MIG_2022,6.4
5063,AR,Independence ,R_NET_MIG_2023,2.1
5065,AR,Izard ,Rural_Urban_Continuum_Code_2013,9
5065,AR,Izard ,Rural_Urban_Continuum_Code_2023,9
5065,AR,Izard ,Urban_Influence_2013,10
5065,AR,Izard ,Economic_typology_2015,4
5065,AR,Izard ,CENSUS_2020_POP,13577
5065,AR,Izard ,ESTIMATES_BASE_2020,13578
5065,AR,Izard ,POP_ESTIMATE_2020,13602
5065,AR,Izard ,POP_ESTIMATE_2021,13921
5065,AR,Izard ,POP_ESTIMATE_2022,14029
5065,AR,Izard ,POP_ESTIMATE_2023,14169
5065,AR,Izard ,N_POP_CHG_2020,24
5065,AR,Izard ,N_POP_CHG_2021,319
5065,AR,Izard ,N_POP_CHG_2022,108
5065,AR,Izard ,N_POP_CHG_2023,140
5065,AR,Izard ,BIRTHS_2020,33
5065,AR,Izard ,BIRTHS_2021,103
5065,AR,Izard ,BIRTHS_2022,114
5065,AR,Izard ,BIRTHS_2023,113
5065,AR,Izard ,DEATHS_2020,48
5065,AR,Izard ,DEATHS_2021,260
5065,AR,Izard ,DEATHS_2022,259
5065,AR,Izard ,DEATHS_2023,238
5065,AR,Izard ,NATURAL_CHG_2020,-15
5065,AR,Izard ,NATURAL_CHG_2021,-157
5065,AR,Izard ,NATURAL_CHG_2022,-145
5065,AR,Izard ,NATURAL_CHG_2023,-125
5065,AR,Izard ,INTERNATIONAL_MIG_2020,0
5065,AR,Izard ,INTERNATIONAL_MIG_2021,-1
5065,AR,Izard ,INTERNATIONAL_MIG_2022,-2
5065,AR,Izard ,INTERNATIONAL_MIG_2023,-2
5065,AR,Izard ,DOMESTIC_MIG_2020,43
5065,AR,Izard ,DOMESTIC_MIG_2021,500
5065,AR,Izard ,DOMESTIC_MIG_2022,253
5065,AR,Izard ,DOMESTIC_MIG_2023,266
5065,AR,Izard ,NET_MIG_2020,43
5065,AR,Izard ,NET_MIG_2021,499
5065,AR,Izard ,NET_MIG_2022,251
5065,AR,Izard ,NET_MIG_2023,264
5065,AR,Izard ,RESIDUAL_2020,-4
5065,AR,Izard ,RESIDUAL_2021,-23
5065,AR,Izard ,RESIDUAL_2022,2
5065,AR,Izard ,RESIDUAL_2023,1
5065,AR,Izard ,GQ_ESTIMATES_BASE_2020,1125
5065,AR,Izard ,GQ_ESTIMATES_2020,1125
5065,AR,Izard ,GQ_ESTIMATES_2021,1176
5065,AR,Izard ,GQ_ESTIMATES_2022,1162
5065,AR,Izard ,GQ_ESTIMATES_2023,1210
5065,AR,Izard ,R_BIRTH_2021,7.5
5065,AR,Izard ,R_BIRTH_2022,8.2
5065,AR,Izard ,R_BIRTH_2023,8
5065,AR,Izard ,R_DEATH_2021,18.9
5065,AR,Izard ,R_DEATH_2022,18.5
5065,AR,Izard ,R_DEATH_2023,16.9
5065,AR,Izard ,R_NATURAL_CHG_2021,-11.4
5065,AR,Izard ,R_NATURAL_CHG_2022,-10.4
5065,AR,Izard ,R_NATURAL_CHG_2023,-8.9
5065,AR,Izard ,R_INTERNATIONAL_MIG_2021,-0.1
5065,AR,Izard ,R_INTERNATIONAL_MIG_2022,-0.1
5065,AR,Izard ,R_INTERNATIONAL_MIG_2023,-0.1
5065,AR,Izard ,R_DOMESTIC_MIG_2021,36.3
5065,AR,Izard ,R_DOMESTIC_MIG_2022,18.1
5065,AR,Izard ,R_DOMESTIC_MIG_2023,18.9
5065,AR,Izard ,R_NET_MIG_2021,36.3
5065,AR,Izard ,R_NET_MIG_2022,18
5065,AR,Izard ,R_NET_MIG_2023,18.7
5067,AR,Jackson ,Rural_Urban_Continuum_Code_2013,6
5067,AR,Jackson ,Rural_Urban_Continuum_Code_2023,6
5067,AR,Jackson ,Urban_Influence_2013,6
5067,AR,Jackson ,Economic_typology_2015,4
5067,AR,Jackson ,CENSUS_2020_POP,16755
5067,AR,Jackson ,ESTIMATES_BASE_2020,16765
5067,AR,Jackson ,POP_ESTIMATE_2020,16761
5067,AR,Jackson ,POP_ESTIMATE_2021,16781
5067,AR,Jackson ,POP_ESTIMATE_2022,16654
5067,AR,Jackson ,POP_ESTIMATE_2023,16784
5067,AR,Jackson ,N_POP_CHG_2020,-4
5067,AR,Jackson ,N_POP_CHG_2021,20
5067,AR,Jackson ,N_POP_CHG_2022,-127
5067,AR,Jackson ,N_POP_CHG_2023,130
5067,AR,Jackson ,BIRTHS_2020,41
5067,AR,Jackson ,BIRTHS_2021,149
5067,AR,Jackson ,BIRTHS_2022,154
5067,AR,Jackson ,BIRTHS_2023,157
5067,AR,Jackson ,DEATHS_2020,56
5067,AR,Jackson ,DEATHS_2021,290
5067,AR,Jackson ,DEATHS_2022,257
5067,AR,Jackson ,DEATHS_2023,252
5067,AR,Jackson ,NATURAL_CHG_2020,-15
5067,AR,Jackson ,NATURAL_CHG_2021,-141
5067,AR,Jackson ,NATURAL_CHG_2022,-103
5067,AR,Jackson ,NATURAL_CHG_2023,-95
5067,AR,Jackson ,INTERNATIONAL_MIG_2020,0
5067,AR,Jackson ,INTERNATIONAL_MIG_2021,0
5067,AR,Jackson ,INTERNATIONAL_MIG_2022,6
5067,AR,Jackson ,INTERNATIONAL_MIG_2023,7
5067,AR,Jackson ,DOMESTIC_MIG_2020,6
5067,AR,Jackson ,DOMESTIC_MIG_2021,159
5067,AR,Jackson ,DOMESTIC_MIG_2022,-20
5067,AR,Jackson ,DOMESTIC_MIG_2023,217
5067,AR,Jackson ,NET_MIG_2020,6
5067,AR,Jackson ,NET_MIG_2021,159
5067,AR,Jackson ,NET_MIG_2022,-14
5067,AR,Jackson ,NET_MIG_2023,224
5067,AR,Jackson ,RESIDUAL_2020,5
5067,AR,Jackson ,RESIDUAL_2021,2
5067,AR,Jackson ,RESIDUAL_2022,-10
5067,AR,Jackson ,RESIDUAL_2023,1
5067,AR,Jackson ,GQ_ESTIMATES_BASE_2020,2350
5067,AR,Jackson ,GQ_ESTIMATES_2020,2350
5067,AR,Jackson ,GQ_ESTIMATES_2021,2361
5067,AR,Jackson ,GQ_ESTIMATES_2022,2377
5067,AR,Jackson ,GQ_ESTIMATES_2023,2498
5067,AR,Jackson ,R_BIRTH_2021,8.9
5067,AR,Jackson ,R_BIRTH_2022,9.2
5067,AR,Jackson ,R_BIRTH_2023,9.4
5067,AR,Jackson ,R_DEATH_2021,17.3
5067,AR,Jackson ,R_DEATH_2022,15.4
5067,AR,Jackson ,R_DEATH_2023,15.1
5067,AR,Jackson ,R_NATURAL_CHG_2021,-8.4
5067,AR,Jackson ,R_NATURAL_CHG_2022,-6.2
5067,AR,Jackson ,R_NATURAL_CHG_2023,-5.7
5067,AR,Jackson ,R_INTERNATIONAL_MIG_2021,0
5067,AR,Jackson ,R_INTERNATIONAL_MIG_2022,0.4
5067,AR,Jackson ,R_INTERNATIONAL_MIG_2023,0.4
5067,AR,Jackson ,R_DOMESTIC_MIG_2021,9.5
5067,AR,Jackson ,R_DOMESTIC_MIG_2022,-1.2
5067,AR,Jackson ,R_DOMESTIC_MIG_2023,13
5067,AR,Jackson ,R_NET_MIG_2021,9.5
5067,AR,Jackson ,R_NET_MIG_2022,-0.8
5067,AR,Jackson ,R_NET_MIG_2023,13.4
5069,AR,Jefferson ,Rural_Urban_Continuum_Code_2013,3
5069,AR,Jefferson ,Rural_Urban_Continuum_Code_2023,4
5069,AR,Jefferson ,Urban_Influence_2013,2
5069,AR,Jefferson ,Economic_typology_2015,4
5069,AR,Jefferson ,CENSUS_2020_POP,67260
5069,AR,Jefferson ,ESTIMATES_BASE_2020,67258
5069,AR,Jefferson ,POP_ESTIMATE_2020,66830
5069,AR,Jefferson ,POP_ESTIMATE_2021,65637
5069,AR,Jefferson ,POP_ESTIMATE_2022,64295
5069,AR,Jefferson ,POP_ESTIMATE_2023,63661
5069,AR,Jefferson ,N_POP_CHG_2020,-428
5069,AR,Jefferson ,N_POP_CHG_2021,-1193
5069,AR,Jefferson ,N_POP_CHG_2022,-1342
5069,AR,Jefferson ,N_POP_CHG_2023,-634
5069,AR,Jefferson ,BIRTHS_2020,198
5069,AR,Jefferson ,BIRTHS_2021,757
5069,AR,Jefferson ,BIRTHS_2022,707
5069,AR,Jefferson ,BIRTHS_2023,723
5069,AR,Jefferson ,DEATHS_2020,257
5069,AR,Jefferson ,DEATHS_2021,1044
5069,AR,Jefferson ,DEATHS_2022,997
5069,AR,Jefferson ,DEATHS_2023,916
5069,AR,Jefferson ,NATURAL_CHG_2020,-59
5069,AR,Jefferson ,NATURAL_CHG_2021,-287
5069,AR,Jefferson ,NATURAL_CHG_2022,-290
5069,AR,Jefferson ,NATURAL_CHG_2023,-193
5069,AR,Jefferson ,INTERNATIONAL_MIG_2020,2
5069,AR,Jefferson ,INTERNATIONAL_MIG_2021,24
5069,AR,Jefferson ,INTERNATIONAL_MIG_2022,54
5069,AR,Jefferson ,INTERNATIONAL_MIG_2023,83
5069,AR,Jefferson ,DOMESTIC_MIG_2020,-339
5069,AR,Jefferson ,DOMESTIC_MIG_2021,-915
5069,AR,Jefferson ,DOMESTIC_MIG_2022,-1133
5069,AR,Jefferson ,DOMESTIC_MIG_2023,-524
5069,AR,Jefferson ,NET_MIG_2020,-337
5069,AR,Jefferson ,NET_MIG_2021,-891
5069,AR,Jefferson ,NET_MIG_2022,-1079
5069,AR,Jefferson ,NET_MIG_2023,-441
5069,AR,Jefferson ,RESIDUAL_2020,-32
5069,AR,Jefferson ,RESIDUAL_2021,-15
5069,AR,Jefferson ,RESIDUAL_2022,27
5069,AR,Jefferson ,RESIDUAL_2023,0
5069,AR,Jefferson ,GQ_ESTIMATES_BASE_2020,5589
5069,AR,Jefferson ,GQ_ESTIMATES_2020,5584
5069,AR,Jefferson ,GQ_ESTIMATES_2021,5405
5069,AR,Jefferson ,GQ_ESTIMATES_2022,5437
5069,AR,Jefferson ,GQ_ESTIMATES_2023,5488
5069,AR,Jefferson ,R_BIRTH_2021,11.4
5069,AR,Jefferson ,R_BIRTH_2022,10.9
5069,AR,Jefferson ,R_BIRTH_2023,11.3
5069,AR,Jefferson ,R_DEATH_2021,15.8
5069,AR,Jefferson ,R_DEATH_2022,15.3
5069,AR,Jefferson ,R_DEATH_2023,14.3
5069,AR,Jefferson ,R_NATURAL_CHG_2021,-4.3
5069,AR,Jefferson ,R_NATURAL_CHG_2022,-4.5
5069,AR,Jefferson ,R_NATURAL_CHG_2023,-3
5069,AR,Jefferson ,R_INTERNATIONAL_MIG_2021,0.4
5069,AR,Jefferson ,R_INTERNATIONAL_MIG_2022,0.8
5069,AR,Jefferson ,R_INTERNATIONAL_MIG_2023,1.3
5069,AR,Jefferson ,R_DOMESTIC_MIG_2021,-13.8
5069,AR,Jefferson ,R_DOMESTIC_MIG_2022,-17.4
5069,AR,Jefferson ,R_DOMESTIC_MIG_2023,-8.2
5069,AR,Jefferson ,R_NET_MIG_2021,-13.5
5069,AR,Jefferson ,R_NET_MIG_2022,-16.6
5069,AR,Jefferson ,R_NET_MIG_2023,-6.9
5071,AR,Johnson ,Rural_Urban_Continuum_Code_2013,7
5071,AR,Johnson ,Rural_Urban_Continuum_Code_2023,7
5071,AR,Johnson ,Urban_Influence_2013,9
5071,AR,Johnson ,Economic_typology_2015,3
5071,AR,Johnson ,CENSUS_2020_POP,25749
5071,AR,Johnson ,ESTIMATES_BASE_2020,25749
5071,AR,Johnson ,POP_ESTIMATE_2020,25724
5071,AR,Johnson ,POP_ESTIMATE_2021,25957
5071,AR,Johnson ,POP_ESTIMATE_2022,25970
5071,AR,Johnson ,POP_ESTIMATE_2023,26129
5071,AR,Johnson ,N_POP_CHG_2020,-25
5071,AR,Johnson ,N_POP_CHG_2021,233
5071,AR,Johnson ,N_POP_CHG_2022,13
5071,AR,Johnson ,N_POP_CHG_2023,159
5071,AR,Johnson ,BIRTHS_2020,76
5071,AR,Johnson ,BIRTHS_2021,294
5071,AR,Johnson ,BIRTHS_2022,298
5071,AR,Johnson ,BIRTHS_2023,296
5071,AR,Johnson ,DEATHS_2020,71
5071,AR,Johnson ,DEATHS_2021,340
5071,AR,Johnson ,DEATHS_2022,357
5071,AR,Johnson ,DEATHS_2023,334
5071,AR,Johnson ,NATURAL_CHG_2020,5
5071,AR,Johnson ,NATURAL_CHG_2021,-46
5071,AR,Johnson ,NATURAL_CHG_2022,-59
5071,AR,Johnson ,NATURAL_CHG_2023,-38
5071,AR,Johnson ,INTERNATIONAL_MIG_2020,0
5071,AR,Johnson ,INTERNATIONAL_MIG_2021,11
5071,AR,Johnson ,INTERNATIONAL_MIG_2022,18
5071,AR,Johnson ,INTERNATIONAL_MIG_2023,20
5071,AR,Johnson ,DOMESTIC_MIG_2020,-33
5071,AR,Johnson ,DOMESTIC_MIG_2021,261
5071,AR,Johnson ,DOMESTIC_MIG_2022,70
5071,AR,Johnson ,DOMESTIC_MIG_2023,177
5071,AR,Johnson ,NET_MIG_2020,-33
5071,AR,Johnson ,NET_MIG_2021,272
5071,AR,Johnson ,NET_MIG_2022,88
5071,AR,Johnson ,NET_MIG_2023,197
5071,AR,Johnson ,RESIDUAL_2020,3
5071,AR,Johnson ,RESIDUAL_2021,7
5071,AR,Johnson ,RESIDUAL_2022,-16
5071,AR,Johnson ,RESIDUAL_2023,0
5071,AR,Johnson ,GQ_ESTIMATES_BASE_2020,454
5071,AR,Johnson ,GQ_ESTIMATES_2020,454
5071,AR,Johnson ,GQ_ESTIMATES_2021,516
5071,AR,Johnson ,GQ_ESTIMATES_2022,541
5071,AR,Johnson ,GQ_ESTIMATES_2023,541
5071,AR,Johnson ,R_BIRTH_2021,11.4
5071,AR,Johnson ,R_BIRTH_2022,11.5
5071,AR,Johnson ,R_BIRTH_2023,11.4
5071,AR,Johnson ,R_DEATH_2021,13.2
5071,AR,Johnson ,R_DEATH_2022,13.8
5071,AR,Johnson ,R_DEATH_2023,12.8
5071,AR,Johnson ,R_NATURAL_CHG_2021,-1.8
5071,AR,Johnson ,R_NATURAL_CHG_2022,-2.3
5071,AR,Johnson ,R_NATURAL_CHG_2023,-1.5
5071,AR,Johnson ,R_INTERNATIONAL_MIG_2021,0.4
5071,AR,Johnson ,R_INTERNATIONAL_MIG_2022,0.7
5071,AR,Johnson ,R_INTERNATIONAL_MIG_2023,0.8
5071,AR,Johnson ,R_DOMESTIC_MIG_2021,10.1
5071,AR,Johnson ,R_DOMESTIC_MIG_2022,2.7
5071,AR,Johnson ,R_DOMESTIC_MIG_2023,6.8
5071,AR,Johnson ,R_NET_MIG_2021,10.5
5071,AR,Johnson ,R_NET_MIG_2022,3.4
5071,AR,Johnson ,R_NET_MIG_2023,7.6
5073,AR,Lafayette ,Rural_Urban_Continuum_Code_2013,8
5073,AR,Lafayette ,Rural_Urban_Continuum_Code_2023,8
5073,AR,Lafayette ,Urban_Influence_2013,7
5073,AR,Lafayette ,Economic_typology_2015,0
5073,AR,Lafayette ,CENSUS_2020_POP,6308
5073,AR,Lafayette ,ESTIMATES_BASE_2020,6305
5073,AR,Lafayette ,POP_ESTIMATE_2020,6293
5073,AR,Lafayette ,POP_ESTIMATE_2021,6159
5073,AR,Lafayette ,POP_ESTIMATE_2022,6129
5073,AR,Lafayette ,POP_ESTIMATE_2023,6095
5073,AR,Lafayette ,N_POP_CHG_2020,-12
5073,AR,Lafayette ,N_POP_CHG_2021,-134
5073,AR,Lafayette ,N_POP_CHG_2022,-30
5073,AR,Lafayette ,N_POP_CHG_2023,-34
5073,AR,Lafayette ,BIRTHS_2020,14
5073,AR,Lafayette ,BIRTHS_2021,66
5073,AR,Lafayette ,BIRTHS_2022,68
5073,AR,Lafayette ,BIRTHS_2023,42
5073,AR,Lafayette ,DEATHS_2020,25
5073,AR,Lafayette ,DEATHS_2021,120
5073,AR,Lafayette ,DEATHS_2022,106
5073,AR,Lafayette ,DEATHS_2023,106
5073,AR,Lafayette ,NATURAL_CHG_2020,-11
5073,AR,Lafayette ,NATURAL_CHG_2021,-54
5073,AR,Lafayette ,NATURAL_CHG_2022,-38
5073,AR,Lafayette ,NATURAL_CHG_2023,-64
5073,AR,Lafayette ,INTERNATIONAL_MIG_2020,0
5073,AR,Lafayette ,INTERNATIONAL_MIG_2021,7
5073,AR,Lafayette ,INTERNATIONAL_MIG_2022,18
5073,AR,Lafayette ,INTERNATIONAL_MIG_2023,28
5073,AR,Lafayette ,DOMESTIC_MIG_2020,-1
5073,AR,Lafayette ,DOMESTIC_MIG_2021,-88
5073,AR,Lafayette ,DOMESTIC_MIG_2022,-6
5073,AR,Lafayette ,DOMESTIC_MIG_2023,3
5073,AR,Lafayette ,NET_MIG_2020,-1
5073,AR,Lafayette ,NET_MIG_2021,-81
5073,AR,Lafayette ,NET_MIG_2022,12
5073,AR,Lafayette ,NET_MIG_2023,31
5073,AR,Lafayette ,RESIDUAL_2020,0
5073,AR,Lafayette ,RESIDUAL_2021,1
5073,AR,Lafayette ,RESIDUAL_2022,-4
5073,AR,Lafayette ,RESIDUAL_2023,-1
5073,AR,Lafayette ,GQ_ESTIMATES_BASE_2020,59
5073,AR,Lafayette ,GQ_ESTIMATES_2020,59
5073,AR,Lafayette ,GQ_ESTIMATES_2021,59
5073,AR,Lafayette ,GQ_ESTIMATES_2022,59
5073,AR,Lafayette ,GQ_ESTIMATES_2023,59
5073,AR,Lafayette ,R_BIRTH_2021,10.6
5073,AR,Lafayette ,R_BIRTH_2022,11.1
5073,AR,Lafayette ,R_BIRTH_2023,6.9
5073,AR,Lafayette ,R_DEATH_2021,19.3
5073,AR,Lafayette ,R_DEATH_2022,17.3
5073,AR,Lafayette ,R_DEATH_2023,17.3
5073,AR,Lafayette ,R_NATURAL_CHG_2021,-8.7
5073,AR,Lafayette ,R_NATURAL_CHG_2022,-6.2
5073,AR,Lafayette ,R_NATURAL_CHG_2023,-10.5
5073,AR,Lafayette ,R_INTERNATIONAL_MIG_2021,1.1
5073,AR,Lafayette ,R_INTERNATIONAL_MIG_2022,2.9
5073,AR,Lafayette ,R_INTERNATIONAL_MIG_2023,4.6
5073,AR,Lafayette ,R_DOMESTIC_MIG_2021,-14.1
5073,AR,Lafayette ,R_DOMESTIC_MIG_2022,-1
5073,AR,Lafayette ,R_DOMESTIC_MIG_2023,0.5
5073,AR,Lafayette ,R_NET_MIG_2021,-13
5073,AR,Lafayette ,R_NET_MIG_2022,2
5073,AR,Lafayette ,R_NET_MIG_2023,5.1
5075,AR,Lawrence ,Rural_Urban_Continuum_Code_2013,6
5075,AR,Lawrence ,Rural_Urban_Continuum_Code_2023,6
5075,AR,Lawrence ,Urban_Influence_2013,6
5075,AR,Lawrence ,Economic_typology_2015,0
5075,AR,Lawrence ,CENSUS_2020_POP,16216
5075,AR,Lawrence ,ESTIMATES_BASE_2020,16221
5075,AR,Lawrence ,POP_ESTIMATE_2020,16218
5075,AR,Lawrence ,POP_ESTIMATE_2021,16329
5075,AR,Lawrence ,POP_ESTIMATE_2022,16194
5075,AR,Lawrence ,POP_ESTIMATE_2023,16318
5075,AR,Lawrence ,N_POP_CHG_2020,-3
5075,AR,Lawrence ,N_POP_CHG_2021,111
5075,AR,Lawrence ,N_POP_CHG_2022,-135
5075,AR,Lawrence ,N_POP_CHG_2023,124
5075,AR,Lawrence ,BIRTHS_2020,38
5075,AR,Lawrence ,BIRTHS_2021,174
5075,AR,Lawrence ,BIRTHS_2022,198
5075,AR,Lawrence ,BIRTHS_2023,192
5075,AR,Lawrence ,DEATHS_2020,62
5075,AR,Lawrence ,DEATHS_2021,259
5075,AR,Lawrence ,DEATHS_2022,254
5075,AR,Lawrence ,DEATHS_2023,239
5075,AR,Lawrence ,NATURAL_CHG_2020,-24
5075,AR,Lawrence ,NATURAL_CHG_2021,-85
5075,AR,Lawrence ,NATURAL_CHG_2022,-56
5075,AR,Lawrence ,NATURAL_CHG_2023,-47
5075,AR,Lawrence ,INTERNATIONAL_MIG_2020,0
5075,AR,Lawrence ,INTERNATIONAL_MIG_2021,3
5075,AR,Lawrence ,INTERNATIONAL_MIG_2022,8
5075,AR,Lawrence ,INTERNATIONAL_MIG_2023,9
5075,AR,Lawrence ,DOMESTIC_MIG_2020,19
5075,AR,Lawrence ,DOMESTIC_MIG_2021,193
5075,AR,Lawrence ,DOMESTIC_MIG_2022,-77
5075,AR,Lawrence ,DOMESTIC_MIG_2023,164
5075,AR,Lawrence ,NET_MIG_2020,19
5075,AR,Lawrence ,NET_MIG_2021,196
5075,AR,Lawrence ,NET_MIG_2022,-69
5075,AR,Lawrence ,NET_MIG_2023,173
5075,AR,Lawrence ,RESIDUAL_2020,2
5075,AR,Lawrence ,RESIDUAL_2021,0
5075,AR,Lawrence ,RESIDUAL_2022,-10
5075,AR,Lawrence ,RESIDUAL_2023,-2
5075,AR,Lawrence ,GQ_ESTIMATES_BASE_2020,601
5075,AR,Lawrence ,GQ_ESTIMATES_2020,601
5075,AR,Lawrence ,GQ_ESTIMATES_2021,595
5075,AR,Lawrence ,GQ_ESTIMATES_2022,548
5075,AR,Lawrence ,GQ_ESTIMATES_2023,549
5075,AR,Lawrence ,R_BIRTH_2021,10.7
5075,AR,Lawrence ,R_BIRTH_2022,12.2
5075,AR,Lawrence ,R_BIRTH_2023,11.8
5075,AR,Lawrence ,R_DEATH_2021,15.9
5075,AR,Lawrence ,R_DEATH_2022,15.6
5075,AR,Lawrence ,R_DEATH_2023,14.7
5075,AR,Lawrence ,R_NATURAL_CHG_2021,-5.2
5075,AR,Lawrence ,R_NATURAL_CHG_2022,-3.4
5075,AR,Lawrence ,R_NATURAL_CHG_2023,-2.9
5075,AR,Lawrence ,R_INTERNATIONAL_MIG_2021,0.2
5075,AR,Lawrence ,R_INTERNATIONAL_MIG_2022,0.5
5075,AR,Lawrence ,R_INTERNATIONAL_MIG_2023,0.6
5075,AR,Lawrence ,R_DOMESTIC_MIG_2021,11.9
5075,AR,Lawrence ,R_DOMESTIC_MIG_2022,-4.7
5075,AR,Lawrence ,R_DOMESTIC_MIG_2023,10.1
5075,AR,Lawrence ,R_NET_MIG_2021,12
5075,AR,Lawrence ,R_NET_MIG_2022,-4.2
5075,AR,Lawrence ,R_NET_MIG_2023,10.6
5077,AR,Lee ,Rural_Urban_Continuum_Code_2013,7
5077,AR,Lee ,Rural_Urban_Continuum_Code_2023,8
5077,AR,Lee ,Urban_Influence_2013,9
5077,AR,Lee ,Economic_typology_2015,1
5077,AR,Lee ,CENSUS_2020_POP,8600
5077,AR,Lee ,ESTIMATES_BASE_2020,8593
5077,AR,Lee ,POP_ESTIMATE_2020,8526
5077,AR,Lee ,POP_ESTIMATE_2021,8560
5077,AR,Lee ,POP_ESTIMATE_2022,8367
5077,AR,Lee ,POP_ESTIMATE_2023,8201
5077,AR,Lee ,N_POP_CHG_2020,-67
5077,AR,Lee ,N_POP_CHG_2021,34
5077,AR,Lee ,N_POP_CHG_2022,-193
5077,AR,Lee ,N_POP_CHG_2023,-166
5077,AR,Lee ,BIRTHS_2020,23
5077,AR,Lee ,BIRTHS_2021,80
5077,AR,Lee ,BIRTHS_2022,80
5077,AR,Lee ,BIRTHS_2023,82
5077,AR,Lee ,DEATHS_2020,36
5077,AR,Lee ,DEATHS_2021,167
5077,AR,Lee ,DEATHS_2022,150
5077,AR,Lee ,DEATHS_2023,139
5077,AR,Lee ,NATURAL_CHG_2020,-13
5077,AR,Lee ,NATURAL_CHG_2021,-87
5077,AR,Lee ,NATURAL_CHG_2022,-70
5077,AR,Lee ,NATURAL_CHG_2023,-57
5077,AR,Lee ,INTERNATIONAL_MIG_2020,1
5077,AR,Lee ,INTERNATIONAL_MIG_2021,6
5077,AR,Lee ,INTERNATIONAL_MIG_2022,5
5077,AR,Lee ,INTERNATIONAL_MIG_2023,11
5077,AR,Lee ,DOMESTIC_MIG_2020,-51
5077,AR,Lee ,DOMESTIC_MIG_2021,119
5077,AR,Lee ,DOMESTIC_MIG_2022,-132
5077,AR,Lee ,DOMESTIC_MIG_2023,-118
5077,AR,Lee ,NET_MIG_2020,-50
5077,AR,Lee ,NET_MIG_2021,125
5077,AR,Lee ,NET_MIG_2022,-127
5077,AR,Lee ,NET_MIG_2023,-107
5077,AR,Lee ,RESIDUAL_2020,-4
5077,AR,Lee ,RESIDUAL_2021,-4
5077,AR,Lee ,RESIDUAL_2022,4
5077,AR,Lee ,RESIDUAL_2023,-2
5077,AR,Lee ,GQ_ESTIMATES_BASE_2020,1632
5077,AR,Lee ,GQ_ESTIMATES_2020,1632
5077,AR,Lee ,GQ_ESTIMATES_2021,1632
5077,AR,Lee ,GQ_ESTIMATES_2022,1641
5077,AR,Lee ,GQ_ESTIMATES_2023,1709
5077,AR,Lee ,R_BIRTH_2021,9.4
5077,AR,Lee ,R_BIRTH_2022,9.5
5077,AR,Lee ,R_BIRTH_2023,9.9
5077,AR,Lee ,R_DEATH_2021,19.5
5077,AR,Lee ,R_DEATH_2022,17.7
5077,AR,Lee ,R_DEATH_2023,16.8
5077,AR,Lee ,R_NATURAL_CHG_2021,-10.2
5077,AR,Lee ,R_NATURAL_CHG_2022,-8.3
5077,AR,Lee ,R_NATURAL_CHG_2023,-6.9
5077,AR,Lee ,R_INTERNATIONAL_MIG_2021,0.7
5077,AR,Lee ,R_INTERNATIONAL_MIG_2022,0.6
5077,AR,Lee ,R_INTERNATIONAL_MIG_2023,1.3
5077,AR,Lee ,R_DOMESTIC_MIG_2021,13.9
5077,AR,Lee ,R_DOMESTIC_MIG_2022,-15.6
5077,AR,Lee ,R_DOMESTIC_MIG_2023,-14.2
5077,AR,Lee ,R_NET_MIG_2021,14.6
5077,AR,Lee ,R_NET_MIG_2022,-15
5077,AR,Lee ,R_NET_MIG_2023,-12.9
5079,AR,Lincoln ,Rural_Urban_Continuum_Code_2013,3
5079,AR,Lincoln ,Rural_Urban_Continuum_Code_2023,9
5079,AR,Lincoln ,Urban_Influence_2013,2
5079,AR,Lincoln ,Economic_typology_2015,4
5079,AR,Lincoln ,CENSUS_2020_POP,12941
5079,AR,Lincoln ,ESTIMATES_BASE_2020,12936
5079,AR,Lincoln ,POP_ESTIMATE_2020,12890
5079,AR,Lincoln ,POP_ESTIMATE_2021,13168
5079,AR,Lincoln ,POP_ESTIMATE_2022,12910
5079,AR,Lincoln ,POP_ESTIMATE_2023,12898
5079,AR,Lincoln ,N_POP_CHG_2020,-46
5079,AR,Lincoln ,N_POP_CHG_2021,278
5079,AR,Lincoln ,N_POP_CHG_2022,-258
5079,AR,Lincoln ,N_POP_CHG_2023,-12
5079,AR,Lincoln ,BIRTHS_2020,27
5079,AR,Lincoln ,BIRTHS_2021,109
5079,AR,Lincoln ,BIRTHS_2022,101
5079,AR,Lincoln ,BIRTHS_2023,100
5079,AR,Lincoln ,DEATHS_2020,51
5079,AR,Lincoln ,DEATHS_2021,176
5079,AR,Lincoln ,DEATHS_2022,178
5079,AR,Lincoln ,DEATHS_2023,170
5079,AR,Lincoln ,NATURAL_CHG_2020,-24
5079,AR,Lincoln ,NATURAL_CHG_2021,-67
5079,AR,Lincoln ,NATURAL_CHG_2022,-77
5079,AR,Lincoln ,NATURAL_CHG_2023,-70
5079,AR,Lincoln ,INTERNATIONAL_MIG_2020,0
5079,AR,Lincoln ,INTERNATIONAL_MIG_2021,2
5079,AR,Lincoln ,INTERNATIONAL_MIG_2022,-1
5079,AR,Lincoln ,INTERNATIONAL_MIG_2023,-2
5079,AR,Lincoln ,DOMESTIC_MIG_2020,-23
5079,AR,Lincoln ,DOMESTIC_MIG_2021,360
5079,AR,Lincoln ,DOMESTIC_MIG_2022,-187
5079,AR,Lincoln ,DOMESTIC_MIG_2023,59
5079,AR,Lincoln ,NET_MIG_2020,-23
5079,AR,Lincoln ,NET_MIG_2021,362
5079,AR,Lincoln ,NET_MIG_2022,-188
5079,AR,Lincoln ,NET_MIG_2023,57
5079,AR,Lincoln ,RESIDUAL_2020,1
5079,AR,Lincoln ,RESIDUAL_2021,-17
5079,AR,Lincoln ,RESIDUAL_2022,7
5079,AR,Lincoln ,RESIDUAL_2023,1
5079,AR,Lincoln ,GQ_ESTIMATES_BASE_2020,3732
5079,AR,Lincoln ,GQ_ESTIMATES_2020,3732
5079,AR,Lincoln ,GQ_ESTIMATES_2021,3850
5079,AR,Lincoln ,GQ_ESTIMATES_2022,3887
5079,AR,Lincoln ,GQ_ESTIMATES_2023,4001
5079,AR,Lincoln ,R_BIRTH_2021,8.4
5079,AR,Lincoln ,R_BIRTH_2022,7.7
5079,AR,Lincoln ,R_BIRTH_2023,7.7
5079,AR,Lincoln ,R_DEATH_2021,13.5
5079,AR,Lincoln ,R_DEATH_2022,13.7
5079,AR,Lincoln ,R_DEATH_2023,13.2
5079,AR,Lincoln ,R_NATURAL_CHG_2021,-5.1
5079,AR,Lincoln ,R_NATURAL_CHG_2022,-5.9
5079,AR,Lincoln ,R_NATURAL_CHG_2023,-5.4
5079,AR,Lincoln ,R_INTERNATIONAL_MIG_2021,0.2
5079,AR,Lincoln ,R_INTERNATIONAL_MIG_2022,-0.1
5079,AR,Lincoln ,R_INTERNATIONAL_MIG_2023,-0.2
5079,AR,Lincoln ,R_DOMESTIC_MIG_2021,27.6
5079,AR,Lincoln ,R_DOMESTIC_MIG_2022,-14.3
5079,AR,Lincoln ,R_DOMESTIC_MIG_2023,4.6
5079,AR,Lincoln ,R_NET_MIG_2021,27.8
5079,AR,Lincoln ,R_NET_MIG_2022,-14.4
5079,AR,Lincoln ,R_NET_MIG_2023,4.4
5081,AR,Little River ,Rural_Urban_Continuum_Code_2013,3
5081,AR,Little River ,Rural_Urban_Continuum_Code_2023,3
5081,AR,Little River ,Urban_Influence_2013,2
5081,AR,Little River ,Economic_typology_2015,3
5081,AR,Little River ,CENSUS_2020_POP,12026
5081,AR,Little River ,ESTIMATES_BASE_2020,12026
5081,AR,Little River ,POP_ESTIMATE_2020,11974
5081,AR,Little River ,POP_ESTIMATE_2021,11973
5081,AR,Little River ,POP_ESTIMATE_2022,11865
5081,AR,Little River ,POP_ESTIMATE_2023,11805
5081,AR,Little River ,N_POP_CHG_2020,-52
5081,AR,Little River ,N_POP_CHG_2021,-1
5081,AR,Little River ,N_POP_CHG_2022,-108
5081,AR,Little River ,N_POP_CHG_2023,-60
5081,AR,Little River ,BIRTHS_2020,29
5081,AR,Little River ,BIRTHS_2021,162
5081,AR,Little River ,BIRTHS_2022,147
5081,AR,Little River ,BIRTHS_2023,95
5081,AR,Little River ,DEATHS_2020,47
5081,AR,Little River ,DEATHS_2021,219
5081,AR,Little River ,DEATHS_2022,201
5081,AR,Little River ,DEATHS_2023,194
5081,AR,Little River ,NATURAL_CHG_2020,-18
5081,AR,Little River ,NATURAL_CHG_2021,-57
5081,AR,Little River ,NATURAL_CHG_2022,-54
5081,AR,Little River ,NATURAL_CHG_2023,-99
5081,AR,Little River ,INTERNATIONAL_MIG_2020,0
5081,AR,Little River ,INTERNATIONAL_MIG_2021,0
5081,AR,Little River ,INTERNATIONAL_MIG_2022,-2
5081,AR,Little River ,INTERNATIONAL_MIG_2023,-2
5081,AR,Little River ,DOMESTIC_MIG_2020,-33
5081,AR,Little River ,DOMESTIC_MIG_2021,53
5081,AR,Little River ,DOMESTIC_MIG_2022,-43
5081,AR,Little River ,DOMESTIC_MIG_2023,41
5081,AR,Little River ,NET_MIG_2020,-33
5081,AR,Little River ,NET_MIG_2021,53
5081,AR,Little River ,NET_MIG_2022,-45
5081,AR,Little River ,NET_MIG_2023,39
5081,AR,Little River ,RESIDUAL_2020,-1
5081,AR,Little River ,RESIDUAL_2021,3
5081,AR,Little River ,RESIDUAL_2022,-9
5081,AR,Little River ,RESIDUAL_2023,0
5081,AR,Little River ,GQ_ESTIMATES_BASE_2020,174
5081,AR,Little River ,GQ_ESTIMATES_2020,174
5081,AR,Little River ,GQ_ESTIMATES_2021,174
5081,AR,Little River ,GQ_ESTIMATES_2022,174
5081,AR,Little River ,GQ_ESTIMATES_2023,174
5081,AR,Little River ,R_BIRTH_2021,13.5
5081,AR,Little River ,R_BIRTH_2022,12.3
5081,AR,Little River ,R_BIRTH_2023,8
5081,AR,Little River ,R_DEATH_2021,18.3
5081,AR,Little River ,R_DEATH_2022,16.9
5081,AR,Little River ,R_DEATH_2023,16.4
5081,AR,Little River ,R_NATURAL_CHG_2021,-4.8
5081,AR,Little River ,R_NATURAL_CHG_2022,-4.5
5081,AR,Little River ,R_NATURAL_CHG_2023,-8.4
5081,AR,Little River ,R_INTERNATIONAL_MIG_2021,0
5081,AR,Little River ,R_INTERNATIONAL_MIG_2022,-0.2
5081,AR,Little River ,R_INTERNATIONAL_MIG_2023,-0.2
5081,AR,Little River ,R_DOMESTIC_MIG_2021,4.4
5081,AR,Little River ,R_DOMESTIC_MIG_2022,-3.6
5081,AR,Little River ,R_DOMESTIC_MIG_2023,3.5
5081,AR,Little River ,R_NET_MIG_2021,4.4
5081,AR,Little River ,R_NET_MIG_2022,-3.8
5081,AR,Little River ,R_NET_MIG_2023,3.3
5083,AR,Logan ,Rural_Urban_Continuum_Code_2013,6
5083,AR,Logan ,Rural_Urban_Continuum_Code_2023,8
5083,AR,Logan ,Urban_Influence_2013,6
5083,AR,Logan ,Economic_typology_2015,0
5083,AR,Logan ,CENSUS_2020_POP,21131
5083,AR,Logan ,ESTIMATES_BASE_2020,21128
5083,AR,Logan ,POP_ESTIMATE_2020,21100
5083,AR,Logan ,POP_ESTIMATE_2021,21229
5083,AR,Logan ,POP_ESTIMATE_2022,21258
5083,AR,Logan ,POP_ESTIMATE_2023,21400
5083,AR,Logan ,N_POP_CHG_2020,-28
5083,AR,Logan ,N_POP_CHG_2021,129
5083,AR,Logan ,N_POP_CHG_2022,29
5083,AR,Logan ,N_POP_CHG_2023,142
5083,AR,Logan ,BIRTHS_2020,44
5083,AR,Logan ,BIRTHS_2021,250
5083,AR,Logan ,BIRTHS_2022,258
5083,AR,Logan ,BIRTHS_2023,260
5083,AR,Logan ,DEATHS_2020,75
5083,AR,Logan ,DEATHS_2021,361
5083,AR,Logan ,DEATHS_2022,386
5083,AR,Logan ,DEATHS_2023,362
5083,AR,Logan ,NATURAL_CHG_2020,-31
5083,AR,Logan ,NATURAL_CHG_2021,-111
5083,AR,Logan ,NATURAL_CHG_2022,-128
5083,AR,Logan ,NATURAL_CHG_2023,-102
5083,AR,Logan ,INTERNATIONAL_MIG_2020,0
5083,AR,Logan ,INTERNATIONAL_MIG_2021,1
5083,AR,Logan ,INTERNATIONAL_MIG_2022,1
5083,AR,Logan ,INTERNATIONAL_MIG_2023,2
5083,AR,Logan ,DOMESTIC_MIG_2020,0
5083,AR,Logan ,DOMESTIC_MIG_2021,235
5083,AR,Logan ,DOMESTIC_MIG_2022,153
5083,AR,Logan ,DOMESTIC_MIG_2023,244
5083,AR,Logan ,NET_MIG_2020,0
5083,AR,Logan ,NET_MIG_2021,236
5083,AR,Logan ,NET_MIG_2022,154
5083,AR,Logan ,NET_MIG_2023,246
5083,AR,Logan ,RESIDUAL_2020,3
5083,AR,Logan ,RESIDUAL_2021,4
5083,AR,Logan ,RESIDUAL_2022,3
5083,AR,Logan ,RESIDUAL_2023,-2
5083,AR,Logan ,GQ_ESTIMATES_BASE_2020,370
5083,AR,Logan ,GQ_ESTIMATES_2020,370
5083,AR,Logan ,GQ_ESTIMATES_2021,370
5083,AR,Logan ,GQ_ESTIMATES_2022,370
5083,AR,Logan ,GQ_ESTIMATES_2023,370
5083,AR,Logan ,R_BIRTH_2021,11.8
5083,AR,Logan ,R_BIRTH_2022,12.1
5083,AR,Logan ,R_BIRTH_2023,12.2
5083,AR,Logan ,R_DEATH_2021,17.1
5083,AR,Logan ,R_DEATH_2022,18.2
5083,AR,Logan ,R_DEATH_2023,17
5083,AR,Logan ,R_NATURAL_CHG_2021,-5.2
5083,AR,Logan ,R_NATURAL_CHG_2022,-6
5083,AR,Logan ,R_NATURAL_CHG_2023,-4.8
5083,AR,Logan ,R_INTERNATIONAL_MIG_2021,0
5083,AR,Logan ,R_INTERNATIONAL_MIG_2022,0
5083,AR,Logan ,R_INTERNATIONAL_MIG_2023,0.1
5083,AR,Logan ,R_DOMESTIC_MIG_2021,11.1
5083,AR,Logan ,R_DOMESTIC_MIG_2022,7.2
5083,AR,Logan ,R_DOMESTIC_MIG_2023,11.4
5083,AR,Logan ,R_NET_MIG_2021,11.2
5083,AR,Logan ,R_NET_MIG_2022,7.2
5083,AR,Logan ,R_NET_MIG_2023,11.5
5085,AR,Lonoke ,Rural_Urban_Continuum_Code_2013,2
5085,AR,Lonoke ,Rural_Urban_Continuum_Code_2023,2
5085,AR,Lonoke ,Urban_Influence_2013,2
5085,AR,Lonoke ,Economic_typology_2015,0
5085,AR,Lonoke ,CENSUS_2020_POP,74015
5085,AR,Lonoke ,ESTIMATES_BASE_2020,74012
5085,AR,Lonoke ,POP_ESTIMATE_2020,74055
5085,AR,Lonoke ,POP_ESTIMATE_2021,74770
5085,AR,Lonoke ,POP_ESTIMATE_2022,75199
5085,AR,Lonoke ,POP_ESTIMATE_2023,75944
5085,AR,Lonoke ,N_POP_CHG_2020,43
5085,AR,Lonoke ,N_POP_CHG_2021,715
5085,AR,Lonoke ,N_POP_CHG_2022,429
5085,AR,Lonoke ,N_POP_CHG_2023,745
5085,AR,Lonoke ,BIRTHS_2020,175
5085,AR,Lonoke ,BIRTHS_2021,844
5085,AR,Lonoke ,BIRTHS_2022,891
5085,AR,Lonoke ,BIRTHS_2023,886
5085,AR,Lonoke ,DEATHS_2020,194
5085,AR,Lonoke ,DEATHS_2021,829
5085,AR,Lonoke ,DEATHS_2022,861
5085,AR,Lonoke ,DEATHS_2023,789
5085,AR,Lonoke ,NATURAL_CHG_2020,-19
5085,AR,Lonoke ,NATURAL_CHG_2021,15
5085,AR,Lonoke ,NATURAL_CHG_2022,30
5085,AR,Lonoke ,NATURAL_CHG_2023,97
5085,AR,Lonoke ,INTERNATIONAL_MIG_2020,0
5085,AR,Lonoke ,INTERNATIONAL_MIG_2021,15
5085,AR,Lonoke ,INTERNATIONAL_MIG_2022,26
5085,AR,Lonoke ,INTERNATIONAL_MIG_2023,43
5085,AR,Lonoke ,DOMESTIC_MIG_2020,34
5085,AR,Lonoke ,DOMESTIC_MIG_2021,660
5085,AR,Lonoke ,DOMESTIC_MIG_2022,420
5085,AR,Lonoke ,DOMESTIC_MIG_2023,606
5085,AR,Lonoke ,NET_MIG_2020,34
5085,AR,Lonoke ,NET_MIG_2021,675
5085,AR,Lonoke ,NET_MIG_2022,446
5085,AR,Lonoke ,NET_MIG_2023,649
5085,AR,Lonoke ,RESIDUAL_2020,28
5085,AR,Lonoke ,RESIDUAL_2021,25
5085,AR,Lonoke ,RESIDUAL_2022,-47
5085,AR,Lonoke ,RESIDUAL_2023,-1
5085,AR,Lonoke ,GQ_ESTIMATES_BASE_2020,720
5085,AR,Lonoke ,GQ_ESTIMATES_2020,720
5085,AR,Lonoke ,GQ_ESTIMATES_2021,720
5085,AR,Lonoke ,GQ_ESTIMATES_2022,720
5085,AR,Lonoke ,GQ_ESTIMATES_2023,720
5085,AR,Lonoke ,R_BIRTH_2021,11.3
5085,AR,Lonoke ,R_BIRTH_2022,11.9
5085,AR,Lonoke ,R_BIRTH_2023,11.7
5085,AR,Lonoke ,R_DEATH_2021,11.1
5085,AR,Lonoke ,R_DEATH_2022,11.5
5085,AR,Lonoke ,R_DEATH_2023,10.4
5085,AR,Lonoke ,R_NATURAL_CHG_2021,0.2
5085,AR,Lonoke ,R_NATURAL_CHG_2022,0.4
5085,AR,Lonoke ,R_NATURAL_CHG_2023,1.3
5085,AR,Lonoke ,R_INTERNATIONAL_MIG_2021,0.2
5085,AR,Lonoke ,R_INTERNATIONAL_MIG_2022,0.3
5085,AR,Lonoke ,R_INTERNATIONAL_MIG_2023,0.6
5085,AR,Lonoke ,R_DOMESTIC_MIG_2021,8.9
5085,AR,Lonoke ,R_DOMESTIC_MIG_2022,5.6
5085,AR,Lonoke ,R_DOMESTIC_MIG_2023,8
5085,AR,Lonoke ,R_NET_MIG_2021,9.1
5085,AR,Lonoke ,R_NET_MIG_2022,5.9
5085,AR,Lonoke ,R_NET_MIG_2023,8.6
5087,AR,Madison ,Rural_Urban_Continuum_Code_2013,2
5087,AR,Madison ,Rural_Urban_Continuum_Code_2023,2
5087,AR,Madison ,Urban_Influence_2013,2
5087,AR,Madison ,Economic_typology_2015,3
5087,AR,Madison ,CENSUS_2020_POP,16521
5087,AR,Madison ,ESTIMATES_BASE_2020,16519
5087,AR,Madison ,POP_ESTIMATE_2020,16545
5087,AR,Madison ,POP_ESTIMATE_2021,16944
5087,AR,Madison ,POP_ESTIMATE_2022,17463
5087,AR,Madison ,POP_ESTIMATE_2023,17775
5087,AR,Madison ,N_POP_CHG_2020,26
5087,AR,Madison ,N_POP_CHG_2021,399
5087,AR,Madison ,N_POP_CHG_2022,519
5087,AR,Madison ,N_POP_CHG_2023,312
5087,AR,Madison ,BIRTHS_2020,39
5087,AR,Madison ,BIRTHS_2021,231
5087,AR,Madison ,BIRTHS_2022,219
5087,AR,Madison ,BIRTHS_2023,217
5087,AR,Madison ,DEATHS_2020,39
5087,AR,Madison ,DEATHS_2021,231
5087,AR,Madison ,DEATHS_2022,260
5087,AR,Madison ,DEATHS_2023,248
5087,AR,Madison ,NATURAL_CHG_2020,0
5087,AR,Madison ,NATURAL_CHG_2021,0
5087,AR,Madison ,NATURAL_CHG_2022,-41
5087,AR,Madison ,NATURAL_CHG_2023,-31
5087,AR,Madison ,INTERNATIONAL_MIG_2020,0
5087,AR,Madison ,INTERNATIONAL_MIG_2021,3
5087,AR,Madison ,INTERNATIONAL_MIG_2022,13
5087,AR,Madison ,INTERNATIONAL_MIG_2023,13
5087,AR,Madison ,DOMESTIC_MIG_2020,24
5087,AR,Madison ,DOMESTIC_MIG_2021,407
5087,AR,Madison ,DOMESTIC_MIG_2022,530
5087,AR,Madison ,DOMESTIC_MIG_2023,331
5087,AR,Madison ,NET_MIG_2020,24
5087,AR,Madison ,NET_MIG_2021,410
5087,AR,Madison ,NET_MIG_2022,543
5087,AR,Madison ,NET_MIG_2023,344
5087,AR,Madison ,RESIDUAL_2020,2
5087,AR,Madison ,RESIDUAL_2021,-11
5087,AR,Madison ,RESIDUAL_2022,17
5087,AR,Madison ,RESIDUAL_2023,-1
5087,AR,Madison ,GQ_ESTIMATES_BASE_2020,149
5087,AR,Madison ,GQ_ESTIMATES_2020,149
5087,AR,Madison ,GQ_ESTIMATES_2021,149
5087,AR,Madison ,GQ_ESTIMATES_2022,149
5087,AR,Madison ,GQ_ESTIMATES_2023,149
5087,AR,Madison ,R_BIRTH_2021,13.8
5087,AR,Madison ,R_BIRTH_2022,12.7
5087,AR,Madison ,R_BIRTH_2023,12.3
5087,AR,Madison ,R_DEATH_2021,13.8
5087,AR,Madison ,R_DEATH_2022,15.1
5087,AR,Madison ,R_DEATH_2023,14.1
5087,AR,Madison ,R_NATURAL_CHG_2021,0
5087,AR,Madison ,R_NATURAL_CHG_2022,-2.4
5087,AR,Madison ,R_NATURAL_CHG_2023,-1.8
5087,AR,Madison ,R_INTERNATIONAL_MIG_2021,0.2
5087,AR,Madison ,R_INTERNATIONAL_MIG_2022,0.8
5087,AR,Madison ,R_INTERNATIONAL_MIG_2023,0.7
5087,AR,Madison ,R_DOMESTIC_MIG_2021,24.3
5087,AR,Madison ,R_DOMESTIC_MIG_2022,30.8
5087,AR,Madison ,R_DOMESTIC_MIG_2023,18.8
5087,AR,Madison ,R_NET_MIG_2021,24.5
5087,AR,Madison ,R_NET_MIG_2022,31.6
5087,AR,Madison ,R_NET_MIG_2023,19.5
5089,AR,Marion ,Rural_Urban_Continuum_Code_2013,9
5089,AR,Marion ,Rural_Urban_Continuum_Code_2023,9
5089,AR,Marion ,Urban_Influence_2013,10
5089,AR,Marion ,Economic_typology_2015,3
5089,AR,Marion ,CENSUS_2020_POP,16826
5089,AR,Marion ,ESTIMATES_BASE_2020,16828
5089,AR,Marion ,POP_ESTIMATE_2020,16873
5089,AR,Marion ,POP_ESTIMATE_2021,16984
5089,AR,Marion ,POP_ESTIMATE_2022,17289
5089,AR,Marion ,POP_ESTIMATE_2023,17514
5089,AR,Marion ,N_POP_CHG_2020,45
5089,AR,Marion ,N_POP_CHG_2021,111
5089,AR,Marion ,N_POP_CHG_2022,305
5089,AR,Marion ,N_POP_CHG_2023,225
5089,AR,Marion ,BIRTHS_2020,26
5089,AR,Marion ,BIRTHS_2021,131
5089,AR,Marion ,BIRTHS_2022,139
5089,AR,Marion ,BIRTHS_2023,137
5089,AR,Marion ,DEATHS_2020,62
5089,AR,Marion ,DEATHS_2021,312
5089,AR,Marion ,DEATHS_2022,316
5089,AR,Marion ,DEATHS_2023,301
5089,AR,Marion ,NATURAL_CHG_2020,-36
5089,AR,Marion ,NATURAL_CHG_2021,-181
5089,AR,Marion ,NATURAL_CHG_2022,-177
5089,AR,Marion ,NATURAL_CHG_2023,-164
5089,AR,Marion ,INTERNATIONAL_MIG_2020,0
5089,AR,Marion ,INTERNATIONAL_MIG_2021,0
5089,AR,Marion ,INTERNATIONAL_MIG_2022,-2
5089,AR,Marion ,INTERNATIONAL_MIG_2023,-2
5089,AR,Marion ,DOMESTIC_MIG_2020,89
5089,AR,Marion ,DOMESTIC_MIG_2021,303
5089,AR,Marion ,DOMESTIC_MIG_2022,462
5089,AR,Marion ,DOMESTIC_MIG_2023,392
5089,AR,Marion ,NET_MIG_2020,89
5089,AR,Marion ,NET_MIG_2021,303
5089,AR,Marion ,NET_MIG_2022,460
5089,AR,Marion ,NET_MIG_2023,390
5089,AR,Marion ,RESIDUAL_2020,-8
5089,AR,Marion ,RESIDUAL_2021,-11
5089,AR,Marion ,RESIDUAL_2022,22
5089,AR,Marion ,RESIDUAL_2023,-1
5089,AR,Marion ,GQ_ESTIMATES_BASE_2020,159
5089,AR,Marion ,GQ_ESTIMATES_2020,159
5089,AR,Marion ,GQ_ESTIMATES_2021,159
5089,AR,Marion ,GQ_ESTIMATES_2022,159
5089,AR,Marion ,GQ_ESTIMATES_2023,159
5089,AR,Marion ,R_BIRTH_2021,7.7
5089,AR,Marion ,R_BIRTH_2022,8.1
5089,AR,Marion ,R_BIRTH_2023,7.9
5089,AR,Marion ,R_DEATH_2021,18.4
5089,AR,Marion ,R_DEATH_2022,18.4
5089,AR,Marion ,R_DEATH_2023,17.3
5089,AR,Marion ,R_NATURAL_CHG_2021,-10.7
5089,AR,Marion ,R_NATURAL_CHG_2022,-10.3
5089,AR,Marion ,R_NATURAL_CHG_2023,-9.4
5089,AR,Marion ,R_INTERNATIONAL_MIG_2021,0
5089,AR,Marion ,R_INTERNATIONAL_MIG_2022,-0.1
5089,AR,Marion ,R_INTERNATIONAL_MIG_2023,-0.1
5089,AR,Marion ,R_DOMESTIC_MIG_2021,17.9
5089,AR,Marion ,R_DOMESTIC_MIG_2022,27
5089,AR,Marion ,R_DOMESTIC_MIG_2023,22.5
5089,AR,Marion ,R_NET_MIG_2021,17.9
5089,AR,Marion ,R_NET_MIG_2022,26.8
5089,AR,Marion ,R_NET_MIG_2023,22.4
5091,AR,Miller ,Rural_Urban_Continuum_Code_2013,3
5091,AR,Miller ,Rural_Urban_Continuum_Code_2023,3
5091,AR,Miller ,Urban_Influence_2013,2
5091,AR,Miller ,Economic_typology_2015,0
5091,AR,Miller ,CENSUS_2020_POP,42600
5091,AR,Miller ,ESTIMATES_BASE_2020,42599
5091,AR,Miller ,POP_ESTIMATE_2020,42588
5091,AR,Miller ,POP_ESTIMATE_2021,42494
5091,AR,Miller ,POP_ESTIMATE_2022,42608
5091,AR,Miller ,POP_ESTIMATE_2023,42415
5091,AR,Miller ,N_POP_CHG_2020,-11
5091,AR,Miller ,N_POP_CHG_2021,-94
5091,AR,Miller ,N_POP_CHG_2022,114
5091,AR,Miller ,N_POP_CHG_2023,-193
5091,AR,Miller ,BIRTHS_2020,132
5091,AR,Miller ,BIRTHS_2021,499
5091,AR,Miller ,BIRTHS_2022,621
5091,AR,Miller ,BIRTHS_2023,356
5091,AR,Miller ,DEATHS_2020,139
5091,AR,Miller ,DEATHS_2021,628
5091,AR,Miller ,DEATHS_2022,641
5091,AR,Miller ,DEATHS_2023,573
5091,AR,Miller ,NATURAL_CHG_2020,-7
5091,AR,Miller ,NATURAL_CHG_2021,-129
5091,AR,Miller ,NATURAL_CHG_2022,-20
5091,AR,Miller ,NATURAL_CHG_2023,-217
5091,AR,Miller ,INTERNATIONAL_MIG_2020,0
5091,AR,Miller ,INTERNATIONAL_MIG_2021,-5
5091,AR,Miller ,INTERNATIONAL_MIG_2022,-29
5091,AR,Miller ,INTERNATIONAL_MIG_2023,-29
5091,AR,Miller ,DOMESTIC_MIG_2020,-16
5091,AR,Miller ,DOMESTIC_MIG_2021,13
5091,AR,Miller ,DOMESTIC_MIG_2022,174
5091,AR,Miller ,DOMESTIC_MIG_2023,52
5091,AR,Miller ,NET_MIG_2020,-16
5091,AR,Miller ,NET_MIG_2021,8
5091,AR,Miller ,NET_MIG_2022,145
5091,AR,Miller ,NET_MIG_2023,23
5091,AR,Miller ,RESIDUAL_2020,12
5091,AR,Miller ,RESIDUAL_2021,27
5091,AR,Miller ,RESIDUAL_2022,-11
5091,AR,Miller ,RESIDUAL_2023,1
5091,AR,Miller ,GQ_ESTIMATES_BASE_2020,1375
5091,AR,Miller ,GQ_ESTIMATES_2020,1375
5091,AR,Miller ,GQ_ESTIMATES_2021,1236
5091,AR,Miller ,GQ_ESTIMATES_2022,1467
5091,AR,Miller ,GQ_ESTIMATES_2023,1511
5091,AR,Miller ,R_BIRTH_2021,11.7
5091,AR,Miller ,R_BIRTH_2022,14.6
5091,AR,Miller ,R_BIRTH_2023,8.4
5091,AR,Miller ,R_DEATH_2021,14.8
5091,AR,Miller ,R_DEATH_2022,15.1
5091,AR,Miller ,R_DEATH_2023,13.5
5091,AR,Miller ,R_NATURAL_CHG_2021,-3
5091,AR,Miller ,R_NATURAL_CHG_2022,-0.5
5091,AR,Miller ,R_NATURAL_CHG_2023,-5.1
5091,AR,Miller ,R_INTERNATIONAL_MIG_2021,-0.1
5091,AR,Miller ,R_INTERNATIONAL_MIG_2022,-0.7
5091,AR,Miller ,R_INTERNATIONAL_MIG_2023,-0.7
5091,AR,Miller ,R_DOMESTIC_MIG_2021,0.3
5091,AR,Miller ,R_DOMESTIC_MIG_2022,4.1
5091,AR,Miller ,R_DOMESTIC_MIG_2023,1.2
5091,AR,Miller ,R_NET_MIG_2021,0.2
5091,AR,Miller ,R_NET_MIG_2022,3.4
5091,AR,Miller ,R_NET_MIG_2023,0.5
5093,AR,Mississippi ,Rural_Urban_Continuum_Code_2013,4
5093,AR,Mississippi ,Rural_Urban_Continuum_Code_2023,4
5093,AR,Mississippi ,Urban_Influence_2013,3
5093,AR,Mississippi ,Economic_typology_2015,3
5093,AR,Mississippi ,CENSUS_2020_POP,40685
5093,AR,Mississippi ,ESTIMATES_BASE_2020,40682
5093,AR,Mississippi ,POP_ESTIMATE_2020,40538
5093,AR,Mississippi ,POP_ESTIMATE_2021,39534
5093,AR,Mississippi ,POP_ESTIMATE_2022,38863
5093,AR,Mississippi ,POP_ESTIMATE_2023,38663
5093,AR,Mississippi ,N_POP_CHG_2020,-144
5093,AR,Mississippi ,N_POP_CHG_2021,-1004
5093,AR,Mississippi ,N_POP_CHG_2022,-671
5093,AR,Mississippi ,N_POP_CHG_2023,-200
5093,AR,Mississippi ,BIRTHS_2020,139
5093,AR,Mississippi ,BIRTHS_2021,536
5093,AR,Mississippi ,BIRTHS_2022,530
5093,AR,Mississippi ,BIRTHS_2023,526
5093,AR,Mississippi ,DEATHS_2020,135
5093,AR,Mississippi ,DEATHS_2021,682
5093,AR,Mississippi ,DEATHS_2022,610
5093,AR,Mississippi ,DEATHS_2023,571
5093,AR,Mississippi ,NATURAL_CHG_2020,4
5093,AR,Mississippi ,NATURAL_CHG_2021,-146
5093,AR,Mississippi ,NATURAL_CHG_2022,-80
5093,AR,Mississippi ,NATURAL_CHG_2023,-45
5093,AR,Mississippi ,INTERNATIONAL_MIG_2020,0
5093,AR,Mississippi ,INTERNATIONAL_MIG_2021,5
5093,AR,Mississippi ,INTERNATIONAL_MIG_2022,16
5093,AR,Mississippi ,INTERNATIONAL_MIG_2023,17
5093,AR,Mississippi ,DOMESTIC_MIG_2020,-141
5093,AR,Mississippi ,DOMESTIC_MIG_2021,-834
5093,AR,Mississippi ,DOMESTIC_MIG_2022,-617
5093,AR,Mississippi ,DOMESTIC_MIG_2023,-173
5093,AR,Mississippi ,NET_MIG_2020,-141
5093,AR,Mississippi ,NET_MIG_2021,-829
5093,AR,Mississippi ,NET_MIG_2022,-601
5093,AR,Mississippi ,NET_MIG_2023,-156
5093,AR,Mississippi ,RESIDUAL_2020,-7
5093,AR,Mississippi ,RESIDUAL_2021,-29
5093,AR,Mississippi ,RESIDUAL_2022,10
5093,AR,Mississippi ,RESIDUAL_2023,1
5093,AR,Mississippi ,GQ_ESTIMATES_BASE_2020,778
5093,AR,Mississippi ,GQ_ESTIMATES_2020,778
5093,AR,Mississippi ,GQ_ESTIMATES_2021,733
5093,AR,Mississippi ,GQ_ESTIMATES_2022,797
5093,AR,Mississippi ,GQ_ESTIMATES_2023,840
5093,AR,Mississippi ,R_BIRTH_2021,13.4
5093,AR,Mississippi ,R_BIRTH_2022,13.5
5093,AR,Mississippi ,R_BIRTH_2023,13.6
5093,AR,Mississippi ,R_DEATH_2021,17
5093,AR,Mississippi ,R_DEATH_2022,15.6
5093,AR,Mississippi ,R_DEATH_2023,14.7
5093,AR,Mississippi ,R_NATURAL_CHG_2021,-3.6
5093,AR,Mississippi ,R_NATURAL_CHG_2022,-2
5093,AR,Mississippi ,R_NATURAL_CHG_2023,-1.2
5093,AR,Mississippi ,R_INTERNATIONAL_MIG_2021,0.1
5093,AR,Mississippi ,R_INTERNATIONAL_MIG_2022,0.4
5093,AR,Mississippi ,R_INTERNATIONAL_MIG_2023,0.4
5093,AR,Mississippi ,R_DOMESTIC_MIG_2021,-20.8
5093,AR,Mississippi ,R_DOMESTIC_MIG_2022,-15.7
5093,AR,Mississippi ,R_DOMESTIC_MIG_2023,-4.5
5093,AR,Mississippi ,R_NET_MIG_2021,-20.7
5093,AR,Mississippi ,R_NET_MIG_2022,-15.3
5093,AR,Mississippi ,R_NET_MIG_2023,-4
5095,AR,Monroe ,Rural_Urban_Continuum_Code_2013,7
5095,AR,Monroe ,Rural_Urban_Continuum_Code_2023,9
5095,AR,Monroe ,Urban_Influence_2013,9
5095,AR,Monroe ,Economic_typology_2015,0
5095,AR,Monroe ,CENSUS_2020_POP,6799
5095,AR,Monroe ,ESTIMATES_BASE_2020,6802
5095,AR,Monroe ,POP_ESTIMATE_2020,6776
5095,AR,Monroe ,POP_ESTIMATE_2021,6648
5095,AR,Monroe ,POP_ESTIMATE_2022,6568
5095,AR,Monroe ,POP_ESTIMATE_2023,6512
5095,AR,Monroe ,N_POP_CHG_2020,-26
5095,AR,Monroe ,N_POP_CHG_2021,-128
5095,AR,Monroe ,N_POP_CHG_2022,-80
5095,AR,Monroe ,N_POP_CHG_2023,-56
5095,AR,Monroe ,BIRTHS_2020,24
5095,AR,Monroe ,BIRTHS_2021,69
5095,AR,Monroe ,BIRTHS_2022,85
5095,AR,Monroe ,BIRTHS_2023,86
5095,AR,Monroe ,DEATHS_2020,21
5095,AR,Monroe ,DEATHS_2021,153
5095,AR,Monroe ,DEATHS_2022,137
5095,AR,Monroe ,DEATHS_2023,134
5095,AR,Monroe ,NATURAL_CHG_2020,3
5095,AR,Monroe ,NATURAL_CHG_2021,-84
5095,AR,Monroe ,NATURAL_CHG_2022,-52
5095,AR,Monroe ,NATURAL_CHG_2023,-48
5095,AR,Monroe ,INTERNATIONAL_MIG_2020,0
5095,AR,Monroe ,INTERNATIONAL_MIG_2021,-1
5095,AR,Monroe ,INTERNATIONAL_MIG_2022,0
5095,AR,Monroe ,INTERNATIONAL_MIG_2023,0
5095,AR,Monroe ,DOMESTIC_MIG_2020,-26
5095,AR,Monroe ,DOMESTIC_MIG_2021,-42
5095,AR,Monroe ,DOMESTIC_MIG_2022,-27
5095,AR,Monroe ,DOMESTIC_MIG_2023,-8
5095,AR,Monroe ,NET_MIG_2020,-26
5095,AR,Monroe ,NET_MIG_2021,-43
5095,AR,Monroe ,NET_MIG_2022,-27
5095,AR,Monroe ,NET_MIG_2023,-8
5095,AR,Monroe ,RESIDUAL_2020,-3
5095,AR,Monroe ,RESIDUAL_2021,-1
5095,AR,Monroe ,RESIDUAL_2022,-1
5095,AR,Monroe ,RESIDUAL_2023,0
5095,AR,Monroe ,GQ_ESTIMATES_BASE_2020,79
5095,AR,Monroe ,GQ_ESTIMATES_2020,79
5095,AR,Monroe ,GQ_ESTIMATES_2021,79
5095,AR,Monroe ,GQ_ESTIMATES_2022,79
5095,AR,Monroe ,GQ_ESTIMATES_2023,79
5095,AR,Monroe ,R_BIRTH_2021,10.3
5095,AR,Monroe ,R_BIRTH_2022,12.9
5095,AR,Monroe ,R_BIRTH_2023,13.1
5095,AR,Monroe ,R_DEATH_2021,22.8
5095,AR,Monroe ,R_DEATH_2022,20.7
5095,AR,Monroe ,R_DEATH_2023,20.5
5095,AR,Monroe ,R_NATURAL_CHG_2021,-12.5
5095,AR,Monroe ,R_NATURAL_CHG_2022,-7.9
5095,AR,Monroe ,R_NATURAL_CHG_2023,-7.3
5095,AR,Monroe ,R_INTERNATIONAL_MIG_2021,-0.1
5095,AR,Monroe ,R_INTERNATIONAL_MIG_2022,0
5095,AR,Monroe ,R_INTERNATIONAL_MIG_2023,0
5095,AR,Monroe ,R_DOMESTIC_MIG_2021,-6.3
5095,AR,Monroe ,R_DOMESTIC_MIG_2022,-4.1
5095,AR,Monroe ,R_DOMESTIC_MIG_2023,-1.2
5095,AR,Monroe ,R_NET_MIG_2021,-6.4
5095,AR,Monroe ,R_NET_MIG_2022,-4.1
5095,AR,Monroe ,R_NET_MIG_2023,-1.2
5097,AR,Montgomery ,Rural_Urban_Continuum_Code_2013,8
5097,AR,Montgomery ,Rural_Urban_Continuum_Code_2023,8
5097,AR,Montgomery ,Urban_Influence_2013,7
5097,AR,Montgomery ,Economic_typology_2015,5
5097,AR,Montgomery ,CENSUS_2020_POP,8484
5097,AR,Montgomery ,ESTIMATES_BASE_2020,8482
5097,AR,Montgomery ,POP_ESTIMATE_2020,8485
5097,AR,Montgomery ,POP_ESTIMATE_2021,8635
5097,AR,Montgomery ,POP_ESTIMATE_2022,8543
5097,AR,Montgomery ,POP_ESTIMATE_2023,8620
5097,AR,Montgomery ,N_POP_CHG_2020,3
5097,AR,Montgomery ,N_POP_CHG_2021,150
5097,AR,Montgomery ,N_POP_CHG_2022,-92
5097,AR,Montgomery ,N_POP_CHG_2023,77
5097,AR,Montgomery ,BIRTHS_2020,23
5097,AR,Montgomery ,BIRTHS_2021,95
5097,AR,Montgomery ,BIRTHS_2022,78
5097,AR,Montgomery ,BIRTHS_2023,80
5097,AR,Montgomery ,DEATHS_2020,30
5097,AR,Montgomery ,DEATHS_2021,180
5097,AR,Montgomery ,DEATHS_2022,175
5097,AR,Montgomery ,DEATHS_2023,162
5097,AR,Montgomery ,NATURAL_CHG_2020,-7
5097,AR,Montgomery ,NATURAL_CHG_2021,-85
5097,AR,Montgomery ,NATURAL_CHG_2022,-97
5097,AR,Montgomery ,NATURAL_CHG_2023,-82
5097,AR,Montgomery ,INTERNATIONAL_MIG_2020,0
5097,AR,Montgomery ,INTERNATIONAL_MIG_2021,0
5097,AR,Montgomery ,INTERNATIONAL_MIG_2022,-1
5097,AR,Montgomery ,INTERNATIONAL_MIG_2023,-1
5097,AR,Montgomery ,DOMESTIC_MIG_2020,10
5097,AR,Montgomery ,DOMESTIC_MIG_2021,246
5097,AR,Montgomery ,DOMESTIC_MIG_2022,9
5097,AR,Montgomery ,DOMESTIC_MIG_2023,163
5097,AR,Montgomery ,NET_MIG_2020,10
5097,AR,Montgomery ,NET_MIG_2021,246
5097,AR,Montgomery ,NET_MIG_2022,8
5097,AR,Montgomery ,NET_MIG_2023,162
5097,AR,Montgomery ,RESIDUAL_2020,0
5097,AR,Montgomery ,RESIDUAL_2021,-11
5097,AR,Montgomery ,RESIDUAL_2022,-3
5097,AR,Montgomery ,RESIDUAL_2023,-3
5097,AR,Montgomery ,GQ_ESTIMATES_BASE_2020,118
5097,AR,Montgomery ,GQ_ESTIMATES_2020,118
5097,AR,Montgomery ,GQ_ESTIMATES_2021,118
5097,AR,Montgomery ,GQ_ESTIMATES_2022,118
5097,AR,Montgomery ,GQ_ESTIMATES_2023,118
5097,AR,Montgomery ,R_BIRTH_2021,11.1
5097,AR,Montgomery ,R_BIRTH_2022,9.1
5097,AR,Montgomery ,R_BIRTH_2023,9.3
5097,AR,Montgomery ,R_DEATH_2021,21
5097,AR,Montgomery ,R_DEATH_2022,20.4
5097,AR,Montgomery ,R_DEATH_2023,18.9
5097,AR,Montgomery ,R_NATURAL_CHG_2021,-9.9
5097,AR,Montgomery ,R_NATURAL_CHG_2022,-11.3
5097,AR,Montgomery ,R_NATURAL_CHG_2023,-9.6
5097,AR,Montgomery ,R_INTERNATIONAL_MIG_2021,0
5097,AR,Montgomery ,R_INTERNATIONAL_MIG_2022,-0.1
5097,AR,Montgomery ,R_INTERNATIONAL_MIG_2023,-0.1
5097,AR,Montgomery ,R_DOMESTIC_MIG_2021,28.7
5097,AR,Montgomery ,R_DOMESTIC_MIG_2022,1
5097,AR,Montgomery ,R_DOMESTIC_MIG_2023,19
5097,AR,Montgomery ,R_NET_MIG_2021,28.7
5097,AR,Montgomery ,R_NET_MIG_2022,0.9
5097,AR,Montgomery ,R_NET_MIG_2023,18.9
5099,AR,Nevada ,Rural_Urban_Continuum_Code_2013,7
5099,AR,Nevada ,Rural_Urban_Continuum_Code_2023,9
5099,AR,Nevada ,Urban_Influence_2013,9
5099,AR,Nevada ,Economic_typology_2015,3
5099,AR,Nevada ,CENSUS_2020_POP,8310
5099,AR,Nevada ,ESTIMATES_BASE_2020,8312
5099,AR,Nevada ,POP_ESTIMATE_2020,8284
5099,AR,Nevada ,POP_ESTIMATE_2021,8184
5099,AR,Nevada ,POP_ESTIMATE_2022,8179
5099,AR,Nevada ,POP_ESTIMATE_2023,8120
5099,AR,Nevada ,N_POP_CHG_2020,-28
5099,AR,Nevada ,N_POP_CHG_2021,-100
5099,AR,Nevada ,N_POP_CHG_2022,-5
5099,AR,Nevada ,N_POP_CHG_2023,-59
5099,AR,Nevada ,BIRTHS_2020,16
5099,AR,Nevada ,BIRTHS_2021,72
5099,AR,Nevada ,BIRTHS_2022,79
5099,AR,Nevada ,BIRTHS_2023,75
5099,AR,Nevada ,DEATHS_2020,30
5099,AR,Nevada ,DEATHS_2021,132
5099,AR,Nevada ,DEATHS_2022,122
5099,AR,Nevada ,DEATHS_2023,121
5099,AR,Nevada ,NATURAL_CHG_2020,-14
5099,AR,Nevada ,NATURAL_CHG_2021,-60
5099,AR,Nevada ,NATURAL_CHG_2022,-43
5099,AR,Nevada ,NATURAL_CHG_2023,-46
5099,AR,Nevada ,INTERNATIONAL_MIG_2020,0
5099,AR,Nevada ,INTERNATIONAL_MIG_2021,0
5099,AR,Nevada ,INTERNATIONAL_MIG_2022,-2
5099,AR,Nevada ,INTERNATIONAL_MIG_2023,-2
5099,AR,Nevada ,DOMESTIC_MIG_2020,-14
5099,AR,Nevada ,DOMESTIC_MIG_2021,-41
5099,AR,Nevada ,DOMESTIC_MIG_2022,42
5099,AR,Nevada ,DOMESTIC_MIG_2023,-10
5099,AR,Nevada ,NET_MIG_2020,-14
5099,AR,Nevada ,NET_MIG_2021,-41
5099,AR,Nevada ,NET_MIG_2022,40
5099,AR,Nevada ,NET_MIG_2023,-12
5099,AR,Nevada ,RESIDUAL_2020,0
5099,AR,Nevada ,RESIDUAL_2021,1
5099,AR,Nevada ,RESIDUAL_2022,-2
5099,AR,Nevada ,RESIDUAL_2023,-1
5099,AR,Nevada ,GQ_ESTIMATES_BASE_2020,194
5099,AR,Nevada ,GQ_ESTIMATES_2020,194
5099,AR,Nevada ,GQ_ESTIMATES_2021,194
5099,AR,Nevada ,GQ_ESTIMATES_2022,194
5099,AR,Nevada ,GQ_ESTIMATES_2023,194
5099,AR,Nevada ,R_BIRTH_2021,8.7
5099,AR,Nevada ,R_BIRTH_2022,9.7
5099,AR,Nevada ,R_BIRTH_2023,9.2
5099,AR,Nevada ,R_DEATH_2021,16
5099,AR,Nevada ,R_DEATH_2022,14.9
5099,AR,Nevada ,R_DEATH_2023,14.8
5099,AR,Nevada ,R_NATURAL_CHG_2021,-7.3
5099,AR,Nevada ,R_NATURAL_CHG_2022,-5.3
5099,AR,Nevada ,R_NATURAL_CHG_2023,-5.6
5099,AR,Nevada ,R_INTERNATIONAL_MIG_2021,0
5099,AR,Nevada ,R_INTERNATIONAL_MIG_2022,-0.2
5099,AR,Nevada ,R_INTERNATIONAL_MIG_2023,-0.2
5099,AR,Nevada ,R_DOMESTIC_MIG_2021,-5
5099,AR,Nevada ,R_DOMESTIC_MIG_2022,5.1
5099,AR,Nevada ,R_DOMESTIC_MIG_2023,-1.2
5099,AR,Nevada ,R_NET_MIG_2021,-5
5099,AR,Nevada ,R_NET_MIG_2022,4.9
5099,AR,Nevada ,R_NET_MIG_2023,-1.5
5101,AR,Newton ,Rural_Urban_Continuum_Code_2013,9
5101,AR,Newton ,Rural_Urban_Continuum_Code_2023,9
5101,AR,Newton ,Urban_Influence_2013,8
5101,AR,Newton ,Economic_typology_2015,1
5101,AR,Newton ,CENSUS_2020_POP,7225
5101,AR,Newton ,ESTIMATES_BASE_2020,7228
5101,AR,Newton ,POP_ESTIMATE_2020,7196
5101,AR,Newton ,POP_ESTIMATE_2021,7167
5101,AR,Newton ,POP_ESTIMATE_2022,7101
5101,AR,Newton ,POP_ESTIMATE_2023,7071
5101,AR,Newton ,N_POP_CHG_2020,-32
5101,AR,Newton ,N_POP_CHG_2021,-29
5101,AR,Newton ,N_POP_CHG_2022,-66
5101,AR,Newton ,N_POP_CHG_2023,-30
5101,AR,Newton ,BIRTHS_2020,15
5101,AR,Newton ,BIRTHS_2021,59
5101,AR,Newton ,BIRTHS_2022,67
5101,AR,Newton ,BIRTHS_2023,67
5101,AR,Newton ,DEATHS_2020,33
5101,AR,Newton ,DEATHS_2021,144
5101,AR,Newton ,DEATHS_2022,132
5101,AR,Newton ,DEATHS_2023,123
5101,AR,Newton ,NATURAL_CHG_2020,-18
5101,AR,Newton ,NATURAL_CHG_2021,-85
5101,AR,Newton ,NATURAL_CHG_2022,-65
5101,AR,Newton ,NATURAL_CHG_2023,-56
5101,AR,Newton ,INTERNATIONAL_MIG_2020,0
5101,AR,Newton ,INTERNATIONAL_MIG_2021,0
5101,AR,Newton ,INTERNATIONAL_MIG_2022,0
5101,AR,Newton ,INTERNATIONAL_MIG_2023,0
5101,AR,Newton ,DOMESTIC_MIG_2020,-12
5101,AR,Newton ,DOMESTIC_MIG_2021,55
5101,AR,Newton ,DOMESTIC_MIG_2022,0
5101,AR,Newton ,DOMESTIC_MIG_2023,26
5101,AR,Newton ,NET_MIG_2020,-12
5101,AR,Newton ,NET_MIG_2021,55
5101,AR,Newton ,NET_MIG_2022,0
5101,AR,Newton ,NET_MIG_2023,26
5101,AR,Newton ,RESIDUAL_2020,-2
5101,AR,Newton ,RESIDUAL_2021,1
5101,AR,Newton ,RESIDUAL_2022,-1
5101,AR,Newton ,RESIDUAL_2023,0
5101,AR,Newton ,GQ_ESTIMATES_BASE_2020,65
5101,AR,Newton ,GQ_ESTIMATES_2020,65
5101,AR,Newton ,GQ_ESTIMATES_2021,65
5101,AR,Newton ,GQ_ESTIMATES_2022,65
5101,AR,Newton ,GQ_ESTIMATES_2023,65
5101,AR,Newton ,R_BIRTH_2021,8.2
5101,AR,Newton ,R_BIRTH_2022,9.4
5101,AR,Newton ,R_BIRTH_2023,9.5
5101,AR,Newton ,R_DEATH_2021,20.1
5101,AR,Newton ,R_DEATH_2022,18.5
5101,AR,Newton ,R_DEATH_2023,17.4
5101,AR,Newton ,R_NATURAL_CHG_2021,-11.8
5101,AR,Newton ,R_NATURAL_CHG_2022,-9.1
5101,AR,Newton ,R_NATURAL_CHG_2023,-7.9
5101,AR,Newton ,R_INTERNATIONAL_MIG_2021,0
5101,AR,Newton ,R_INTERNATIONAL_MIG_2022,0
5101,AR,Newton ,R_INTERNATIONAL_MIG_2023,0
5101,AR,Newton ,R_DOMESTIC_MIG_2021,7.7
5101,AR,Newton ,R_DOMESTIC_MIG_2022,0
5101,AR,Newton ,R_DOMESTIC_MIG_2023,3.7
5101,AR,Newton ,R_NET_MIG_2021,7.7
5101,AR,Newton ,R_NET_MIG_2022,0
5101,AR,Newton ,R_NET_MIG_2023,3.7
5103,AR,Ouachita ,Rural_Urban_Continuum_Code_2013,7
5103,AR,Ouachita ,Rural_Urban_Continuum_Code_2023,7
5103,AR,Ouachita ,Urban_Influence_2013,8
5103,AR,Ouachita ,Economic_typology_2015,4
5103,AR,Ouachita ,CENSUS_2020_POP,22650
5103,AR,Ouachita ,ESTIMATES_BASE_2020,22647
5103,AR,Ouachita ,POP_ESTIMATE_2020,22615
5103,AR,Ouachita ,POP_ESTIMATE_2021,22312
5103,AR,Ouachita ,POP_ESTIMATE_2022,21994
5103,AR,Ouachita ,POP_ESTIMATE_2023,21793
5103,AR,Ouachita ,N_POP_CHG_2020,-32
5103,AR,Ouachita ,N_POP_CHG_2021,-303
5103,AR,Ouachita ,N_POP_CHG_2022,-318
5103,AR,Ouachita ,N_POP_CHG_2023,-201
5103,AR,Ouachita ,BIRTHS_2020,70
5103,AR,Ouachita ,BIRTHS_2021,235
5103,AR,Ouachita ,BIRTHS_2022,249
5103,AR,Ouachita ,BIRTHS_2023,247
5103,AR,Ouachita ,DEATHS_2020,84
5103,AR,Ouachita ,DEATHS_2021,423
5103,AR,Ouachita ,DEATHS_2022,402
5103,AR,Ouachita ,DEATHS_2023,370
5103,AR,Ouachita ,NATURAL_CHG_2020,-14
5103,AR,Ouachita ,NATURAL_CHG_2021,-188
5103,AR,Ouachita ,NATURAL_CHG_2022,-153
5103,AR,Ouachita ,NATURAL_CHG_2023,-123
5103,AR,Ouachita ,INTERNATIONAL_MIG_2020,0
5103,AR,Ouachita ,INTERNATIONAL_MIG_2021,0
5103,AR,Ouachita ,INTERNATIONAL_MIG_2022,0
5103,AR,Ouachita ,INTERNATIONAL_MIG_2023,0
5103,AR,Ouachita ,DOMESTIC_MIG_2020,-24
5103,AR,Ouachita ,DOMESTIC_MIG_2021,-125
5103,AR,Ouachita ,DOMESTIC_MIG_2022,-159
5103,AR,Ouachita ,DOMESTIC_MIG_2023,-79
5103,AR,Ouachita ,NET_MIG_2020,-24
5103,AR,Ouachita ,NET_MIG_2021,-125
5103,AR,Ouachita ,NET_MIG_2022,-159
5103,AR,Ouachita ,NET_MIG_2023,-79
5103,AR,Ouachita ,RESIDUAL_2020,6
5103,AR,Ouachita ,RESIDUAL_2021,10
5103,AR,Ouachita ,RESIDUAL_2022,-6
5103,AR,Ouachita ,RESIDUAL_2023,1
5103,AR,Ouachita ,GQ_ESTIMATES_BASE_2020,371
5103,AR,Ouachita ,GQ_ESTIMATES_2020,371
5103,AR,Ouachita ,GQ_ESTIMATES_2021,371
5103,AR,Ouachita ,GQ_ESTIMATES_2022,371
5103,AR,Ouachita ,GQ_ESTIMATES_2023,371
5103,AR,Ouachita ,R_BIRTH_2021,10.5
5103,AR,Ouachita ,R_BIRTH_2022,11.2
5103,AR,Ouachita ,R_BIRTH_2023,11.3
5103,AR,Ouachita ,R_DEATH_2021,18.8
5103,AR,Ouachita ,R_DEATH_2022,18.1
5103,AR,Ouachita ,R_DEATH_2023,16.9
5103,AR,Ouachita ,R_NATURAL_CHG_2021,-8.4
5103,AR,Ouachita ,R_NATURAL_CHG_2022,-6.9
5103,AR,Ouachita ,R_NATURAL_CHG_2023,-5.6
5103,AR,Ouachita ,R_INTERNATIONAL_MIG_2021,0
5103,AR,Ouachita ,R_INTERNATIONAL_MIG_2022,0
5103,AR,Ouachita ,R_INTERNATIONAL_MIG_2023,0
5103,AR,Ouachita ,R_DOMESTIC_MIG_2021,-5.6
5103,AR,Ouachita ,R_DOMESTIC_MIG_2022,-7.2
5103,AR,Ouachita ,R_DOMESTIC_MIG_2023,-3.6
5103,AR,Ouachita ,R_NET_MIG_2021,-5.6
5103,AR,Ouachita ,R_NET_MIG_2022,-7.2
5103,AR,Ouachita ,R_NET_MIG_2023,-3.6
5105,AR,Perry ,Rural_Urban_Continuum_Code_2013,2
5105,AR,Perry ,Rural_Urban_Continuum_Code_2023,2
5105,AR,Perry ,Urban_Influence_2013,2
5105,AR,Perry ,Economic_typology_2015,0
5105,AR,Perry ,CENSUS_2020_POP,10019
5105,AR,Perry ,ESTIMATES_BASE_2020,10018
5105,AR,Perry ,POP_ESTIMATE_2020,9997
5105,AR,Perry ,POP_ESTIMATE_2021,9995
5105,AR,Perry ,POP_ESTIMATE_2022,10073
5105,AR,Perry ,POP_ESTIMATE_2023,10184
5105,AR,Perry ,N_POP_CHG_2020,-21
5105,AR,Perry ,N_POP_CHG_2021,-2
5105,AR,Perry ,N_POP_CHG_2022,78
5105,AR,Perry ,N_POP_CHG_2023,111
5105,AR,Perry ,BIRTHS_2020,23
5105,AR,Perry ,BIRTHS_2021,84
5105,AR,Perry ,BIRTHS_2022,99
5105,AR,Perry ,BIRTHS_2023,99
5105,AR,Perry ,DEATHS_2020,37
5105,AR,Perry ,DEATHS_2021,131
5105,AR,Perry ,DEATHS_2022,155
5105,AR,Perry ,DEATHS_2023,151
5105,AR,Perry ,NATURAL_CHG_2020,-14
5105,AR,Perry ,NATURAL_CHG_2021,-47
5105,AR,Perry ,NATURAL_CHG_2022,-56
5105,AR,Perry ,NATURAL_CHG_2023,-52
5105,AR,Perry ,INTERNATIONAL_MIG_2020,0
5105,AR,Perry ,INTERNATIONAL_MIG_2021,1
5105,AR,Perry ,INTERNATIONAL_MIG_2022,5
5105,AR,Perry ,INTERNATIONAL_MIG_2023,6
5105,AR,Perry ,DOMESTIC_MIG_2020,-9
5105,AR,Perry ,DOMESTIC_MIG_2021,38
5105,AR,Perry ,DOMESTIC_MIG_2022,127
5105,AR,Perry ,DOMESTIC_MIG_2023,157
5105,AR,Perry ,NET_MIG_2020,-9
5105,AR,Perry ,NET_MIG_2021,39
5105,AR,Perry ,NET_MIG_2022,132
5105,AR,Perry ,NET_MIG_2023,163
5105,AR,Perry ,RESIDUAL_2020,2
5105,AR,Perry ,RESIDUAL_2021,6
5105,AR,Perry ,RESIDUAL_2022,2
5105,AR,Perry ,RESIDUAL_2023,0
5105,AR,Perry ,GQ_ESTIMATES_BASE_2020,90
5105,AR,Perry ,GQ_ESTIMATES_2020,90
5105,AR,Perry ,GQ_ESTIMATES_2021,90
5105,AR,Perry ,GQ_ESTIMATES_2022,90
5105,AR,Perry ,GQ_ESTIMATES_2023,90
5105,AR,Perry ,R_BIRTH_2021,8.4
5105,AR,Perry ,R_BIRTH_2022,9.9
5105,AR,Perry ,R_BIRTH_2023,9.8
5105,AR,Perry ,R_DEATH_2021,13.1
5105,AR,Perry ,R_DEATH_2022,15.4
5105,AR,Perry ,R_DEATH_2023,14.9
5105,AR,Perry ,R_NATURAL_CHG_2021,-4.7
5105,AR,Perry ,R_NATURAL_CHG_2022,-5.6
5105,AR,Perry ,R_NATURAL_CHG_2023,-5.1
5105,AR,Perry ,R_INTERNATIONAL_MIG_2021,0.1
5105,AR,Perry ,R_INTERNATIONAL_MIG_2022,0.5
5105,AR,Perry ,R_INTERNATIONAL_MIG_2023,0.6
5105,AR,Perry ,R_DOMESTIC_MIG_2021,3.8
5105,AR,Perry ,R_DOMESTIC_MIG_2022,12.7
5105,AR,Perry ,R_DOMESTIC_MIG_2023,15.5
5105,AR,Perry ,R_NET_MIG_2021,3.9
5105,AR,Perry ,R_NET_MIG_2022,13.2
5105,AR,Perry ,R_NET_MIG_2023,16.1
5107,AR,Phillips ,Rural_Urban_Continuum_Code_2013,6
5107,AR,Phillips ,Rural_Urban_Continuum_Code_2023,7
5107,AR,Phillips ,Urban_Influence_2013,3
5107,AR,Phillips ,Economic_typology_2015,0
5107,AR,Phillips ,CENSUS_2020_POP,16568
5107,AR,Phillips ,ESTIMATES_BASE_2020,16571
5107,AR,Phillips ,POP_ESTIMATE_2020,16440
5107,AR,Phillips ,POP_ESTIMATE_2021,15825
5107,AR,Phillips ,POP_ESTIMATE_2022,15350
5107,AR,Phillips ,POP_ESTIMATE_2023,14961
5107,AR,Phillips ,N_POP_CHG_2020,-131
5107,AR,Phillips ,N_POP_CHG_2021,-615
5107,AR,Phillips ,N_POP_CHG_2022,-475
5107,AR,Phillips ,N_POP_CHG_2023,-389
5107,AR,Phillips ,BIRTHS_2020,40
5107,AR,Phillips ,BIRTHS_2021,233
5107,AR,Phillips ,BIRTHS_2022,207
5107,AR,Phillips ,BIRTHS_2023,208
5107,AR,Phillips ,DEATHS_2020,75
5107,AR,Phillips ,DEATHS_2021,337
5107,AR,Phillips ,DEATHS_2022,292
5107,AR,Phillips ,DEATHS_2023,278
5107,AR,Phillips ,NATURAL_CHG_2020,-35
5107,AR,Phillips ,NATURAL_CHG_2021,-104
5107,AR,Phillips ,NATURAL_CHG_2022,-85
5107,AR,Phillips ,NATURAL_CHG_2023,-70
5107,AR,Phillips ,INTERNATIONAL_MIG_2020,0
5107,AR,Phillips ,INTERNATIONAL_MIG_2021,0
5107,AR,Phillips ,INTERNATIONAL_MIG_2022,27
5107,AR,Phillips ,INTERNATIONAL_MIG_2023,31
5107,AR,Phillips ,DOMESTIC_MIG_2020,-85
5107,AR,Phillips ,DOMESTIC_MIG_2021,-490
5107,AR,Phillips ,DOMESTIC_MIG_2022,-428
5107,AR,Phillips ,DOMESTIC_MIG_2023,-350
5107,AR,Phillips ,NET_MIG_2020,-85
5107,AR,Phillips ,NET_MIG_2021,-490
5107,AR,Phillips ,NET_MIG_2022,-401
5107,AR,Phillips ,NET_MIG_2023,-319
5107,AR,Phillips ,RESIDUAL_2020,-11
5107,AR,Phillips ,RESIDUAL_2021,-21
5107,AR,Phillips ,RESIDUAL_2022,11
5107,AR,Phillips ,RESIDUAL_2023,0
5107,AR,Phillips ,GQ_ESTIMATES_BASE_2020,215
5107,AR,Phillips ,GQ_ESTIMATES_2020,215
5107,AR,Phillips ,GQ_ESTIMATES_2021,215
5107,AR,Phillips ,GQ_ESTIMATES_2022,215
5107,AR,Phillips ,GQ_ESTIMATES_2023,215
5107,AR,Phillips ,R_BIRTH_2021,14.4
5107,AR,Phillips ,R_BIRTH_2022,13.3
5107,AR,Phillips ,R_BIRTH_2023,13.7
5107,AR,Phillips ,R_DEATH_2021,20.9
5107,AR,Phillips ,R_DEATH_2022,18.7
5107,AR,Phillips ,R_DEATH_2023,18.3
5107,AR,Phillips ,R_NATURAL_CHG_2021,-6.4
5107,AR,Phillips ,R_NATURAL_CHG_2022,-5.5
5107,AR,Phillips ,R_NATURAL_CHG_2023,-4.6
5107,AR,Phillips ,R_INTERNATIONAL_MIG_2021,0
5107,AR,Phillips ,R_INTERNATIONAL_MIG_2022,1.7
5107,AR,Phillips ,R_INTERNATIONAL_MIG_2023,2
5107,AR,Phillips ,R_DOMESTIC_MIG_2021,-30.4
5107,AR,Phillips ,R_DOMESTIC_MIG_2022,-27.5
5107,AR,Phillips ,R_DOMESTIC_MIG_2023,-23.1
5107,AR,Phillips ,R_NET_MIG_2021,-30.4
5107,AR,Phillips ,R_NET_MIG_2022,-25.7
5107,AR,Phillips ,R_NET_MIG_2023,-21
5109,AR,Pike ,Rural_Urban_Continuum_Code_2013,9
5109,AR,Pike ,Rural_Urban_Continuum_Code_2023,9
5109,AR,Pike ,Urban_Influence_2013,10
5109,AR,Pike ,Economic_typology_2015,0
5109,AR,Pike ,CENSUS_2020_POP,10171
5109,AR,Pike ,ESTIMATES_BASE_2020,10169
5109,AR,Pike ,POP_ESTIMATE_2020,10162
5109,AR,Pike ,POP_ESTIMATE_2021,10114
5109,AR,Pike ,POP_ESTIMATE_2022,10159
5109,AR,Pike ,POP_ESTIMATE_2023,10208
5109,AR,Pike ,N_POP_CHG_2020,-7
5109,AR,Pike ,N_POP_CHG_2021,-48
5109,AR,Pike ,N_POP_CHG_2022,45
5109,AR,Pike ,N_POP_CHG_2023,49
5109,AR,Pike ,BIRTHS_2020,27
5109,AR,Pike ,BIRTHS_2021,122
5109,AR,Pike ,BIRTHS_2022,115
5109,AR,Pike ,BIRTHS_2023,113
5109,AR,Pike ,DEATHS_2020,31
5109,AR,Pike ,DEATHS_2021,168
5109,AR,Pike ,DEATHS_2022,180
5109,AR,Pike ,DEATHS_2023,170
5109,AR,Pike ,NATURAL_CHG_2020,-4
5109,AR,Pike ,NATURAL_CHG_2021,-46
5109,AR,Pike ,NATURAL_CHG_2022,-65
5109,AR,Pike ,NATURAL_CHG_2023,-57
5109,AR,Pike ,INTERNATIONAL_MIG_2020,0
5109,AR,Pike ,INTERNATIONAL_MIG_2021,0
5109,AR,Pike ,INTERNATIONAL_MIG_2022,2
5109,AR,Pike ,INTERNATIONAL_MIG_2023,2
5109,AR,Pike ,DOMESTIC_MIG_2020,-4
5109,AR,Pike ,DOMESTIC_MIG_2021,-5
5109,AR,Pike ,DOMESTIC_MIG_2022,114
5109,AR,Pike ,DOMESTIC_MIG_2023,105
5109,AR,Pike ,NET_MIG_2020,-4
5109,AR,Pike ,NET_MIG_2021,-5
5109,AR,Pike ,NET_MIG_2022,116
5109,AR,Pike ,NET_MIG_2023,107
5109,AR,Pike ,RESIDUAL_2020,1
5109,AR,Pike ,RESIDUAL_2021,3
5109,AR,Pike ,RESIDUAL_2022,-6
5109,AR,Pike ,RESIDUAL_2023,-1
5109,AR,Pike ,GQ_ESTIMATES_BASE_2020,221
5109,AR,Pike ,GQ_ESTIMATES_2020,221
5109,AR,Pike ,GQ_ESTIMATES_2021,221
5109,AR,Pike ,GQ_ESTIMATES_2022,221
5109,AR,Pike ,GQ_ESTIMATES_2023,221
5109,AR,Pike ,R_BIRTH_2021,12
5109,AR,Pike ,R_BIRTH_2022,11.3
5109,AR,Pike ,R_BIRTH_2023,11.1
5109,AR,Pike ,R_DEATH_2021,16.6
5109,AR,Pike ,R_DEATH_2022,17.8
5109,AR,Pike ,R_DEATH_2023,16.7
5109,AR,Pike ,R_NATURAL_CHG_2021,-4.5
5109,AR,Pike ,R_NATURAL_CHG_2022,-6.4
5109,AR,Pike ,R_NATURAL_CHG_2023,-5.6
5109,AR,Pike ,R_INTERNATIONAL_MIG_2021,0
5109,AR,Pike ,R_INTERNATIONAL_MIG_2022,0.2
5109,AR,Pike ,R_INTERNATIONAL_MIG_2023,0.2
5109,AR,Pike ,R_DOMESTIC_MIG_2021,-0.5
5109,AR,Pike ,R_DOMESTIC_MIG_2022,11.2
5109,AR,Pike ,R_DOMESTIC_MIG_2023,10.3
5109,AR,Pike ,R_NET_MIG_2021,-0.5
5109,AR,Pike ,R_NET_MIG_2022,11.4
5109,AR,Pike ,R_NET_MIG_2023,10.5
5111,AR,Poinsett ,Rural_Urban_Continuum_Code_2013,3
5111,AR,Poinsett ,Rural_Urban_Continuum_Code_2023,3
5111,AR,Poinsett ,Urban_Influence_2013,2
5111,AR,Poinsett ,Economic_typology_2015,0
5111,AR,Poinsett ,CENSUS_2020_POP,22965
5111,AR,Poinsett ,ESTIMATES_BASE_2020,22965
5111,AR,Poinsett ,POP_ESTIMATE_2020,22954
5111,AR,Poinsett ,POP_ESTIMATE_2021,22691
5111,AR,Poinsett ,POP_ESTIMATE_2022,22453
5111,AR,Poinsett ,POP_ESTIMATE_2023,22397
5111,AR,Poinsett ,N_POP_CHG_2020,-11
5111,AR,Poinsett ,N_POP_CHG_2021,-263
5111,AR,Poinsett ,N_POP_CHG_2022,-238
5111,AR,Poinsett ,N_POP_CHG_2023,-56
5111,AR,Poinsett ,BIRTHS_2020,81
5111,AR,Poinsett ,BIRTHS_2021,272
5111,AR,Poinsett ,BIRTHS_2022,292
5111,AR,Poinsett ,BIRTHS_2023,292
5111,AR,Poinsett ,DEATHS_2020,67
5111,AR,Poinsett ,DEATHS_2021,452
5111,AR,Poinsett ,DEATHS_2022,425
5111,AR,Poinsett ,DEATHS_2023,398
5111,AR,Poinsett ,NATURAL_CHG_2020,14
5111,AR,Poinsett ,NATURAL_CHG_2021,-180
5111,AR,Poinsett ,NATURAL_CHG_2022,-133
5111,AR,Poinsett ,NATURAL_CHG_2023,-106
5111,AR,Poinsett ,INTERNATIONAL_MIG_2020,0
5111,AR,Poinsett ,INTERNATIONAL_MIG_2021,8
5111,AR,Poinsett ,INTERNATIONAL_MIG_2022,27
5111,AR,Poinsett ,INTERNATIONAL_MIG_2023,35
5111,AR,Poinsett ,DOMESTIC_MIG_2020,-26
5111,AR,Poinsett ,DOMESTIC_MIG_2021,-105
5111,AR,Poinsett ,DOMESTIC_MIG_2022,-130
5111,AR,Poinsett ,DOMESTIC_MIG_2023,15
5111,AR,Poinsett ,NET_MIG_2020,-26
5111,AR,Poinsett ,NET_MIG_2021,-97
5111,AR,Poinsett ,NET_MIG_2022,-103
5111,AR,Poinsett ,NET_MIG_2023,50
5111,AR,Poinsett ,RESIDUAL_2020,1
5111,AR,Poinsett ,RESIDUAL_2021,14
5111,AR,Poinsett ,RESIDUAL_2022,-2
5111,AR,Poinsett ,RESIDUAL_2023,0
5111,AR,Poinsett ,GQ_ESTIMATES_BASE_2020,309
5111,AR,Poinsett ,GQ_ESTIMATES_2020,309
5111,AR,Poinsett ,GQ_ESTIMATES_2021,309
5111,AR,Poinsett ,GQ_ESTIMATES_2022,309
5111,AR,Poinsett ,GQ_ESTIMATES_2023,313
5111,AR,Poinsett ,R_BIRTH_2021,11.9
5111,AR,Poinsett ,R_BIRTH_2022,12.9
5111,AR,Poinsett ,R_BIRTH_2023,13
5111,AR,Poinsett ,R_DEATH_2021,19.8
5111,AR,Poinsett ,R_DEATH_2022,18.8
5111,AR,Poinsett ,R_DEATH_2023,17.7
5111,AR,Poinsett ,R_NATURAL_CHG_2021,-7.9
5111,AR,Poinsett ,R_NATURAL_CHG_2022,-5.9
5111,AR,Poinsett ,R_NATURAL_CHG_2023,-4.7
5111,AR,Poinsett ,R_INTERNATIONAL_MIG_2021,0.4
5111,AR,Poinsett ,R_INTERNATIONAL_MIG_2022,1.2
5111,AR,Poinsett ,R_INTERNATIONAL_MIG_2023,1.6
5111,AR,Poinsett ,R_DOMESTIC_MIG_2021,-4.6
5111,AR,Poinsett ,R_DOMESTIC_MIG_2022,-5.8
5111,AR,Poinsett ,R_DOMESTIC_MIG_2023,0.7
5111,AR,Poinsett ,R_NET_MIG_2021,-4.3
5111,AR,Poinsett ,R_NET_MIG_2022,-4.6
5111,AR,Poinsett ,R_NET_MIG_2023,2.2
5113,AR,Polk ,Rural_Urban_Continuum_Code_2013,7
5113,AR,Polk ,Rural_Urban_Continuum_Code_2023,7
5113,AR,Polk ,Urban_Influence_2013,11
5113,AR,Polk ,Economic_typology_2015,0
5113,AR,Polk ,CENSUS_2020_POP,19221
5113,AR,Polk ,ESTIMATES_BASE_2020,19213
5113,AR,Polk ,POP_ESTIMATE_2020,19177
5113,AR,Polk ,POP_ESTIMATE_2021,19333
5113,AR,Polk ,POP_ESTIMATE_2022,19334
5113,AR,Polk ,POP_ESTIMATE_2023,19436
5113,AR,Polk ,N_POP_CHG_2020,-36
5113,AR,Polk ,N_POP_CHG_2021,156
5113,AR,Polk ,N_POP_CHG_2022,1
5113,AR,Polk ,N_POP_CHG_2023,102
5113,AR,Polk ,BIRTHS_2020,52
5113,AR,Polk ,BIRTHS_2021,204
5113,AR,Polk ,BIRTHS_2022,204
5113,AR,Polk ,BIRTHS_2023,202
5113,AR,Polk ,DEATHS_2020,65
5113,AR,Polk ,DEATHS_2021,340
5113,AR,Polk ,DEATHS_2022,357
5113,AR,Polk ,DEATHS_2023,316
5113,AR,Polk ,NATURAL_CHG_2020,-13
5113,AR,Polk ,NATURAL_CHG_2021,-136
5113,AR,Polk ,NATURAL_CHG_2022,-153
5113,AR,Polk ,NATURAL_CHG_2023,-114
5113,AR,Polk ,INTERNATIONAL_MIG_2020,0
5113,AR,Polk ,INTERNATIONAL_MIG_2021,2
5113,AR,Polk ,INTERNATIONAL_MIG_2022,5
5113,AR,Polk ,INTERNATIONAL_MIG_2023,11
5113,AR,Polk ,DOMESTIC_MIG_2020,-25
5113,AR,Polk ,DOMESTIC_MIG_2021,292
5113,AR,Polk ,DOMESTIC_MIG_2022,148
5113,AR,Polk ,DOMESTIC_MIG_2023,208
5113,AR,Polk ,NET_MIG_2020,-25
5113,AR,Polk ,NET_MIG_2021,294
5113,AR,Polk ,NET_MIG_2022,153
5113,AR,Polk ,NET_MIG_2023,219
5113,AR,Polk ,RESIDUAL_2020,2
5113,AR,Polk ,RESIDUAL_2021,-2
5113,AR,Polk ,RESIDUAL_2022,1
5113,AR,Polk ,RESIDUAL_2023,-3
5113,AR,Polk ,GQ_ESTIMATES_BASE_2020,96
5113,AR,Polk ,GQ_ESTIMATES_2020,96
5113,AR,Polk ,GQ_ESTIMATES_2021,96
5113,AR,Polk ,GQ_ESTIMATES_2022,96
5113,AR,Polk ,GQ_ESTIMATES_2023,96
5113,AR,Polk ,R_BIRTH_2021,10.6
5113,AR,Polk ,R_BIRTH_2022,10.6
5113,AR,Polk ,R_BIRTH_2023,10.4
5113,AR,Polk ,R_DEATH_2021,17.7
5113,AR,Polk ,R_DEATH_2022,18.5
5113,AR,Polk ,R_DEATH_2023,16.3
5113,AR,Polk ,R_NATURAL_CHG_2021,-7.1
5113,AR,Polk ,R_NATURAL_CHG_2022,-7.9
5113,AR,Polk ,R_NATURAL_CHG_2023,-5.9
5113,AR,Polk ,R_INTERNATIONAL_MIG_2021,0.1
5113,AR,Polk ,R_INTERNATIONAL_MIG_2022,0.3
5113,AR,Polk ,R_INTERNATIONAL_MIG_2023,0.6
5113,AR,Polk ,R_DOMESTIC_MIG_2021,15.2
5113,AR,Polk ,R_DOMESTIC_MIG_2022,7.7
5113,AR,Polk ,R_DOMESTIC_MIG_2023,10.7
5113,AR,Polk ,R_NET_MIG_2021,15.3
5113,AR,Polk ,R_NET_MIG_2022,7.9
5113,AR,Polk ,R_NET_MIG_2023,11.3
5115,AR,Pope ,Rural_Urban_Continuum_Code_2013,5
5115,AR,Pope ,Rural_Urban_Continuum_Code_2023,5
5115,AR,Pope ,Urban_Influence_2013,8
5115,AR,Pope ,Economic_typology_2015,0
5115,AR,Pope ,CENSUS_2020_POP,63381
5115,AR,Pope ,ESTIMATES_BASE_2020,63384
5115,AR,Pope ,POP_ESTIMATE_2020,63410
5115,AR,Pope ,POP_ESTIMATE_2021,63778
5115,AR,Pope ,POP_ESTIMATE_2022,64053
5115,AR,Pope ,POP_ESTIMATE_2023,64593
5115,AR,Pope ,N_POP_CHG_2020,26
5115,AR,Pope ,N_POP_CHG_2021,368
5115,AR,Pope ,N_POP_CHG_2022,275
5115,AR,Pope ,N_POP_CHG_2023,540
5115,AR,Pope ,BIRTHS_2020,175
5115,AR,Pope ,BIRTHS_2021,696
5115,AR,Pope ,BIRTHS_2022,730
5115,AR,Pope ,BIRTHS_2023,729
5115,AR,Pope ,DEATHS_2020,182
5115,AR,Pope ,DEATHS_2021,770
5115,AR,Pope ,DEATHS_2022,760
5115,AR,Pope ,DEATHS_2023,682
5115,AR,Pope ,NATURAL_CHG_2020,-7
5115,AR,Pope ,NATURAL_CHG_2021,-74
5115,AR,Pope ,NATURAL_CHG_2022,-30
5115,AR,Pope ,NATURAL_CHG_2023,47
5115,AR,Pope ,INTERNATIONAL_MIG_2020,0
5115,AR,Pope ,INTERNATIONAL_MIG_2021,19
5115,AR,Pope ,INTERNATIONAL_MIG_2022,20
5115,AR,Pope ,INTERNATIONAL_MIG_2023,23
5115,AR,Pope ,DOMESTIC_MIG_2020,10
5115,AR,Pope ,DOMESTIC_MIG_2021,387
5115,AR,Pope ,DOMESTIC_MIG_2022,313
5115,AR,Pope ,DOMESTIC_MIG_2023,478
5115,AR,Pope ,NET_MIG_2020,10
5115,AR,Pope ,NET_MIG_2021,406
5115,AR,Pope ,NET_MIG_2022,333
5115,AR,Pope ,NET_MIG_2023,501
5115,AR,Pope ,RESIDUAL_2020,23
5115,AR,Pope ,RESIDUAL_2021,36
5115,AR,Pope ,RESIDUAL_2022,-28
5115,AR,Pope ,RESIDUAL_2023,-8
5115,AR,Pope ,GQ_ESTIMATES_BASE_2020,2770
5115,AR,Pope ,GQ_ESTIMATES_2020,2769
5115,AR,Pope ,GQ_ESTIMATES_2021,2606
5115,AR,Pope ,GQ_ESTIMATES_2022,2600
5115,AR,Pope ,GQ_ESTIMATES_2023,2603
5115,AR,Pope ,R_BIRTH_2021,10.9
5115,AR,Pope ,R_BIRTH_2022,11.4
5115,AR,Pope ,R_BIRTH_2023,11.3
5115,AR,Pope ,R_DEATH_2021,12.1
5115,AR,Pope ,R_DEATH_2022,11.9
5115,AR,Pope ,R_DEATH_2023,10.6
5115,AR,Pope ,R_NATURAL_CHG_2021,-1.2
5115,AR,Pope ,R_NATURAL_CHG_2022,-0.5
5115,AR,Pope ,R_NATURAL_CHG_2023,0.7
5115,AR,Pope ,R_INTERNATIONAL_MIG_2021,0.3
5115,AR,Pope ,R_INTERNATIONAL_MIG_2022,0.3
5115,AR,Pope ,R_INTERNATIONAL_MIG_2023,0.4
5115,AR,Pope ,R_DOMESTIC_MIG_2021,6.1
5115,AR,Pope ,R_DOMESTIC_MIG_2022,4.9
5115,AR,Pope ,R_DOMESTIC_MIG_2023,7.4
5115,AR,Pope ,R_NET_MIG_2021,6.4
5115,AR,Pope ,R_NET_MIG_2022,5.2
5115,AR,Pope ,R_NET_MIG_2023,7.8
5117,AR,Prairie ,Rural_Urban_Continuum_Code_2013,8
5117,AR,Prairie ,Rural_Urban_Continuum_Code_2023,8
5117,AR,Prairie ,Urban_Influence_2013,7
5117,AR,Prairie ,Economic_typology_2015,1
5117,AR,Prairie ,CENSUS_2020_POP,8282
5117,AR,Prairie ,ESTIMATES_BASE_2020,8287
5117,AR,Prairie ,POP_ESTIMATE_2020,8249
5117,AR,Prairie ,POP_ESTIMATE_2021,8095
5117,AR,Prairie ,POP_ESTIMATE_2022,8077
5117,AR,Prairie ,POP_ESTIMATE_2023,8036
5117,AR,Prairie ,N_POP_CHG_2020,-38
5117,AR,Prairie ,N_POP_CHG_2021,-154
5117,AR,Prairie ,N_POP_CHG_2022,-18
5117,AR,Prairie ,N_POP_CHG_2023,-41
5117,AR,Prairie ,BIRTHS_2020,15
5117,AR,Prairie ,BIRTHS_2021,69
5117,AR,Prairie ,BIRTHS_2022,79
5117,AR,Prairie ,BIRTHS_2023,79
5117,AR,Prairie ,DEATHS_2020,33
5117,AR,Prairie ,DEATHS_2021,152
5117,AR,Prairie ,DEATHS_2022,151
5117,AR,Prairie ,DEATHS_2023,143
5117,AR,Prairie ,NATURAL_CHG_2020,-18
5117,AR,Prairie ,NATURAL_CHG_2021,-83
5117,AR,Prairie ,NATURAL_CHG_2022,-72
5117,AR,Prairie ,NATURAL_CHG_2023,-64
5117,AR,Prairie ,INTERNATIONAL_MIG_2020,0
5117,AR,Prairie ,INTERNATIONAL_MIG_2021,0
5117,AR,Prairie ,INTERNATIONAL_MIG_2022,-1
5117,AR,Prairie ,INTERNATIONAL_MIG_2023,-1
5117,AR,Prairie ,DOMESTIC_MIG_2020,-19
5117,AR,Prairie ,DOMESTIC_MIG_2021,-72
5117,AR,Prairie ,DOMESTIC_MIG_2022,57
5117,AR,Prairie ,DOMESTIC_MIG_2023,23
5117,AR,Prairie ,NET_MIG_2020,-19
5117,AR,Prairie ,NET_MIG_2021,-72
5117,AR,Prairie ,NET_MIG_2022,56
5117,AR,Prairie ,NET_MIG_2023,22
5117,AR,Prairie ,RESIDUAL_2020,-1
5117,AR,Prairie ,RESIDUAL_2021,1
5117,AR,Prairie ,RESIDUAL_2022,-2
5117,AR,Prairie ,RESIDUAL_2023,1
5117,AR,Prairie ,GQ_ESTIMATES_BASE_2020,135
5117,AR,Prairie ,GQ_ESTIMATES_2020,135
5117,AR,Prairie ,GQ_ESTIMATES_2021,135
5117,AR,Prairie ,GQ_ESTIMATES_2022,135
5117,AR,Prairie ,GQ_ESTIMATES_2023,135
5117,AR,Prairie ,R_BIRTH_2021,8.4
5117,AR,Prairie ,R_BIRTH_2022,9.8
5117,AR,Prairie ,R_BIRTH_2023,9.8
5117,AR,Prairie ,R_DEATH_2021,18.6
5117,AR,Prairie ,R_DEATH_2022,18.7
5117,AR,Prairie ,R_DEATH_2023,17.7
5117,AR,Prairie ,R_NATURAL_CHG_2021,-10.2
5117,AR,Prairie ,R_NATURAL_CHG_2022,-8.9
5117,AR,Prairie ,R_NATURAL_CHG_2023,-7.9
5117,AR,Prairie ,R_INTERNATIONAL_MIG_2021,0
5117,AR,Prairie ,R_INTERNATIONAL_MIG_2022,-0.1
5117,AR,Prairie ,R_INTERNATIONAL_MIG_2023,-0.1
5117,AR,Prairie ,R_DOMESTIC_MIG_2021,-8.8
5117,AR,Prairie ,R_DOMESTIC_MIG_2022,7
5117,AR,Prairie ,R_DOMESTIC_MIG_2023,2.9
5117,AR,Prairie ,R_NET_MIG_2021,-8.8
5117,AR,Prairie ,R_NET_MIG_2022,6.9
5117,AR,Prairie ,R_NET_MIG_2023,2.7
5119,AR,Pulaski ,Rural_Urban_Continuum_Code_2013,2
5119,AR,Pulaski ,Rural_Urban_Continuum_Code_2023,2
5119,AR,Pulaski ,Urban_Influence_2013,2
5119,AR,Pulaski ,Economic_typology_2015,4
5119,AR,Pulaski ,CENSUS_2020_POP,399125
5119,AR,Pulaski ,ESTIMATES_BASE_2020,399125
5119,AR,Pulaski ,POP_ESTIMATE_2020,399274
5119,AR,Pulaski ,POP_ESTIMATE_2021,398108
5119,AR,Pulaski ,POP_ESTIMATE_2022,399387
5119,AR,Pulaski ,POP_ESTIMATE_2023,400009
5119,AR,Pulaski ,N_POP_CHG_2020,149
5119,AR,Pulaski ,N_POP_CHG_2021,-1166
5119,AR,Pulaski ,N_POP_CHG_2022,1279
5119,AR,Pulaski ,N_POP_CHG_2023,622
5119,AR,Pulaski ,BIRTHS_2020,1188
5119,AR,Pulaski ,BIRTHS_2021,4935
5119,AR,Pulaski ,BIRTHS_2022,4979
5119,AR,Pulaski ,BIRTHS_2023,5002
5119,AR,Pulaski ,DEATHS_2020,1085
5119,AR,Pulaski ,DEATHS_2021,4723
5119,AR,Pulaski ,DEATHS_2022,4737
5119,AR,Pulaski ,DEATHS_2023,4064
5119,AR,Pulaski ,NATURAL_CHG_2020,103
5119,AR,Pulaski ,NATURAL_CHG_2021,212
5119,AR,Pulaski ,NATURAL_CHG_2022,242
5119,AR,Pulaski ,NATURAL_CHG_2023,938
5119,AR,Pulaski ,INTERNATIONAL_MIG_2020,17
5119,AR,Pulaski ,INTERNATIONAL_MIG_2021,167
5119,AR,Pulaski ,INTERNATIONAL_MIG_2022,378
5119,AR,Pulaski ,INTERNATIONAL_MIG_2023,489
5119,AR,Pulaski ,DOMESTIC_MIG_2020,-116
5119,AR,Pulaski ,DOMESTIC_MIG_2021,-1758
5119,AR,Pulaski ,DOMESTIC_MIG_2022,804
5119,AR,Pulaski ,DOMESTIC_MIG_2023,-804
5119,AR,Pulaski ,NET_MIG_2020,-99
5119,AR,Pulaski ,NET_MIG_2021,-1591
5119,AR,Pulaski ,NET_MIG_2022,1182
5119,AR,Pulaski ,NET_MIG_2023,-315
5119,AR,Pulaski ,RESIDUAL_2020,145
5119,AR,Pulaski ,RESIDUAL_2021,213
5119,AR,Pulaski ,RESIDUAL_2022,-145
5119,AR,Pulaski ,RESIDUAL_2023,-1
5119,AR,Pulaski ,GQ_ESTIMATES_BASE_2020,8904
5119,AR,Pulaski ,GQ_ESTIMATES_2020,8903
5119,AR,Pulaski ,GQ_ESTIMATES_2021,8810
5119,AR,Pulaski ,GQ_ESTIMATES_2022,9347
5119,AR,Pulaski ,GQ_ESTIMATES_2023,9372
5119,AR,Pulaski ,R_BIRTH_2021,12.4
5119,AR,Pulaski ,R_BIRTH_2022,12.5
5119,AR,Pulaski ,R_BIRTH_2023,12.5
5119,AR,Pulaski ,R_DEATH_2021,11.8
5119,AR,Pulaski ,R_DEATH_2022,11.9
5119,AR,Pulaski ,R_DEATH_2023,10.2
5119,AR,Pulaski ,R_NATURAL_CHG_2021,0.5
5119,AR,Pulaski ,R_NATURAL_CHG_2022,0.6
5119,AR,Pulaski ,R_NATURAL_CHG_2023,2.3
5119,AR,Pulaski ,R_INTERNATIONAL_MIG_2021,0.4
5119,AR,Pulaski ,R_INTERNATIONAL_MIG_2022,0.9
5119,AR,Pulaski ,R_INTERNATIONAL_MIG_2023,1.2
5119,AR,Pulaski ,R_DOMESTIC_MIG_2021,-4.4
5119,AR,Pulaski ,R_DOMESTIC_MIG_2022,2
5119,AR,Pulaski ,R_DOMESTIC_MIG_2023,-2
5119,AR,Pulaski ,R_NET_MIG_2021,-4
5119,AR,Pulaski ,R_NET_MIG_2022,3
5119,AR,Pulaski ,R_NET_MIG_2023,-0.8
5121,AR,Randolph ,Rural_Urban_Continuum_Code_2013,7
5121,AR,Randolph ,Rural_Urban_Continuum_Code_2023,7
5121,AR,Randolph ,Urban_Influence_2013,9
5121,AR,Randolph ,Economic_typology_2015,0
5121,AR,Randolph ,CENSUS_2020_POP,18571
5121,AR,Randolph ,ESTIMATES_BASE_2020,18574
5121,AR,Randolph ,POP_ESTIMATE_2020,18595
5121,AR,Randolph ,POP_ESTIMATE_2021,18839
5121,AR,Randolph ,POP_ESTIMATE_2022,18852
5121,AR,Randolph ,POP_ESTIMATE_2023,18907
5121,AR,Randolph ,N_POP_CHG_2020,21
5121,AR,Randolph ,N_POP_CHG_2021,244
5121,AR,Randolph ,N_POP_CHG_2022,13
5121,AR,Randolph ,N_POP_CHG_2023,55
5121,AR,Randolph ,BIRTHS_2020,54
5121,AR,Randolph ,BIRTHS_2021,218
5121,AR,Randolph ,BIRTHS_2022,259
5121,AR,Randolph ,BIRTHS_2023,246
5121,AR,Randolph ,DEATHS_2020,59
5121,AR,Randolph ,DEATHS_2021,303
5121,AR,Randolph ,DEATHS_2022,285
5121,AR,Randolph ,DEATHS_2023,265
5121,AR,Randolph ,NATURAL_CHG_2020,-5
5121,AR,Randolph ,NATURAL_CHG_2021,-85
5121,AR,Randolph ,NATURAL_CHG_2022,-26
5121,AR,Randolph ,NATURAL_CHG_2023,-19
5121,AR,Randolph ,INTERNATIONAL_MIG_2020,0
5121,AR,Randolph ,INTERNATIONAL_MIG_2021,25
5121,AR,Randolph ,INTERNATIONAL_MIG_2022,30
5121,AR,Randolph ,INTERNATIONAL_MIG_2023,32
5121,AR,Randolph ,DOMESTIC_MIG_2020,21
5121,AR,Randolph ,DOMESTIC_MIG_2021,305
5121,AR,Randolph ,DOMESTIC_MIG_2022,20
5121,AR,Randolph ,DOMESTIC_MIG_2023,41
5121,AR,Randolph ,NET_MIG_2020,21
5121,AR,Randolph ,NET_MIG_2021,330
5121,AR,Randolph ,NET_MIG_2022,50
5121,AR,Randolph ,NET_MIG_2023,73
5121,AR,Randolph ,RESIDUAL_2020,5
5121,AR,Randolph ,RESIDUAL_2021,-1
5121,AR,Randolph ,RESIDUAL_2022,-11
5121,AR,Randolph ,RESIDUAL_2023,1
5121,AR,Randolph ,GQ_ESTIMATES_BASE_2020,338
5121,AR,Randolph ,GQ_ESTIMATES_2020,338
5121,AR,Randolph ,GQ_ESTIMATES_2021,338
5121,AR,Randolph ,GQ_ESTIMATES_2022,338
5121,AR,Randolph ,GQ_ESTIMATES_2023,338
5121,AR,Randolph ,R_BIRTH_2021,11.6
5121,AR,Randolph ,R_BIRTH_2022,13.7
5121,AR,Randolph ,R_BIRTH_2023,13
5121,AR,Randolph ,R_DEATH_2021,16.2
5121,AR,Randolph ,R_DEATH_2022,15.1
5121,AR,Randolph ,R_DEATH_2023,14
5121,AR,Randolph ,R_NATURAL_CHG_2021,-4.5
5121,AR,Randolph ,R_NATURAL_CHG_2022,-1.4
5121,AR,Randolph ,R_NATURAL_CHG_2023,-1
5121,AR,Randolph ,R_INTERNATIONAL_MIG_2021,1.3
5121,AR,Randolph ,R_INTERNATIONAL_MIG_2022,1.6
5121,AR,Randolph ,R_INTERNATIONAL_MIG_2023,1.7
5121,AR,Randolph ,R_DOMESTIC_MIG_2021,16.3
5121,AR,Randolph ,R_DOMESTIC_MIG_2022,1.1
5121,AR,Randolph ,R_DOMESTIC_MIG_2023,2.2
5121,AR,Randolph ,R_NET_MIG_2021,17.6
5121,AR,Randolph ,R_NET_MIG_2022,2.7
5121,AR,Randolph ,R_NET_MIG_2023,3.9
5123,AR,St. Francis ,Rural_Urban_Continuum_Code_2013,6
5123,AR,St. Francis ,Rural_Urban_Continuum_Code_2023,6
5123,AR,St. Francis ,Urban_Influence_2013,3
5123,AR,St. Francis ,Economic_typology_2015,4
5123,AR,St. Francis ,CENSUS_2020_POP,23090
5123,AR,St. Francis ,ESTIMATES_BASE_2020,23094
5123,AR,St. Francis ,POP_ESTIMATE_2020,23021
5123,AR,St. Francis ,POP_ESTIMATE_2021,22715
5123,AR,St. Francis ,POP_ESTIMATE_2022,22402
5123,AR,St. Francis ,POP_ESTIMATE_2023,22101
5123,AR,St. Francis ,N_POP_CHG_2020,-73
5123,AR,St. Francis ,N_POP_CHG_2021,-306
5123,AR,St. Francis ,N_POP_CHG_2022,-313
5123,AR,St. Francis ,N_POP_CHG_2023,-301
5123,AR,St. Francis ,BIRTHS_2020,60
5123,AR,St. Francis ,BIRTHS_2021,300
5123,AR,St. Francis ,BIRTHS_2022,282
5123,AR,St. Francis ,BIRTHS_2023,269
5123,AR,St. Francis ,DEATHS_2020,79
5123,AR,St. Francis ,DEATHS_2021,321
5123,AR,St. Francis ,DEATHS_2022,344
5123,AR,St. Francis ,DEATHS_2023,329
5123,AR,St. Francis ,NATURAL_CHG_2020,-19
5123,AR,St. Francis ,NATURAL_CHG_2021,-21
5123,AR,St. Francis ,NATURAL_CHG_2022,-62
5123,AR,St. Francis ,NATURAL_CHG_2023,-60
5123,AR,St. Francis ,INTERNATIONAL_MIG_2020,0
5123,AR,St. Francis ,INTERNATIONAL_MIG_2021,24
5123,AR,St. Francis ,INTERNATIONAL_MIG_2022,38
5123,AR,St. Francis ,INTERNATIONAL_MIG_2023,42
5123,AR,St. Francis ,DOMESTIC_MIG_2020,-53
5123,AR,St. Francis ,DOMESTIC_MIG_2021,-308
5123,AR,St. Francis ,DOMESTIC_MIG_2022,-285
5123,AR,St. Francis ,DOMESTIC_MIG_2023,-282
5123,AR,St. Francis ,NET_MIG_2020,-53
5123,AR,St. Francis ,NET_MIG_2021,-284
5123,AR,St. Francis ,NET_MIG_2022,-247
5123,AR,St. Francis ,NET_MIG_2023,-240
5123,AR,St. Francis ,RESIDUAL_2020,-1
5123,AR,St. Francis ,RESIDUAL_2021,-1
5123,AR,St. Francis ,RESIDUAL_2022,-4
5123,AR,St. Francis ,RESIDUAL_2023,-1
5123,AR,St. Francis ,GQ_ESTIMATES_BASE_2020,3432
5123,AR,St. Francis ,GQ_ESTIMATES_2020,3432
5123,AR,St. Francis ,GQ_ESTIMATES_2021,3433
5123,AR,St. Francis ,GQ_ESTIMATES_2022,3432
5123,AR,St. Francis ,GQ_ESTIMATES_2023,3436
5123,AR,St. Francis ,R_BIRTH_2021,13.1
5123,AR,St. Francis ,R_BIRTH_2022,12.5
5123,AR,St. Francis ,R_BIRTH_2023,12.1
5123,AR,St. Francis ,R_DEATH_2021,14
5123,AR,St. Francis ,R_DEATH_2022,15.2
5123,AR,St. Francis ,R_DEATH_2023,14.8
5123,AR,St. Francis ,R_NATURAL_CHG_2021,-0.9
5123,AR,St. Francis ,R_NATURAL_CHG_2022,-2.7
5123,AR,St. Francis ,R_NATURAL_CHG_2023,-2.7
5123,AR,St. Francis ,R_INTERNATIONAL_MIG_2021,1
5123,AR,St. Francis ,R_INTERNATIONAL_MIG_2022,1.7
5123,AR,St. Francis ,R_INTERNATIONAL_MIG_2023,1.9
5123,AR,St. Francis ,R_DOMESTIC_MIG_2021,-13.5
5123,AR,St. Francis ,R_DOMESTIC_MIG_2022,-12.6
5123,AR,St. Francis ,R_DOMESTIC_MIG_2023,-12.7
5123,AR,St. Francis ,R_NET_MIG_2021,-12.4
5123,AR,St. Francis ,R_NET_MIG_2022,-10.9
5123,AR,St. Francis ,R_NET_MIG_2023,-10.8
5125,AR,Saline ,Rural_Urban_Continuum_Code_2013,2
5125,AR,Saline ,Rural_Urban_Continuum_Code_2023,2
5125,AR,Saline ,Urban_Influence_2013,2
5125,AR,Saline ,Economic_typology_2015,0
5125,AR,Saline ,CENSUS_2020_POP,123416
5125,AR,Saline ,ESTIMATES_BASE_2020,123430
5125,AR,Saline ,POP_ESTIMATE_2020,123826
5125,AR,Saline ,POP_ESTIMATE_2021,125382
5125,AR,Saline ,POP_ESTIMATE_2022,127415
5125,AR,Saline ,POP_ESTIMATE_2023,129574
5125,AR,Saline ,N_POP_CHG_2020,396
5125,AR,Saline ,N_POP_CHG_2021,1556
5125,AR,Saline ,N_POP_CHG_2022,2033
5125,AR,Saline ,N_POP_CHG_2023,2159
5125,AR,Saline ,BIRTHS_2020,332
5125,AR,Saline ,BIRTHS_2021,1331
5125,AR,Saline ,BIRTHS_2022,1417
5125,AR,Saline ,BIRTHS_2023,1414
5125,AR,Saline ,DEATHS_2020,295
5125,AR,Saline ,DEATHS_2021,1472
5125,AR,Saline ,DEATHS_2022,1575
5125,AR,Saline ,DEATHS_2023,1385
5125,AR,Saline ,NATURAL_CHG_2020,37
5125,AR,Saline ,NATURAL_CHG_2021,-141
5125,AR,Saline ,NATURAL_CHG_2022,-158
5125,AR,Saline ,NATURAL_CHG_2023,29
5125,AR,Saline ,INTERNATIONAL_MIG_2020,1
5125,AR,Saline ,INTERNATIONAL_MIG_2021,14
5125,AR,Saline ,INTERNATIONAL_MIG_2022,58
5125,AR,Saline ,INTERNATIONAL_MIG_2023,86
5125,AR,Saline ,DOMESTIC_MIG_2020,352
5125,AR,Saline ,DOMESTIC_MIG_2021,1681
5125,AR,Saline ,DOMESTIC_MIG_2022,2114
5125,AR,Saline ,DOMESTIC_MIG_2023,2050
5125,AR,Saline ,NET_MIG_2020,353
5125,AR,Saline ,NET_MIG_2021,1695
5125,AR,Saline ,NET_MIG_2022,2172
5125,AR,Saline ,NET_MIG_2023,2136
5125,AR,Saline ,RESIDUAL_2020,6
5125,AR,Saline ,RESIDUAL_2021,2
5125,AR,Saline ,RESIDUAL_2022,19
5125,AR,Saline ,RESIDUAL_2023,-6
5125,AR,Saline ,GQ_ESTIMATES_BASE_2020,1289
5125,AR,Saline ,GQ_ESTIMATES_2020,1289
5125,AR,Saline ,GQ_ESTIMATES_2021,1251
5125,AR,Saline ,GQ_ESTIMATES_2022,1288
5125,AR,Saline ,GQ_ESTIMATES_2023,1290
5125,AR,Saline ,R_BIRTH_2021,10.7
5125,AR,Saline ,R_BIRTH_2022,11.2
5125,AR,Saline ,R_BIRTH_2023,11
5125,AR,Saline ,R_DEATH_2021,11.8
5125,AR,Saline ,R_DEATH_2022,12.5
5125,AR,Saline ,R_DEATH_2023,10.8
5125,AR,Saline ,R_NATURAL_CHG_2021,-1.1
5125,AR,Saline ,R_NATURAL_CHG_2022,-1.3
5125,AR,Saline ,R_NATURAL_CHG_2023,0.2
5125,AR,Saline ,R_INTERNATIONAL_MIG_2021,0.1
5125,AR,Saline ,R_INTERNATIONAL_MIG_2022,0.5
5125,AR,Saline ,R_INTERNATIONAL_MIG_2023,0.7
5125,AR,Saline ,R_DOMESTIC_MIG_2021,13.5
5125,AR,Saline ,R_DOMESTIC_MIG_2022,16.7
5125,AR,Saline ,R_DOMESTIC_MIG_2023,16
5125,AR,Saline ,R_NET_MIG_2021,13.6
5125,AR,Saline ,R_NET_MIG_2022,17.2
5125,AR,Saline ,R_NET_MIG_2023,16.6
5127,AR,Scott ,Rural_Urban_Continuum_Code_2013,6
5127,AR,Scott ,Rural_Urban_Continuum_Code_2023,8
5127,AR,Scott ,Urban_Influence_2013,6
5127,AR,Scott ,Economic_typology_2015,3
5127,AR,Scott ,CENSUS_2020_POP,9836
5127,AR,Scott ,ESTIMATES_BASE_2020,9838
5127,AR,Scott ,POP_ESTIMATE_2020,9834
5127,AR,Scott ,POP_ESTIMATE_2021,9795
5127,AR,Scott ,POP_ESTIMATE_2022,9796
5127,AR,Scott ,POP_ESTIMATE_2023,9851
5127,AR,Scott ,N_POP_CHG_2020,-4
5127,AR,Scott ,N_POP_CHG_2021,-39
5127,AR,Scott ,N_POP_CHG_2022,1
5127,AR,Scott ,N_POP_CHG_2023,55
5127,AR,Scott ,BIRTHS_2020,33
5127,AR,Scott ,BIRTHS_2021,110
5127,AR,Scott ,BIRTHS_2022,121
5127,AR,Scott ,BIRTHS_2023,122
5127,AR,Scott ,DEATHS_2020,32
5127,AR,Scott ,DEATHS_2021,175
5127,AR,Scott ,DEATHS_2022,186
5127,AR,Scott ,DEATHS_2023,178
5127,AR,Scott ,NATURAL_CHG_2020,1
5127,AR,Scott ,NATURAL_CHG_2021,-65
5127,AR,Scott ,NATURAL_CHG_2022,-65
5127,AR,Scott ,NATURAL_CHG_2023,-56
5127,AR,Scott ,INTERNATIONAL_MIG_2020,0
5127,AR,Scott ,INTERNATIONAL_MIG_2021,0
5127,AR,Scott ,INTERNATIONAL_MIG_2022,1
5127,AR,Scott ,INTERNATIONAL_MIG_2023,1
5127,AR,Scott ,DOMESTIC_MIG_2020,-6
5127,AR,Scott ,DOMESTIC_MIG_2021,23
5127,AR,Scott ,DOMESTIC_MIG_2022,68
5127,AR,Scott ,DOMESTIC_MIG_2023,107
5127,AR,Scott ,NET_MIG_2020,-6
5127,AR,Scott ,NET_MIG_2021,23
5127,AR,Scott ,NET_MIG_2022,69
5127,AR,Scott ,NET_MIG_2023,108
5127,AR,Scott ,RESIDUAL_2020,1
5127,AR,Scott ,RESIDUAL_2021,3
5127,AR,Scott ,RESIDUAL_2022,-3
5127,AR,Scott ,RESIDUAL_2023,3
5127,AR,Scott ,GQ_ESTIMATES_BASE_2020,130
5127,AR,Scott ,GQ_ESTIMATES_2020,130
5127,AR,Scott ,GQ_ESTIMATES_2021,130
5127,AR,Scott ,GQ_ESTIMATES_2022,130
5127,AR,Scott ,GQ_ESTIMATES_2023,130
5127,AR,Scott ,R_BIRTH_2021,11.2
5127,AR,Scott ,R_BIRTH_2022,12.4
5127,AR,Scott ,R_BIRTH_2023,12.4
5127,AR,Scott ,R_DEATH_2021,17.8
5127,AR,Scott ,R_DEATH_2022,19
5127,AR,Scott ,R_DEATH_2023,18.1
5127,AR,Scott ,R_NATURAL_CHG_2021,-6.6
5127,AR,Scott ,R_NATURAL_CHG_2022,-6.6
5127,AR,Scott ,R_NATURAL_CHG_2023,-5.7
5127,AR,Scott ,R_INTERNATIONAL_MIG_2021,0
5127,AR,Scott ,R_INTERNATIONAL_MIG_2022,0.1
5127,AR,Scott ,R_INTERNATIONAL_MIG_2023,0.1
5127,AR,Scott ,R_DOMESTIC_MIG_2021,2.3
5127,AR,Scott ,R_DOMESTIC_MIG_2022,6.9
5127,AR,Scott ,R_DOMESTIC_MIG_2023,10.9
5127,AR,Scott ,R_NET_MIG_2021,2.3
5127,AR,Scott ,R_NET_MIG_2022,7
5127,AR,Scott ,R_NET_MIG_2023,11
5129,AR,Searcy ,Rural_Urban_Continuum_Code_2013,9
5129,AR,Searcy ,Rural_Urban_Continuum_Code_2023,9
5129,AR,Searcy ,Urban_Influence_2013,10
5129,AR,Searcy ,Economic_typology_2015,0
5129,AR,Searcy ,CENSUS_2020_POP,7828
5129,AR,Searcy ,ESTIMATES_BASE_2020,7828
5129,AR,Searcy ,POP_ESTIMATE_2020,7840
5129,AR,Searcy ,POP_ESTIMATE_2021,7893
5129,AR,Searcy ,POP_ESTIMATE_2022,7906
5129,AR,Searcy ,POP_ESTIMATE_2023,7806
5129,AR,Searcy ,N_POP_CHG_2020,12
5129,AR,Searcy ,N_POP_CHG_2021,53
5129,AR,Searcy ,N_POP_CHG_2022,13
5129,AR,Searcy ,N_POP_CHG_2023,-100
5129,AR,Searcy ,BIRTHS_2020,25
5129,AR,Searcy ,BIRTHS_2021,72
5129,AR,Searcy ,BIRTHS_2022,72
5129,AR,Searcy ,BIRTHS_2023,74
5129,AR,Searcy ,DEATHS_2020,24
5129,AR,Searcy ,DEATHS_2021,141
5129,AR,Searcy ,DEATHS_2022,159
5129,AR,Searcy ,DEATHS_2023,154
5129,AR,Searcy ,NATURAL_CHG_2020,1
5129,AR,Searcy ,NATURAL_CHG_2021,-69
5129,AR,Searcy ,NATURAL_CHG_2022,-87
5129,AR,Searcy ,NATURAL_CHG_2023,-80
5129,AR,Searcy ,INTERNATIONAL_MIG_2020,0
5129,AR,Searcy ,INTERNATIONAL_MIG_2021,1
5129,AR,Searcy ,INTERNATIONAL_MIG_2022,1
5129,AR,Searcy ,INTERNATIONAL_MIG_2023,1
5129,AR,Searcy ,DOMESTIC_MIG_2020,10
5129,AR,Searcy ,DOMESTIC_MIG_2021,124
5129,AR,Searcy ,DOMESTIC_MIG_2022,99
5129,AR,Searcy ,DOMESTIC_MIG_2023,-21
5129,AR,Searcy ,NET_MIG_2020,10
5129,AR,Searcy ,NET_MIG_2021,125
5129,AR,Searcy ,NET_MIG_2022,100
5129,AR,Searcy ,NET_MIG_2023,-20
5129,AR,Searcy ,RESIDUAL_2020,1
5129,AR,Searcy ,RESIDUAL_2021,-3
5129,AR,Searcy ,RESIDUAL_2022,0
5129,AR,Searcy ,RESIDUAL_2023,0
5129,AR,Searcy ,GQ_ESTIMATES_BASE_2020,59
5129,AR,Searcy ,GQ_ESTIMATES_2020,59
5129,AR,Searcy ,GQ_ESTIMATES_2021,59
5129,AR,Searcy ,GQ_ESTIMATES_2022,59
5129,AR,Searcy ,GQ_ESTIMATES_2023,59
5129,AR,Searcy ,R_BIRTH_2021,9.2
5129,AR,Searcy ,R_BIRTH_2022,9.1
5129,AR,Searcy ,R_BIRTH_2023,9.4
5129,AR,Searcy ,R_DEATH_2021,17.9
5129,AR,Searcy ,R_DEATH_2022,20.1
5129,AR,Searcy ,R_DEATH_2023,19.6
5129,AR,Searcy ,R_NATURAL_CHG_2021,-8.8
5129,AR,Searcy ,R_NATURAL_CHG_2022,-11
5129,AR,Searcy ,R_NATURAL_CHG_2023,-10.2
5129,AR,Searcy ,R_INTERNATIONAL_MIG_2021,0.1
5129,AR,Searcy ,R_INTERNATIONAL_MIG_2022,0.1
5129,AR,Searcy ,R_INTERNATIONAL_MIG_2023,0.1
5129,AR,Searcy ,R_DOMESTIC_MIG_2021,15.8
5129,AR,Searcy ,R_DOMESTIC_MIG_2022,12.5
5129,AR,Searcy ,R_DOMESTIC_MIG_2023,-2.7
5129,AR,Searcy ,R_NET_MIG_2021,15.9
5129,AR,Searcy ,R_NET_MIG_2022,12.7
5129,AR,Searcy ,R_NET_MIG_2023,-2.5
5131,AR,Sebastian ,Rural_Urban_Continuum_Code_2013,2
5131,AR,Sebastian ,Rural_Urban_Continuum_Code_2023,3
5131,AR,Sebastian ,Urban_Influence_2013,2
5131,AR,Sebastian ,Economic_typology_2015,3
5131,AR,Sebastian ,CENSUS_2020_POP,127799
5131,AR,Sebastian ,ESTIMATES_BASE_2020,127797
5131,AR,Sebastian ,POP_ESTIMATE_2020,127808
5131,AR,Sebastian ,POP_ESTIMATE_2021,128342
5131,AR,Sebastian ,POP_ESTIMATE_2022,129109
5131,AR,Sebastian ,POP_ESTIMATE_2023,129098
5131,AR,Sebastian ,N_POP_CHG_2020,11
5131,AR,Sebastian ,N_POP_CHG_2021,534
5131,AR,Sebastian ,N_POP_CHG_2022,767
5131,AR,Sebastian ,N_POP_CHG_2023,-11
5131,AR,Sebastian ,BIRTHS_2020,373
5131,AR,Sebastian ,BIRTHS_2021,1545
5131,AR,Sebastian ,BIRTHS_2022,1614
5131,AR,Sebastian ,BIRTHS_2023,1604
5131,AR,Sebastian ,DEATHS_2020,336
5131,AR,Sebastian ,DEATHS_2021,1737
5131,AR,Sebastian ,DEATHS_2022,1692
5131,AR,Sebastian ,DEATHS_2023,1511
5131,AR,Sebastian ,NATURAL_CHG_2020,37
5131,AR,Sebastian ,NATURAL_CHG_2021,-192
5131,AR,Sebastian ,NATURAL_CHG_2022,-78
5131,AR,Sebastian ,NATURAL_CHG_2023,93
5131,AR,Sebastian ,INTERNATIONAL_MIG_2020,4
5131,AR,Sebastian ,INTERNATIONAL_MIG_2021,69
5131,AR,Sebastian ,INTERNATIONAL_MIG_2022,124
5131,AR,Sebastian ,INTERNATIONAL_MIG_2023,181
5131,AR,Sebastian ,DOMESTIC_MIG_2020,-66
5131,AR,Sebastian ,DOMESTIC_MIG_2021,587
5131,AR,Sebastian ,DOMESTIC_MIG_2022,736
5131,AR,Sebastian ,DOMESTIC_MIG_2023,-286
5131,AR,Sebastian ,NET_MIG_2020,-62
5131,AR,Sebastian ,NET_MIG_2021,656
5131,AR,Sebastian ,NET_MIG_2022,860
5131,AR,Sebastian ,NET_MIG_2023,-105
5131,AR,Sebastian ,RESIDUAL_2020,36
5131,AR,Sebastian ,RESIDUAL_2021,70
5131,AR,Sebastian ,RESIDUAL_2022,-15
5131,AR,Sebastian ,RESIDUAL_2023,1
5131,AR,Sebastian ,GQ_ESTIMATES_BASE_2020,1810
5131,AR,Sebastian ,GQ_ESTIMATES_2020,1810
5131,AR,Sebastian ,GQ_ESTIMATES_2021,1825
5131,AR,Sebastian ,GQ_ESTIMATES_2022,1997
5131,AR,Sebastian ,GQ_ESTIMATES_2023,2012
5131,AR,Sebastian ,R_BIRTH_2021,12.1
5131,AR,Sebastian ,R_BIRTH_2022,12.5
5131,AR,Sebastian ,R_BIRTH_2023,12.4
5131,AR,Sebastian ,R_DEATH_2021,13.6
5131,AR,Sebastian ,R_DEATH_2022,13.1
5131,AR,Sebastian ,R_DEATH_2023,11.7
5131,AR,Sebastian ,R_NATURAL_CHG_2021,-1.5
5131,AR,Sebastian ,R_NATURAL_CHG_2022,-0.6
5131,AR,Sebastian ,R_NATURAL_CHG_2023,0.7
5131,AR,Sebastian ,R_INTERNATIONAL_MIG_2021,0.5
5131,AR,Sebastian ,R_INTERNATIONAL_MIG_2022,1
5131,AR,Sebastian ,R_INTERNATIONAL_MIG_2023,1.4
5131,AR,Sebastian ,R_DOMESTIC_MIG_2021,4.6
5131,AR,Sebastian ,R_DOMESTIC_MIG_2022,5.7
5131,AR,Sebastian ,R_DOMESTIC_MIG_2023,-2.2
5131,AR,Sebastian ,R_NET_MIG_2021,5.1
5131,AR,Sebastian ,R_NET_MIG_2022,6.7
5131,AR,Sebastian ,R_NET_MIG_2023,-0.8
5133,AR,Sevier ,Rural_Urban_Continuum_Code_2013,6
5133,AR,Sevier ,Rural_Urban_Continuum_Code_2023,6
5133,AR,Sevier ,Urban_Influence_2013,6
5133,AR,Sevier ,Economic_typology_2015,3
5133,AR,Sevier ,CENSUS_2020_POP,15839
5133,AR,Sevier ,ESTIMATES_BASE_2020,15839
5133,AR,Sevier ,POP_ESTIMATE_2020,15778
5133,AR,Sevier ,POP_ESTIMATE_2021,15714
5133,AR,Sevier ,POP_ESTIMATE_2022,15738
5133,AR,Sevier ,POP_ESTIMATE_2023,15632
5133,AR,Sevier ,N_POP_CHG_2020,-61
5133,AR,Sevier ,N_POP_CHG_2021,-64
5133,AR,Sevier ,N_POP_CHG_2022,24
5133,AR,Sevier ,N_POP_CHG_2023,-106
5133,AR,Sevier ,BIRTHS_2020,48
5133,AR,Sevier ,BIRTHS_2021,221
5133,AR,Sevier ,BIRTHS_2022,262
5133,AR,Sevier ,BIRTHS_2023,180
5133,AR,Sevier ,DEATHS_2020,40
5133,AR,Sevier ,DEATHS_2021,228
5133,AR,Sevier ,DEATHS_2022,215
5133,AR,Sevier ,DEATHS_2023,201
5133,AR,Sevier ,NATURAL_CHG_2020,8
5133,AR,Sevier ,NATURAL_CHG_2021,-7
5133,AR,Sevier ,NATURAL_CHG_2022,47
5133,AR,Sevier ,NATURAL_CHG_2023,-21
5133,AR,Sevier ,INTERNATIONAL_MIG_2020,1
5133,AR,Sevier ,INTERNATIONAL_MIG_2021,5
5133,AR,Sevier ,INTERNATIONAL_MIG_2022,-2
5133,AR,Sevier ,INTERNATIONAL_MIG_2023,5
5133,AR,Sevier ,DOMESTIC_MIG_2020,-68
5133,AR,Sevier ,DOMESTIC_MIG_2021,-69
5133,AR,Sevier ,DOMESTIC_MIG_2022,-14
5133,AR,Sevier ,DOMESTIC_MIG_2023,-91
5133,AR,Sevier ,NET_MIG_2020,-67
5133,AR,Sevier ,NET_MIG_2021,-64
5133,AR,Sevier ,NET_MIG_2022,-16
5133,AR,Sevier ,NET_MIG_2023,-86
5133,AR,Sevier ,RESIDUAL_2020,-2
5133,AR,Sevier ,RESIDUAL_2021,7
5133,AR,Sevier ,RESIDUAL_2022,-7
5133,AR,Sevier ,RESIDUAL_2023,1
5133,AR,Sevier ,GQ_ESTIMATES_BASE_2020,110
5133,AR,Sevier ,GQ_ESTIMATES_2020,110
5133,AR,Sevier ,GQ_ESTIMATES_2021,110
5133,AR,Sevier ,GQ_ESTIMATES_2022,110
5133,AR,Sevier ,GQ_ESTIMATES_2023,110
5133,AR,Sevier ,R_BIRTH_2021,14
5133,AR,Sevier ,R_BIRTH_2022,16.7
5133,AR,Sevier ,R_BIRTH_2023,11.5
5133,AR,Sevier ,R_DEATH_2021,14.5
5133,AR,Sevier ,R_DEATH_2022,13.7
5133,AR,Sevier ,R_DEATH_2023,12.8
5133,AR,Sevier ,R_NATURAL_CHG_2021,-0.4
5133,AR,Sevier ,R_NATURAL_CHG_2022,3
5133,AR,Sevier ,R_NATURAL_CHG_2023,-1.3
5133,AR,Sevier ,R_INTERNATIONAL_MIG_2021,0.3
5133,AR,Sevier ,R_INTERNATIONAL_MIG_2022,-0.1
5133,AR,Sevier ,R_INTERNATIONAL_MIG_2023,0.3
5133,AR,Sevier ,R_DOMESTIC_MIG_2021,-4.4
5133,AR,Sevier ,R_DOMESTIC_MIG_2022,-0.9
5133,AR,Sevier ,R_DOMESTIC_MIG_2023,-5.8
5133,AR,Sevier ,R_NET_MIG_2021,-4.1
5133,AR,Sevier ,R_NET_MIG_2022,-1
5133,AR,Sevier ,R_NET_MIG_2023,-5.5
5135,AR,Sharp ,Rural_Urban_Continuum_Code_2013,7
5135,AR,Sharp ,Rural_Urban_Continuum_Code_2023,9
5135,AR,Sharp ,Urban_Influence_2013,9
5135,AR,Sharp ,Economic_typology_2015,0
5135,AR,Sharp ,CENSUS_2020_POP,17271
5135,AR,Sharp ,ESTIMATES_BASE_2020,17274
5135,AR,Sharp ,POP_ESTIMATE_2020,17314
5135,AR,Sharp ,POP_ESTIMATE_2021,17691
5135,AR,Sharp ,POP_ESTIMATE_2022,17836
5135,AR,Sharp ,POP_ESTIMATE_2023,17968
5135,AR,Sharp ,N_POP_CHG_2020,40
5135,AR,Sharp ,N_POP_CHG_2021,377
5135,AR,Sharp ,N_POP_CHG_2022,145
5135,AR,Sharp ,N_POP_CHG_2023,132
5135,AR,Sharp ,BIRTHS_2020,45
5135,AR,Sharp ,BIRTHS_2021,180
5135,AR,Sharp ,BIRTHS_2022,186
5135,AR,Sharp ,BIRTHS_2023,180
5135,AR,Sharp ,DEATHS_2020,64
5135,AR,Sharp ,DEATHS_2021,315
5135,AR,Sharp ,DEATHS_2022,336
5135,AR,Sharp ,DEATHS_2023,302
5135,AR,Sharp ,NATURAL_CHG_2020,-19
5135,AR,Sharp ,NATURAL_CHG_2021,-135
5135,AR,Sharp ,NATURAL_CHG_2022,-150
5135,AR,Sharp ,NATURAL_CHG_2023,-122
5135,AR,Sharp ,INTERNATIONAL_MIG_2020,0
5135,AR,Sharp ,INTERNATIONAL_MIG_2021,1
5135,AR,Sharp ,INTERNATIONAL_MIG_2022,0
5135,AR,Sharp ,INTERNATIONAL_MIG_2023,0
5135,AR,Sharp ,DOMESTIC_MIG_2020,63
5135,AR,Sharp ,DOMESTIC_MIG_2021,532
5135,AR,Sharp ,DOMESTIC_MIG_2022,284
5135,AR,Sharp ,DOMESTIC_MIG_2023,254
5135,AR,Sharp ,NET_MIG_2020,63
5135,AR,Sharp ,NET_MIG_2021,533
5135,AR,Sharp ,NET_MIG_2022,284
5135,AR,Sharp ,NET_MIG_2023,254
5135,AR,Sharp ,RESIDUAL_2020,-4
5135,AR,Sharp ,RESIDUAL_2021,-21
5135,AR,Sharp ,RESIDUAL_2022,11
5135,AR,Sharp ,RESIDUAL_2023,0
5135,AR,Sharp ,GQ_ESTIMATES_BASE_2020,179
5135,AR,Sharp ,GQ_ESTIMATES_2020,179
5135,AR,Sharp ,GQ_ESTIMATES_2021,179
5135,AR,Sharp ,GQ_ESTIMATES_2022,179
5135,AR,Sharp ,GQ_ESTIMATES_2023,179
5135,AR,Sharp ,R_BIRTH_2021,10.3
5135,AR,Sharp ,R_BIRTH_2022,10.5
5135,AR,Sharp ,R_BIRTH_2023,10.1
5135,AR,Sharp ,R_DEATH_2021,18
5135,AR,Sharp ,R_DEATH_2022,18.9
5135,AR,Sharp ,R_DEATH_2023,16.9
5135,AR,Sharp ,R_NATURAL_CHG_2021,-7.7
5135,AR,Sharp ,R_NATURAL_CHG_2022,-8.4
5135,AR,Sharp ,R_NATURAL_CHG_2023,-6.8
5135,AR,Sharp ,R_INTERNATIONAL_MIG_2021,0.1
5135,AR,Sharp ,R_INTERNATIONAL_MIG_2022,0
5135,AR,Sharp ,R_INTERNATIONAL_MIG_2023,0
5135,AR,Sharp ,R_DOMESTIC_MIG_2021,30.4
5135,AR,Sharp ,R_DOMESTIC_MIG_2022,16
5135,AR,Sharp ,R_DOMESTIC_MIG_2023,14.2
5135,AR,Sharp ,R_NET_MIG_2021,30.5
5135,AR,Sharp ,R_NET_MIG_2022,16
5135,AR,Sharp ,R_NET_MIG_2023,14.2
5137,AR,Stone ,Rural_Urban_Continuum_Code_2013,9
5137,AR,Stone ,Rural_Urban_Continuum_Code_2023,9
5137,AR,Stone ,Urban_Influence_2013,9
5137,AR,Stone ,Economic_typology_2015,0
5137,AR,Stone ,CENSUS_2020_POP,12359
5137,AR,Stone ,ESTIMATES_BASE_2020,12354
5137,AR,Stone ,POP_ESTIMATE_2020,12349
5137,AR,Stone ,POP_ESTIMATE_2021,12441
5137,AR,Stone ,POP_ESTIMATE_2022,12585
5137,AR,Stone ,POP_ESTIMATE_2023,12671
5137,AR,Stone ,N_POP_CHG_2020,-5
5137,AR,Stone ,N_POP_CHG_2021,92
5137,AR,Stone ,N_POP_CHG_2022,144
5137,AR,Stone ,N_POP_CHG_2023,86
5137,AR,Stone ,BIRTHS_2020,25
5137,AR,Stone ,BIRTHS_2021,119
5137,AR,Stone ,BIRTHS_2022,126
5137,AR,Stone ,BIRTHS_2023,126
5137,AR,Stone ,DEATHS_2020,60
5137,AR,Stone ,DEATHS_2021,225
5137,AR,Stone ,DEATHS_2022,244
5137,AR,Stone ,DEATHS_2023,220
5137,AR,Stone ,NATURAL_CHG_2020,-35
5137,AR,Stone ,NATURAL_CHG_2021,-106
5137,AR,Stone ,NATURAL_CHG_2022,-118
5137,AR,Stone ,NATURAL_CHG_2023,-94
5137,AR,Stone ,INTERNATIONAL_MIG_2020,0
5137,AR,Stone ,INTERNATIONAL_MIG_2021,-2
5137,AR,Stone ,INTERNATIONAL_MIG_2022,-6
5137,AR,Stone ,INTERNATIONAL_MIG_2023,-6
5137,AR,Stone ,DOMESTIC_MIG_2020,32
5137,AR,Stone ,DOMESTIC_MIG_2021,204
5137,AR,Stone ,DOMESTIC_MIG_2022,262
5137,AR,Stone ,DOMESTIC_MIG_2023,188
5137,AR,Stone ,NET_MIG_2020,32
5137,AR,Stone ,NET_MIG_2021,202
5137,AR,Stone ,NET_MIG_2022,256
5137,AR,Stone ,NET_MIG_2023,182
5137,AR,Stone ,RESIDUAL_2020,-2
5137,AR,Stone ,RESIDUAL_2021,-4
5137,AR,Stone ,RESIDUAL_2022,6
5137,AR,Stone ,RESIDUAL_2023,-2
5137,AR,Stone ,GQ_ESTIMATES_BASE_2020,136
5137,AR,Stone ,GQ_ESTIMATES_2020,136
5137,AR,Stone ,GQ_ESTIMATES_2021,136
5137,AR,Stone ,GQ_ESTIMATES_2022,136
5137,AR,Stone ,GQ_ESTIMATES_2023,136
5137,AR,Stone ,R_BIRTH_2021,9.6
5137,AR,Stone ,R_BIRTH_2022,10.1
5137,AR,Stone ,R_BIRTH_2023,10
5137,AR,Stone ,R_DEATH_2021,18.2
5137,AR,Stone ,R_DEATH_2022,19.5
5137,AR,Stone ,R_DEATH_2023,17.4
5137,AR,Stone ,R_NATURAL_CHG_2021,-8.6
5137,AR,Stone ,R_NATURAL_CHG_2022,-9.4
5137,AR,Stone ,R_NATURAL_CHG_2023,-7.4
5137,AR,Stone ,R_INTERNATIONAL_MIG_2021,-0.2
5137,AR,Stone ,R_INTERNATIONAL_MIG_2022,-0.5
5137,AR,Stone ,R_INTERNATIONAL_MIG_2023,-0.5
5137,AR,Stone ,R_DOMESTIC_MIG_2021,16.5
5137,AR,Stone ,R_DOMESTIC_MIG_2022,20.9
5137,AR,Stone ,R_DOMESTIC_MIG_2023,14.9
5137,AR,Stone ,R_NET_MIG_2021,16.3
5137,AR,Stone ,R_NET_MIG_2022,20.5
5137,AR,Stone ,R_NET_MIG_2023,14.4
5139,AR,Union ,Rural_Urban_Continuum_Code_2013,7
5139,AR,Union ,Rural_Urban_Continuum_Code_2023,7
5139,AR,Union ,Urban_Influence_2013,8
5139,AR,Union ,Economic_typology_2015,2
5139,AR,Union ,CENSUS_2020_POP,39054
5139,AR,Union ,ESTIMATES_BASE_2020,39050
5139,AR,Union ,POP_ESTIMATE_2020,38931
5139,AR,Union ,POP_ESTIMATE_2021,38375
5139,AR,Union ,POP_ESTIMATE_2022,37813
5139,AR,Union ,POP_ESTIMATE_2023,37397
5139,AR,Union ,N_POP_CHG_2020,-119
5139,AR,Union ,N_POP_CHG_2021,-556
5139,AR,Union ,N_POP_CHG_2022,-562
5139,AR,Union ,N_POP_CHG_2023,-416
5139,AR,Union ,BIRTHS_2020,99
5139,AR,Union ,BIRTHS_2021,440
5139,AR,Union ,BIRTHS_2022,467
5139,AR,Union ,BIRTHS_2023,462
5139,AR,Union ,DEATHS_2020,149
5139,AR,Union ,DEATHS_2021,635
5139,AR,Union ,DEATHS_2022,618
5139,AR,Union ,DEATHS_2023,573
5139,AR,Union ,NATURAL_CHG_2020,-50
5139,AR,Union ,NATURAL_CHG_2021,-195
5139,AR,Union ,NATURAL_CHG_2022,-151
5139,AR,Union ,NATURAL_CHG_2023,-111
5139,AR,Union ,INTERNATIONAL_MIG_2020,0
5139,AR,Union ,INTERNATIONAL_MIG_2021,6
5139,AR,Union ,INTERNATIONAL_MIG_2022,37
5139,AR,Union ,INTERNATIONAL_MIG_2023,53
5139,AR,Union ,DOMESTIC_MIG_2020,-71
5139,AR,Union ,DOMESTIC_MIG_2021,-369
5139,AR,Union ,DOMESTIC_MIG_2022,-458
5139,AR,Union ,DOMESTIC_MIG_2023,-358
5139,AR,Union ,NET_MIG_2020,-71
5139,AR,Union ,NET_MIG_2021,-363
5139,AR,Union ,NET_MIG_2022,-421
5139,AR,Union ,NET_MIG_2023,-305
5139,AR,Union ,RESIDUAL_2020,2
5139,AR,Union ,RESIDUAL_2021,2
5139,AR,Union ,RESIDUAL_2022,10
5139,AR,Union ,RESIDUAL_2023,0
5139,AR,Union ,GQ_ESTIMATES_BASE_2020,618
5139,AR,Union ,GQ_ESTIMATES_2020,618
5139,AR,Union ,GQ_ESTIMATES_2021,618
5139,AR,Union ,GQ_ESTIMATES_2022,618
5139,AR,Union ,GQ_ESTIMATES_2023,618
5139,AR,Union ,R_BIRTH_2021,11.4
5139,AR,Union ,R_BIRTH_2022,12.3
5139,AR,Union ,R_BIRTH_2023,12.3
5139,AR,Union ,R_DEATH_2021,16.4
5139,AR,Union ,R_DEATH_2022,16.2
5139,AR,Union ,R_DEATH_2023,15.2
5139,AR,Union ,R_NATURAL_CHG_2021,-5
5139,AR,Union ,R_NATURAL_CHG_2022,-4
5139,AR,Union ,R_NATURAL_CHG_2023,-3
5139,AR,Union ,R_INTERNATIONAL_MIG_2021,0.2
5139,AR,Union ,R_INTERNATIONAL_MIG_2022,1
5139,AR,Union ,R_INTERNATIONAL_MIG_2023,1.4
5139,AR,Union ,R_DOMESTIC_MIG_2021,-9.5
5139,AR,Union ,R_DOMESTIC_MIG_2022,-12
5139,AR,Union ,R_DOMESTIC_MIG_2023,-9.5
5139,AR,Union ,R_NET_MIG_2021,-9.4
5139,AR,Union ,R_NET_MIG_2022,-11.1
5139,AR,Union ,R_NET_MIG_2023,-8.1
5141,AR,Van Buren ,Rural_Urban_Continuum_Code_2013,8
5141,AR,Van Buren ,Rural_Urban_Continuum_Code_2023,8
5141,AR,Van Buren ,Urban_Influence_2013,6
5141,AR,Van Buren ,Economic_typology_2015,0
5141,AR,Van Buren ,CENSUS_2020_POP,15796
5141,AR,Van Buren ,ESTIMATES_BASE_2020,15795
5141,AR,Van Buren ,POP_ESTIMATE_2020,15799
5141,AR,Van Buren ,POP_ESTIMATE_2021,15777
5141,AR,Van Buren ,POP_ESTIMATE_2022,16103
5141,AR,Van Buren ,POP_ESTIMATE_2023,16142
5141,AR,Van Buren ,N_POP_CHG_2020,4
5141,AR,Van Buren ,N_POP_CHG_2021,-22
5141,AR,Van Buren ,N_POP_CHG_2022,326
5141,AR,Van Buren ,N_POP_CHG_2023,39
5141,AR,Van Buren ,BIRTHS_2020,36
5141,AR,Van Buren ,BIRTHS_2021,137
5141,AR,Van Buren ,BIRTHS_2022,141
5141,AR,Van Buren ,BIRTHS_2023,140
5141,AR,Van Buren ,DEATHS_2020,64
5141,AR,Van Buren ,DEATHS_2021,270
5141,AR,Van Buren ,DEATHS_2022,324
5141,AR,Van Buren ,DEATHS_2023,298
5141,AR,Van Buren ,NATURAL_CHG_2020,-28
5141,AR,Van Buren ,NATURAL_CHG_2021,-133
5141,AR,Van Buren ,NATURAL_CHG_2022,-183
5141,AR,Van Buren ,NATURAL_CHG_2023,-158
5141,AR,Van Buren ,INTERNATIONAL_MIG_2020,0
5141,AR,Van Buren ,INTERNATIONAL_MIG_2021,2
5141,AR,Van Buren ,INTERNATIONAL_MIG_2022,7
5141,AR,Van Buren ,INTERNATIONAL_MIG_2023,7
5141,AR,Van Buren ,DOMESTIC_MIG_2020,33
5141,AR,Van Buren ,DOMESTIC_MIG_2021,105
5141,AR,Van Buren ,DOMESTIC_MIG_2022,485
5141,AR,Van Buren ,DOMESTIC_MIG_2023,189
5141,AR,Van Buren ,NET_MIG_2020,33
5141,AR,Van Buren ,NET_MIG_2021,107
5141,AR,Van Buren ,NET_MIG_2022,492
5141,AR,Van Buren ,NET_MIG_2023,196
5141,AR,Van Buren ,RESIDUAL_2020,-1
5141,AR,Van Buren ,RESIDUAL_2021,4
5141,AR,Van Buren ,RESIDUAL_2022,17
5141,AR,Van Buren ,RESIDUAL_2023,1
5141,AR,Van Buren ,GQ_ESTIMATES_BASE_2020,61
5141,AR,Van Buren ,GQ_ESTIMATES_2020,61
5141,AR,Van Buren ,GQ_ESTIMATES_2021,61
5141,AR,Van Buren ,GQ_ESTIMATES_2022,61
5141,AR,Van Buren ,GQ_ESTIMATES_2023,61
5141,AR,Van Buren ,R_BIRTH_2021,8.7
5141,AR,Van Buren ,R_BIRTH_2022,8.8
5141,AR,Van Buren ,R_BIRTH_2023,8.7
5141,AR,Van Buren ,R_DEATH_2021,17.1
5141,AR,Van Buren ,R_DEATH_2022,20.3
5141,AR,Van Buren ,R_DEATH_2023,18.5
5141,AR,Van Buren ,R_NATURAL_CHG_2021,-8.4
5141,AR,Van Buren ,R_NATURAL_CHG_2022,-11.5
5141,AR,Van Buren ,R_NATURAL_CHG_2023,-9.8
5141,AR,Van Buren ,R_INTERNATIONAL_MIG_2021,0.1
5141,AR,Van Buren ,R_INTERNATIONAL_MIG_2022,0.4
5141,AR,Van Buren ,R_INTERNATIONAL_MIG_2023,0.4
5141,AR,Van Buren ,R_DOMESTIC_MIG_2021,6.7
5141,AR,Van Buren ,R_DOMESTIC_MIG_2022,30.4
5141,AR,Van Buren ,R_DOMESTIC_MIG_2023,11.7
5141,AR,Van Buren ,R_NET_MIG_2021,6.8
5141,AR,Van Buren ,R_NET_MIG_2022,30.9
5141,AR,Van Buren ,R_NET_MIG_2023,12.2
5143,AR,Washington ,Rural_Urban_Continuum_Code_2013,2
5143,AR,Washington ,Rural_Urban_Continuum_Code_2023,2
5143,AR,Washington ,Urban_Influence_2013,2
5143,AR,Washington ,Economic_typology_2015,0
5143,AR,Washington ,CENSUS_2020_POP,245871
5143,AR,Washington ,ESTIMATES_BASE_2020,245866
5143,AR,Washington ,POP_ESTIMATE_2020,246774
5143,AR,Washington ,POP_ESTIMATE_2021,251767
5143,AR,Washington ,POP_ESTIMATE_2022,256682
5143,AR,Washington ,POP_ESTIMATE_2023,261549
5143,AR,Washington ,N_POP_CHG_2020,908
5143,AR,Washington ,N_POP_CHG_2021,4993
5143,AR,Washington ,N_POP_CHG_2022,4915
5143,AR,Washington ,N_POP_CHG_2023,4867
5143,AR,Washington ,BIRTHS_2020,741
5143,AR,Washington ,BIRTHS_2021,3059
5143,AR,Washington ,BIRTHS_2022,3244
5143,AR,Washington ,BIRTHS_2023,3279
5143,AR,Washington ,DEATHS_2020,467
5143,AR,Washington ,DEATHS_2021,1987
5143,AR,Washington ,DEATHS_2022,2106
5143,AR,Washington ,DEATHS_2023,1869
5143,AR,Washington ,NATURAL_CHG_2020,274
5143,AR,Washington ,NATURAL_CHG_2021,1072
5143,AR,Washington ,NATURAL_CHG_2022,1138
5143,AR,Washington ,NATURAL_CHG_2023,1410
5143,AR,Washington ,INTERNATIONAL_MIG_2020,17
5143,AR,Washington ,INTERNATIONAL_MIG_2021,248
5143,AR,Washington ,INTERNATIONAL_MIG_2022,912
5143,AR,Washington ,INTERNATIONAL_MIG_2023,1125
5143,AR,Washington ,DOMESTIC_MIG_2020,591
5143,AR,Washington ,DOMESTIC_MIG_2021,3720
5143,AR,Washington ,DOMESTIC_MIG_2022,2788
5143,AR,Washington ,DOMESTIC_MIG_2023,2296
5143,AR,Washington ,NET_MIG_2020,608
5143,AR,Washington ,NET_MIG_2021,3968
5143,AR,Washington ,NET_MIG_2022,3700
5143,AR,Washington ,NET_MIG_2023,3421
5143,AR,Washington ,RESIDUAL_2020,26
5143,AR,Washington ,RESIDUAL_2021,-47
5143,AR,Washington ,RESIDUAL_2022,77
5143,AR,Washington ,RESIDUAL_2023,36
5143,AR,Washington ,GQ_ESTIMATES_BASE_2020,9553
5143,AR,Washington ,GQ_ESTIMATES_2020,9542
5143,AR,Washington ,GQ_ESTIMATES_2021,10788
5143,AR,Washington ,GQ_ESTIMATES_2022,11095
5143,AR,Washington ,GQ_ESTIMATES_2023,11102
5143,AR,Washington ,R_BIRTH_2021,12.3
5143,AR,Washington ,R_BIRTH_2022,12.8
5143,AR,Washington ,R_BIRTH_2023,12.7
5143,AR,Washington ,R_DEATH_2021,8
5143,AR,Washington ,R_DEATH_2022,8.3
5143,AR,Washington ,R_DEATH_2023,7.2
5143,AR,Washington ,R_NATURAL_CHG_2021,4.3
5143,AR,Washington ,R_NATURAL_CHG_2022,4.5
5143,AR,Washington ,R_NATURAL_CHG_2023,5.4
5143,AR,Washington ,R_INTERNATIONAL_MIG_2021,1
5143,AR,Washington ,R_INTERNATIONAL_MIG_2022,3.6
5143,AR,Washington ,R_INTERNATIONAL_MIG_2023,4.3
5143,AR,Washington ,R_DOMESTIC_MIG_2021,14.9
5143,AR,Washington ,R_DOMESTIC_MIG_2022,11
5143,AR,Washington ,R_DOMESTIC_MIG_2023,8.9
5143,AR,Washington ,R_NET_MIG_2021,15.9
5143,AR,Washington ,R_NET_MIG_2022,14.6
5143,AR,Washington ,R_NET_MIG_2023,13.2
5145,AR,White ,Rural_Urban_Continuum_Code_2013,4
5145,AR,White ,Rural_Urban_Continuum_Code_2023,4
5145,AR,White ,Urban_Influence_2013,5
5145,AR,White ,Economic_typology_2015,0
5145,AR,White ,CENSUS_2020_POP,76822
5145,AR,White ,ESTIMATES_BASE_2020,76824
5145,AR,White ,POP_ESTIMATE_2020,76860
5145,AR,White ,POP_ESTIMATE_2021,77109
5145,AR,White ,POP_ESTIMATE_2022,77616
5145,AR,White ,POP_ESTIMATE_2023,78452
5145,AR,White ,N_POP_CHG_2020,36
5145,AR,White ,N_POP_CHG_2021,249
5145,AR,White ,N_POP_CHG_2022,507
5145,AR,White ,N_POP_CHG_2023,836
5145,AR,White ,BIRTHS_2020,200
5145,AR,White ,BIRTHS_2021,831
5145,AR,White ,BIRTHS_2022,898
5145,AR,White ,BIRTHS_2023,902
5145,AR,White ,DEATHS_2020,225
5145,AR,White ,DEATHS_2021,1078
5145,AR,White ,DEATHS_2022,1119
5145,AR,White ,DEATHS_2023,990
5145,AR,White ,NATURAL_CHG_2020,-25
5145,AR,White ,NATURAL_CHG_2021,-247
5145,AR,White ,NATURAL_CHG_2022,-221
5145,AR,White ,NATURAL_CHG_2023,-88
5145,AR,White ,INTERNATIONAL_MIG_2020,2
5145,AR,White ,INTERNATIONAL_MIG_2021,24
5145,AR,White ,INTERNATIONAL_MIG_2022,37
5145,AR,White ,INTERNATIONAL_MIG_2023,42
5145,AR,White ,DOMESTIC_MIG_2020,33
5145,AR,White ,DOMESTIC_MIG_2021,428
5145,AR,White ,DOMESTIC_MIG_2022,711
5145,AR,White ,DOMESTIC_MIG_2023,886
5145,AR,White ,NET_MIG_2020,35
5145,AR,White ,NET_MIG_2021,452
5145,AR,White ,NET_MIG_2022,748
5145,AR,White ,NET_MIG_2023,928
5145,AR,White ,RESIDUAL_2020,26
5145,AR,White ,RESIDUAL_2021,44
5145,AR,White ,RESIDUAL_2022,-20
5145,AR,White ,RESIDUAL_2023,-4
5145,AR,White ,GQ_ESTIMATES_BASE_2020,2668
5145,AR,White ,GQ_ESTIMATES_2020,2670
5145,AR,White ,GQ_ESTIMATES_2021,2515
5145,AR,White ,GQ_ESTIMATES_2022,2495
5145,AR,White ,GQ_ESTIMATES_2023,2496
5145,AR,White ,R_BIRTH_2021,10.8
5145,AR,White ,R_BIRTH_2022,11.6
5145,AR,White ,R_BIRTH_2023,11.6
5145,AR,White ,R_DEATH_2021,14
5145,AR,White ,R_DEATH_2022,14.5
5145,AR,White ,R_DEATH_2023,12.7
5145,AR,White ,R_NATURAL_CHG_2021,-3.2
5145,AR,White ,R_NATURAL_CHG_2022,-2.9
5145,AR,White ,R_NATURAL_CHG_2023,-1.1
5145,AR,White ,R_INTERNATIONAL_MIG_2021,0.3
5145,AR,White ,R_INTERNATIONAL_MIG_2022,0.5
5145,AR,White ,R_INTERNATIONAL_MIG_2023,0.5
5145,AR,White ,R_DOMESTIC_MIG_2021,5.6
5145,AR,White ,R_DOMESTIC_MIG_2022,9.2
5145,AR,White ,R_DOMESTIC_MIG_2023,11.4
5145,AR,White ,R_NET_MIG_2021,5.9
5145,AR,White ,R_NET_MIG_2022,9.7
5145,AR,White ,R_NET_MIG_2023,11.9
5147,AR,Woodruff ,Rural_Urban_Continuum_Code_2013,9
5147,AR,Woodruff ,Rural_Urban_Continuum_Code_2023,9
5147,AR,Woodruff ,Urban_Influence_2013,10
5147,AR,Woodruff ,Economic_typology_2015,0
5147,AR,Woodruff ,CENSUS_2020_POP,6269
5147,AR,Woodruff ,ESTIMATES_BASE_2020,6272
5147,AR,Woodruff ,POP_ESTIMATE_2020,6224
5147,AR,Woodruff ,POP_ESTIMATE_2021,6146
5147,AR,Woodruff ,POP_ESTIMATE_2022,6057
5147,AR,Woodruff ,POP_ESTIMATE_2023,5964
5147,AR,Woodruff ,N_POP_CHG_2020,-48
5147,AR,Woodruff ,N_POP_CHG_2021,-78
5147,AR,Woodruff ,N_POP_CHG_2022,-89
5147,AR,Woodruff ,N_POP_CHG_2023,-93
5147,AR,Woodruff ,BIRTHS_2020,13
5147,AR,Woodruff ,BIRTHS_2021,66
5147,AR,Woodruff ,BIRTHS_2022,69
5147,AR,Woodruff ,BIRTHS_2023,70
5147,AR,Woodruff ,DEATHS_2020,25
5147,AR,Woodruff ,DEATHS_2021,119
5147,AR,Woodruff ,DEATHS_2022,106
5147,AR,Woodruff ,DEATHS_2023,102
5147,AR,Woodruff ,NATURAL_CHG_2020,-12
5147,AR,Woodruff ,NATURAL_CHG_2021,-53
5147,AR,Woodruff ,NATURAL_CHG_2022,-37
5147,AR,Woodruff ,NATURAL_CHG_2023,-32
5147,AR,Woodruff ,INTERNATIONAL_MIG_2020,0
5147,AR,Woodruff ,INTERNATIONAL_MIG_2021,0
5147,AR,Woodruff ,INTERNATIONAL_MIG_2022,0
5147,AR,Woodruff ,INTERNATIONAL_MIG_2023,0
5147,AR,Woodruff ,DOMESTIC_MIG_2020,-32
5147,AR,Woodruff ,DOMESTIC_MIG_2021,-28
5147,AR,Woodruff ,DOMESTIC_MIG_2022,-53
5147,AR,Woodruff ,DOMESTIC_MIG_2023,-61
5147,AR,Woodruff ,NET_MIG_2020,-32
5147,AR,Woodruff ,NET_MIG_2021,-28
5147,AR,Woodruff ,NET_MIG_2022,-53
5147,AR,Woodruff ,NET_MIG_2023,-61
5147,AR,Woodruff ,RESIDUAL_2020,-4
5147,AR,Woodruff ,RESIDUAL_2021,3
5147,AR,Woodruff ,RESIDUAL_2022,1
5147,AR,Woodruff ,RESIDUAL_2023,0
5147,AR,Woodruff ,GQ_ESTIMATES_BASE_2020,108
5147,AR,Woodruff ,GQ_ESTIMATES_2020,108
5147,AR,Woodruff ,GQ_ESTIMATES_2021,108
5147,AR,Woodruff ,GQ_ESTIMATES_2022,108
5147,AR,Woodruff ,GQ_ESTIMATES_2023,108
5147,AR,Woodruff ,R_BIRTH_2021,10.7
5147,AR,Woodruff ,R_BIRTH_2022,11.3
5147,AR,Woodruff ,R_BIRTH_2023,11.6
5147,AR,Woodruff ,R_DEATH_2021,19.2
5147,AR,Woodruff ,R_DEATH_2022,17.4
5147,AR,Woodruff ,R_DEATH_2023,17
5147,AR,Woodruff ,R_NATURAL_CHG_2021,-8.6
5147,AR,Woodruff ,R_NATURAL_CHG_2022,-6.1
5147,AR,Woodruff ,R_NATURAL_CHG_2023,-5.3
5147,AR,Woodruff ,R_INTERNATIONAL_MIG_2021,0
5147,AR,Woodruff ,R_INTERNATIONAL_MIG_2022,0
5147,AR,Woodruff ,R_INTERNATIONAL_MIG_2023,0
5147,AR,Woodruff ,R_DOMESTIC_MIG_2021,-4.5
5147,AR,Woodruff ,R_DOMESTIC_MIG_2022,-8.7
5147,AR,Woodruff ,R_DOMESTIC_MIG_2023,-10.1
5147,AR,Woodruff ,R_NET_MIG_2021,-4.5
5147,AR,Woodruff ,R_NET_MIG_2022,-8.7
5147,AR,Woodruff ,R_NET_MIG_2023,-10.1
5149,AR,Yell ,Rural_Urban_Continuum_Code_2013,6
5149,AR,Yell ,Rural_Urban_Continuum_Code_2023,9
5149,AR,Yell ,Urban_Influence_2013,5
5149,AR,Yell ,Economic_typology_2015,3
5149,AR,Yell ,CENSUS_2020_POP,20263
5149,AR,Yell ,ESTIMATES_BASE_2020,20256
5149,AR,Yell ,POP_ESTIMATE_2020,20212
5149,AR,Yell ,POP_ESTIMATE_2021,20135
5149,AR,Yell ,POP_ESTIMATE_2022,20091
5149,AR,Yell ,POP_ESTIMATE_2023,20044
5149,AR,Yell ,N_POP_CHG_2020,-44
5149,AR,Yell ,N_POP_CHG_2021,-77
5149,AR,Yell ,N_POP_CHG_2022,-44
5149,AR,Yell ,N_POP_CHG_2023,-47
5149,AR,Yell ,BIRTHS_2020,57
5149,AR,Yell ,BIRTHS_2021,250
5149,AR,Yell ,BIRTHS_2022,255
5149,AR,Yell ,BIRTHS_2023,254
5149,AR,Yell ,DEATHS_2020,58
5149,AR,Yell ,DEATHS_2021,319
5149,AR,Yell ,DEATHS_2022,299
5149,AR,Yell ,DEATHS_2023,277
5149,AR,Yell ,NATURAL_CHG_2020,-1
5149,AR,Yell ,NATURAL_CHG_2021,-69
5149,AR,Yell ,NATURAL_CHG_2022,-44
5149,AR,Yell ,NATURAL_CHG_2023,-23
5149,AR,Yell ,INTERNATIONAL_MIG_2020,2
5149,AR,Yell ,INTERNATIONAL_MIG_2021,19
5149,AR,Yell ,INTERNATIONAL_MIG_2022,22
5149,AR,Yell ,INTERNATIONAL_MIG_2023,27
5149,AR,Yell ,DOMESTIC_MIG_2020,-44
5149,AR,Yell ,DOMESTIC_MIG_2021,-40
5149,AR,Yell ,DOMESTIC_MIG_2022,-11
5149,AR,Yell ,DOMESTIC_MIG_2023,-53
5149,AR,Yell ,NET_MIG_2020,-42
5149,AR,Yell ,NET_MIG_2021,-21
5149,AR,Yell ,NET_MIG_2022,11
5149,AR,Yell ,NET_MIG_2023,-26
5149,AR,Yell ,RESIDUAL_2020,-1
5149,AR,Yell ,RESIDUAL_2021,13
5149,AR,Yell ,RESIDUAL_2022,-11
5149,AR,Yell ,RESIDUAL_2023,2
5149,AR,Yell ,GQ_ESTIMATES_BASE_2020,242
5149,AR,Yell ,GQ_ESTIMATES_2020,242
5149,AR,Yell ,GQ_ESTIMATES_2021,242
5149,AR,Yell ,GQ_ESTIMATES_2022,242
5149,AR,Yell ,GQ_ESTIMATES_2023,242
5149,AR,Yell ,R_BIRTH_2021,12.4
5149,AR,Yell ,R_BIRTH_2022,12.7
5149,AR,Yell ,R_BIRTH_2023,12.7
5149,AR,Yell ,R_DEATH_2021,15.8
5149,AR,Yell ,R_DEATH_2022,14.9
5149,AR,Yell ,R_DEATH_2023,13.8
5149,AR,Yell ,R_NATURAL_CHG_2021,-3.4
5149,AR,Yell ,R_NATURAL_CHG_2022,-2.2
5149,AR,Yell ,R_NATURAL_CHG_2023,-1.1
5149,AR,Yell ,R_INTERNATIONAL_MIG_2021,0.9
5149,AR,Yell ,R_INTERNATIONAL_MIG_2022,1.1
5149,AR,Yell ,R_INTERNATIONAL_MIG_2023,1.3
5149,AR,Yell ,R_DOMESTIC_MIG_2021,-2
5149,AR,Yell ,R_DOMESTIC_MIG_2022,-0.5
5149,AR,Yell ,R_DOMESTIC_MIG_2023,-2.6
5149,AR,Yell ,R_NET_MIG_2021,-1
5149,AR,Yell ,R_NET_MIG_2022,0.5
5149,AR,Yell ,R_NET_MIG_2023,-1.3
