county,births_2022,deaths_2022,domestic_mig_2022,gq_estimates_2022,international_mig_2022,n_pop_chg_2022,natural_chg_2022,net_mig_2022,pop_estimate_2022,r_birth_2022,r_death_2022,r_domestic_mig_2022,r_international_mig_2022,r_natural_chg_2022,r_net_mig_2022,residual_2022,civilian_labor_force_2022,employed_2022,med_hh_income_percent_of_state_total_2022,median_household_income_2022,unemployed_2022,unemployment_rate_2022,state
abbeville county,221.0,423.0,262.0,839.0,11.0,76.0,-202.0,273.0,24338.0,9.1,17.4,10.8,0.5,-8.3,11.2,5.0,,,,,,,
"abbeville county, sc",,,,,,,,,,,,,,,,,9475.0,9111.0,78.4,50325.0,364.0,3.8,
acadia parish,834.0,887.0,-427.0,697.0,-7.0,-492.0,-53.0,-434.0,56725.0,14.6,15.6,-7.5,-0.1,-0.9,-7.6,-5.0,,,,,,,
"acadia parish, la",,,,,,,,,,,,,,,,,23726.0,22861.0,77.5,42981.0,865.0,3.6,
accomack county,358.0,558.0,-82.0,384.0,119.0,-187.0,-200.0,37.0,33223.0,10.7,16.7,-2.5,3.6,-6.0,1.1,-24.0,,,,,,,
"accomack county, va",,,,,,,,,,,,,,,,,15584.0,15086.0,65.7,56357.0,498.0,3.2,
ada county,5039.0,4331.0,4890.0,13668.0,391.0,5979.0,708.0,5281.0,519004.0,9.8,8.4,9.5,0.8,1.4,10.2,-10.0,,,,,,,
"ada county, id",,,,,,,,,,,,,,,,,280810.0,274032.0,120.8,87748.0,6778.0,2.4,
adair county,84.0,134.0,-18.0,158.0,6.0,-67.0,-50.0,-12.0,7457.0,11.2,17.9,-2.4,0.8,-6.7,-1.6,-5.0,,,,,,,
"adair county, ia",,,,,,,,,,,,,,,,,4317.0,4223.0,96.1,66997.0,94.0,2.2,
"adair county, ky",,,,,,,,,,,,,,,,,7139.0,6802.0,74.5,44153.0,337.0,4.7,
"adair county, mo",,,,,,,,,,,,,,,,,9771.0,9468.0,71.7,46433.0,303.0,3.1,
"adair county, ok",,,,,,,,,,,,,,,,,8674.0,8380.0,80.2,47799.0,294.0,3.4,
adams county,6838.0,4209.0,348.0,4499.0,1130.0,3965.0,2629.0,1478.0,527509.0,13.0,8.0,0.7,2.2,5.0,2.8,-142.0,,,,,,,
"adams county, co",,,,,,,,,,,,,,,,,281314.0,271745.0,100.8,89849.0,9569.0,3.4,
"adams county, ia",,,,,,,,,,,,,,,,,2101.0,2058.0,84.6,58973.0,43.0,2.0,
"adams county, id",,,,,,,,,,,,,,,,,1882.0,1778.0,77.6,56374.0,104.0,5.5,
"adams county, il",,,,,,,,,,,,,,,,,30667.0,29599.0,80.5,61747.0,1068.0,3.5,
"adams county, in",,,,,,,,,,,,,,,,,17014.0,16632.0,90.8,60620.0,382.0,2.2,
"adams county, ms",,,,,,,,,,,,,,,,,10452.0,9923.0,74.9,39547.0,529.0,5.1,
"adams county, nd",,,,,,,,,,,,,,,,,950.0,931.0,78.6,57593.0,19.0,2.0,
"adams county, ne",,,,,,,,,,,,,,,,,17196.0,16843.0,92.0,64212.0,353.0,2.1,
"adams county, oh",,,,,,,,,,,,,,,,,10964.0,10376.0,74.6,49068.0,588.0,5.4,
"adams county, pa",,,,,,,,,,,,,,,,,54709.0,53012.0,106.6,76554.0,1697.0,3.1,
"adams county, wa",,,,,,,,,,,,,,,,,9816.0,9335.0,68.4,62410.0,481.0,4.9,
"adams county, wi",,,,,,,,,,,,,,,,,7736.0,7362.0,77.0,54682.0,374.0,4.8,
addison county,309.0,385.0,164.0,3021.0,83.0,147.0,-76.0,247.0,37555.0,8.2,10.3,4.4,2.2,-2.0,6.6,-24.0,,,,,,,
"addison county, vt",,,,,,,,,,,,,,,,,20956.0,20507.0,106.7,79526.0,449.0,2.1,
adjuntas municipio,,,,,,,,,17897.0,,,,,,,,,,,,,,
"adjuntas municipio, pr",,,,,,,,,,,,,,,,,4420.0,4060.0,,,360.0,8.1,
aguada municipio,,,,,,,,,37639.0,,,,,,,,,,,,,,
"aguada municipio, pr",,,,,,,,,,,,,,,,,13418.0,12458.0,,,960.0,7.2,
aguadilla municipio,,,,,,,,,53883.0,,,,,,,,,,,,,,
"aguadilla municipio, pr",,,,,,,,,,,,,,,,,16255.0,14994.0,,,1261.0,7.8,
aguas buenas municipio,,,,,,,,,23521.0,,,,,,,,,,,,,,
"aguas buenas municipio, pr",,,,,,,,,,,,,,,,,7101.0,6641.0,,,460.0,6.5,
aibonito municipio,,,,,,,,,24534.0,,,,,,,,,,,,,,
"aibonito municipio, pr",,,,,,,,,,,,,,,,,6859.0,6381.0,,,478.0,7.0,
aiken county,2166.0,2172.0,2775.0,2701.0,157.0,2981.0,-6.0,2932.0,174228.0,12.5,12.6,16.1,0.9,0.0,17.0,55.0,,,,,,,
"aiken county, sc",,,,,,,,,,,,,,,,,73747.0,71447.0,105.5,67728.0,2300.0,3.1,
aitkin county,100.0,257.0,301.0,324.0,9.0,185.0,-157.0,310.0,16142.0,6.2,16.0,18.8,0.6,-9.8,19.3,32.0,,,,,,,
"aitkin county, mn",,,,,,,,,,,,,,,,,7423.0,7103.0,71.7,59064.0,320.0,4.3,
alachua county,2649.0,2456.0,1058.0,19402.0,1075.0,2152.0,193.0,2133.0,284041.0,9.4,8.7,3.7,3.8,0.7,7.5,-174.0,,,,,,,
"alachua county, fl",,,,,,,,,,,,,,,,,140531.0,136444.0,84.8,58783.0,4087.0,2.9,
alamance county,1952.0,2082.0,2443.0,5874.0,286.0,2650.0,-130.0,2729.0,176618.0,11.1,11.9,13.9,1.6,-0.7,15.6,51.0,,,,,,,
"alamance county, nc",,,,,,,,,,,,,,,,,83565.0,80446.0,90.4,61034.0,3119.0,3.7,
alameda county,16847.0,11100.0,-33468.0,50948.0,11409.0,-15788.0,5747.0,-22059.0,1628259.0,10.3,6.8,-20.5,7.0,3.5,-13.5,524.0,,,,,,,
"alameda county, ca",,,,,,,,,,,,,,,,,819817.0,792342.0,132.4,121190.0,27475.0,3.4,
alamosa county,189.0,193.0,-5.0,963.0,25.0,8.0,-4.0,20.0,16587.0,11.4,11.6,-0.3,1.5,-0.2,1.2,-8.0,,,,,,,
"alamosa county, co",,,,,,,,,,,,,,,,,8101.0,7801.0,60.5,53942.0,300.0,3.7,
albany county,2862.0,3112.0,-1026.0,19098.0,1182.0,-257.0,-250.0,156.0,315921.0,9.1,9.8,-3.2,3.7,-0.8,0.5,-163.0,,,,,,,
"albany county, ny",,,,,,,,,,,,,,,,,158683.0,153760.0,96.9,76997.0,4923.0,3.1,
"albany county, wy",,,,,,,,,,,,,,,,,21324.0,20687.0,75.1,53537.0,637.0,3.0,
albemarle county,1044.0,984.0,413.0,7502.0,562.0,963.0,60.0,975.0,114845.0,9.1,8.6,3.6,4.9,0.5,8.5,-72.0,,,,,,,
"albemarle county, va",,,,,,,,,,,,,,,,,58034.0,56548.0,110.4,94727.0,1486.0,2.6,
alcona county,70.0,229.0,236.0,80.0,9.0,102.0,-159.0,245.0,10397.0,6.8,22.1,22.8,0.9,-15.4,23.7,16.0,,,,,,,
"alcona county, mi",,,,,,,,,,,,,,,,,3867.0,3606.0,80.4,53788.0,261.0,6.7,
alcorn county,383.0,538.0,-94.0,670.0,9.0,-251.0,-155.0,-85.0,34147.0,11.2,15.7,-2.7,0.3,-4.5,-2.5,-11.0,,,,,,,
"alcorn county, ms",,,,,,,,,,,,,,,,,14959.0,14430.0,94.0,49627.0,529.0,3.5,
aleutians east borough,9.0,11.0,-82.0,2216.0,97.0,13.0,-2.0,15.0,3430.0,2.6,3.2,-24.0,28.3,-0.6,4.4,0.0,,,,,,,
"aleutians east borough, ak",,,,,,,,,,,,,,,,,2400.0,2351.0,97.5,85852.0,49.0,2.0,
aleutians west census area,25.0,19.0,-226.0,2933.0,155.0,-57.0,6.0,-71.0,5090.0,4.9,3.7,-44.2,30.3,1.2,-13.9,8.0,,,,,,,
"aleutians west census area, ak",,,,,,,,,,,,,,,,,3433.0,3322.0,127.4,112218.0,111.0,3.2,
alexander county,36.0,104.0,-118.0,82.0,0.0,-184.0,-68.0,-118.0,4841.0,7.3,21.1,-23.9,0.0,-13.8,-23.9,2.0,,,,,,,
"alexander county, il",,,,,,,,,,,,,,,,,1798.0,1679.0,53.9,41378.0,119.0,6.6,
"alexander county, nc",,,,,,,,,,,,,,,,,17930.0,17347.0,100.3,67717.0,583.0,3.3,
alexandria city,2249.0,959.0,-3113.0,1383.0,1841.0,-60.0,1290.0,-1272.0,155045.0,14.5,6.2,-20.1,11.9,8.3,-8.2,-78.0,,,,,,,
"alexandria city, va",,,,,,,,,,,,,,,,,100719.0,98425.0,128.3,110115.0,2294.0,2.3,
alfalfa county,41.0,53.0,-5.0,1162.0,14.0,-6.0,-12.0,9.0,5689.0,7.2,9.3,-0.9,2.5,-2.1,1.6,-3.0,,,,,,,
"alfalfa county, ok",,,,,,,,,,,,,,,,,2717.0,2662.0,97.3,58045.0,55.0,2.0,
alger county,74.0,116.0,38.0,917.0,0.0,-1.0,-42.0,38.0,8773.0,8.4,13.2,4.3,0.0,-4.8,4.3,3.0,,,,,,,
"alger county, mi",,,,,,,,,,,,,,,,,3228.0,2994.0,88.7,59390.0,234.0,7.2,
allamakee county,189.0,162.0,-31.0,229.0,59.0,50.0,27.0,28.0,14018.0,13.5,11.6,-2.2,4.2,1.9,2.0,-5.0,,,,,,,
"allamakee county, ia",,,,,,,,,,,,,,,,,7092.0,6818.0,87.1,60743.0,274.0,3.9,
allegan county,1242.0,1303.0,224.0,935.0,134.0,222.0,-61.0,358.0,121290.0,10.2,10.8,1.8,1.1,-0.5,3.0,-75.0,,,,,,,
"allegan county, mi",,,,,,,,,,,,,,,,,62102.0,59858.0,113.4,75893.0,2244.0,3.6,
allegany county,579.0,1062.0,91.0,6172.0,19.0,-421.0,-483.0,110.0,67266.0,8.6,15.7,1.3,0.3,-7.2,1.6,-48.0,,,,,,,
"allegany county, md",,,,,,,,,,,,,,,,,31030.0,29877.0,53.3,50582.0,1153.0,3.7,
"allegany county, ny",,,,,,,,,,,,,,,,,19028.0,18242.0,69.8,55466.0,786.0,4.1,
alleghany county,105.0,174.0,174.0,246.0,1.0,114.0,-69.0,175.0,11193.0,9.4,15.6,15.6,0.1,-6.2,15.7,8.0,,,,,,,
"alleghany county, nc",,,,,,,,,,,,,,,,,4462.0,4284.0,73.4,49524.0,178.0,4.0,
"alleghany county, va",,,,,,,,,,,,,,,,,6596.0,6385.0,61.1,52412.0,211.0,3.2,
allegheny county,12401.0,15214.0,-12288.0,39065.0,2669.0,-12615.0,-2813.0,-9619.0,1232605.0,10.0,12.3,-9.9,2.2,-2.3,-7.8,-183.0,,,,,,,
"allegheny county, pa",,,,,,,,,,,,,,,,,628783.0,604049.0,100.3,71973.0,24734.0,3.9,
allen county,5316.0,3990.0,478.0,6291.0,881.0,2481.0,1326.0,1359.0,391644.0,13.6,10.2,1.2,2.3,3.4,3.5,-204.0,,,,,,,
"allen county, in",,,,,,,,,,,,,,,,,188044.0,182543.0,98.8,65967.0,5501.0,2.9,
"allen county, ks",,,,,,,,,,,,,,,,,6306.0,6127.0,74.1,50995.0,179.0,2.8,
"allen county, ky",,,,,,,,,,,,,,,,,8878.0,8522.0,104.1,61655.0,356.0,4.0,
"allen county, oh",,,,,,,,,,,,,,,,,46717.0,44748.0,91.8,60384.0,1969.0,4.2,
allen parish,236.0,341.0,-251.0,2812.0,52.0,-301.0,-105.0,-199.0,22287.0,10.5,15.2,-11.2,2.3,-4.7,-8.9,3.0,,,,,,,
"allen parish, la",,,,,,,,,,,,,,,,,8120.0,7784.0,92.7,51423.0,336.0,4.1,
allendale county,66.0,148.0,-224.0,855.0,1.0,-296.0,-82.0,-223.0,7418.0,8.7,19.6,-29.6,0.1,-10.8,-29.5,9.0,,,,,,,
"allendale county, sc",,,,,,,,,,,,,,,,,2285.0,2157.0,54.9,35249.0,128.0,5.6,
alpena county,277.0,484.0,113.0,577.0,2.0,-106.0,-207.0,115.0,28833.0,9.6,16.8,3.9,0.1,-7.2,4.0,-14.0,,,,,,,
"alpena county, mi",,,,,,,,,,,,,,,,,13340.0,12694.0,80.9,54161.0,646.0,4.8,
alpine county,10.0,15.0,-36.0,53.0,1.0,-39.0,-5.0,-35.0,1190.0,8.3,12.4,-29.8,0.8,-4.1,-28.9,1.0,,,,,,,
"alpine county, ca",,,,,,,,,,,,,,,,,495.0,467.0,78.3,71646.0,28.0,5.7,
amador county,335.0,552.0,451.0,4155.0,19.0,265.0,-217.0,470.0,41493.0,8.1,13.3,10.9,0.5,-5.2,11.4,12.0,,,,,,,
"amador county, ca",,,,,,,,,,,,,,,,,14281.0,13640.0,81.2,74356.0,641.0,4.5,
amelia county,121.0,228.0,166.0,94.0,7.0,62.0,-107.0,173.0,13368.0,9.1,17.1,12.4,0.5,-8.0,13.0,-4.0,,,,,,,
"amelia county, va",,,,,,,,,,,,,,,,,6282.0,6100.0,76.7,65835.0,182.0,2.9,
amherst county,285.0,486.0,245.0,736.0,40.0,87.0,-201.0,285.0,31472.0,9.1,15.5,7.8,1.3,-6.4,9.1,3.0,,,,,,,
"amherst county, va",,,,,,,,,,,,,,,,,14759.0,14317.0,71.4,61271.0,442.0,3.0,
amite county,113.0,225.0,57.0,72.0,-1.0,-63.0,-112.0,56.0,12559.0,9.0,17.9,4.5,-0.1,-8.9,4.4,-7.0,,,,,,,
"amite county, ms",,,,,,,,,,,,,,,,,4285.0,4066.0,86.1,45433.0,219.0,5.1,
"anasco municipio, pr",,,,,,,,,,,,,,,,,10053.0,9447.0,,,606.0,6.0,
"anchorage borough/municipality, ak",,,,,,,,,,,,,,,,,149832.0,144596.0,112.6,99162.0,5236.0,3.5,
anchorage municipality,3600.0,2501.0,-4631.0,8922.0,1298.0,-2186.0,1099.0,-3333.0,286983.0,12.5,8.7,-16.1,4.5,3.8,-11.6,48.0,,,,,,,
anderson county,100.0,109.0,1.0,88.0,0.0,-9.0,-9.0,1.0,7798.0,12.8,14.0,0.1,0.0,-1.2,0.1,-1.0,,,,,,,
"anderson county, ks",,,,,,,,,,,,,,,,,4358.0,4260.0,86.7,59683.0,98.0,2.2,
"anderson county, ky",,,,,,,,,,,,,,,,,11905.0,11517.0,112.8,66846.0,388.0,3.3,
"anderson county, sc",,,,,,,,,,,,,,,,,92055.0,89311.0,97.6,62708.0,2744.0,3.0,
"anderson county, tn",,,,,,,,,,,,,,,,,35385.0,34208.0,99.1,64615.0,1177.0,3.3,
"anderson county, tx",,,,,,,,,,,,,,,,,23122.0,22319.0,84.1,60800.0,803.0,3.5,
andrew county,171.0,194.0,36.0,129.0,0.0,1.0,-23.0,36.0,18016.0,9.5,10.8,2.0,0.0,-1.3,2.0,-12.0,,,,,,,
"andrew county, mo",,,,,,,,,,,,,,,,,9325.0,9120.0,112.1,72630.0,205.0,2.2,
andrews county,284.0,161.0,-291.0,64.0,76.0,-87.0,123.0,-215.0,18324.0,15.5,8.8,-15.8,4.1,6.7,-11.7,5.0,,,,,,,
"andrews county, tx",,,,,,,,,,,,,,,,,9419.0,9114.0,95.5,68998.0,305.0,3.2,
androscoggin county,1131.0,1523.0,538.0,5895.0,368.0,493.0,-392.0,906.0,113225.0,10.0,13.5,4.8,3.3,-3.5,8.0,-21.0,,,,,,,
"androscoggin county, me",,,,,,,,,,,,,,,,,53206.0,51679.0,90.4,62848.0,1527.0,2.9,
angelina county,1156.0,1247.0,497.0,2639.0,14.0,394.0,-91.0,511.0,87124.0,13.3,14.3,5.7,0.2,-1.0,5.9,-26.0,,,,,,,
"angelina county, tx",,,,,,,,,,,,,,,,,35501.0,33854.0,78.6,56825.0,1647.0,4.6,
anne arundel county,7027.0,4925.0,-1583.0,9588.0,1005.0,1262.0,2102.0,-578.0,593347.0,11.9,8.3,-2.7,1.7,3.5,-1.0,-262.0,,,,,,,
"anne arundel county, md",,,,,,,,,,,,,,,,,312778.0,304604.0,118.5,112525.0,8174.0,2.6,
anoka county,4234.0,2867.0,-792.0,3183.0,852.0,1306.0,1367.0,60.0,369108.0,11.5,7.8,-2.1,2.3,3.7,0.2,-121.0,,,,,,,
"anoka county, mn",,,,,,,,,,,,,,,,,197907.0,192915.0,112.0,92249.0,4992.0,2.5,
anson county,266.0,397.0,178.0,1673.0,2.0,53.0,-131.0,180.0,21958.0,12.1,18.1,8.1,0.1,-6.0,8.2,4.0,,,,,,,
"anson county, nc",,,,,,,,,,,,,,,,,10244.0,9791.0,71.5,48284.0,453.0,4.4,
antelope county,85.0,77.0,1.0,56.0,4.0,10.0,8.0,5.0,6305.0,13.5,12.2,0.2,0.6,1.3,0.8,-3.0,,,,,,,
"antelope county, ne",,,,,,,,,,,,,,,,,3662.0,3597.0,90.6,63250.0,65.0,1.8,
antrim county,195.0,336.0,480.0,203.0,19.0,386.0,-141.0,499.0,24265.0,8.1,14.0,19.9,0.8,-5.9,20.7,28.0,,,,,,,
"antrim county, mi",,,,,,,,,,,,,,,,,10091.0,9514.0,107.5,71945.0,577.0,5.7,
apache county,762.0,1071.0,418.0,1201.0,53.0,144.0,-309.0,471.0,65533.0,11.6,16.4,6.4,0.8,-4.7,7.2,-18.0,,,,,,,
"apache county, az",,,,,,,,,,,,,,,,,18361.0,16938.0,54.6,40632.0,1423.0,7.8,
appanoose county,125.0,199.0,-52.0,244.0,4.0,-128.0,-74.0,-48.0,12141.0,10.2,16.3,-4.3,0.3,-6.1,-3.9,-6.0,,,,,,,
"appanoose county, ia",,,,,,,,,,,,,,,,,5973.0,5795.0,76.9,53589.0,178.0,3.0,
appling county,215.0,270.0,68.0,374.0,10.0,14.0,-55.0,78.0,18437.0,11.7,14.7,3.7,0.5,-3.0,4.2,-9.0,,,,,,,
"appling county, ga",,,,,,,,,,,,,,,,,9693.0,9346.0,70.4,51217.0,347.0,3.6,
appomattox county,195.0,203.0,302.0,80.0,5.0,305.0,-8.0,307.0,16703.0,11.8,12.3,18.2,0.3,-0.5,18.5,6.0,,,,,,,
"appomattox county, va",,,,,,,,,,,,,,,,,7105.0,6886.0,72.7,62375.0,219.0,3.1,
aransas county,229.0,434.0,635.0,444.0,-4.0,453.0,-205.0,631.0,24963.0,9.3,17.5,25.7,-0.2,-8.3,25.5,27.0,,,,,,,
"aransas county, tx",,,,,,,,,,,,,,,,,9291.0,8797.0,83.7,60523.0,494.0,5.3,
arapahoe county,7677.0,5154.0,-5566.0,5423.0,2683.0,-586.0,2523.0,-2883.0,656269.0,11.7,7.8,-8.5,4.1,3.8,-4.4,-226.0,,,,,,,
"arapahoe county, co",,,,,,,,,,,,,,,,,374389.0,362728.0,105.0,93525.0,11661.0,3.1,
archer county,85.0,112.0,167.0,56.0,6.0,147.0,-27.0,173.0,8849.0,9.7,12.8,19.0,0.7,-3.1,19.7,1.0,,,,,,,
"archer county, tx",,,,,,,,,,,,,,,,,4013.0,3877.0,99.7,72062.0,136.0,3.4,
archuleta county,102.0,142.0,202.0,97.0,8.0,183.0,-40.0,210.0,13989.0,7.3,10.2,14.5,0.6,-2.9,15.1,13.0,,,,,,,
"archuleta county, co",,,,,,,,,,,,,,,,,6880.0,6659.0,74.1,66025.0,221.0,3.2,
arecibo municipio,,,,,,,,,86035.0,,,,,,,,,,,,,,
"arecibo municipio, pr",,,,,,,,,,,,,,,,,26002.0,24272.0,,,1730.0,6.7,
arenac county,146.0,254.0,215.0,172.0,0.0,107.0,-108.0,215.0,15123.0,9.7,16.9,14.3,0.0,-7.2,14.3,0.0,,,,,,,
"arenac county, mi",,,,,,,,,,,,,,,,,5784.0,5365.0,80.1,53615.0,419.0,7.2,
arkansas county,184.0,328.0,-38.0,322.0,-1.0,-189.0,-144.0,-39.0,16498.0,11.1,19.8,-2.3,-0.1,-8.7,-2.4,-6.0,,,,,,,
"arkansas county, ar",,,,,,,,,,,,,,,,,9199.0,8904.0,93.9,52145.0,295.0,3.2,
arlington county,2526.0,1018.0,-3675.0,2848.0,2397.0,242.0,1508.0,-1278.0,233678.0,10.8,4.4,-15.7,10.3,6.5,-5.5,12.0,,,,,,,
"arlington county, va",,,,,,,,,,,,,,,,,156767.0,153622.0,152.6,131020.0,3145.0,2.0,
armstrong county,538.0,1078.0,60.0,676.0,11.0,-508.0,-540.0,71.0,64704.0,8.3,16.6,0.9,0.2,-8.3,1.1,-39.0,,,,,,,
"armstrong county, pa",,,,,,,,,,,,,,,,,31006.0,29478.0,80.2,57609.0,1528.0,4.9,
"armstrong county, tx",,,,,,,,,,,,,,,,,934.0,908.0,93.5,67548.0,26.0,2.8,
aroostook county,645.0,1146.0,701.0,1592.0,42.0,247.0,-501.0,743.0,67322.0,9.6,17.1,10.4,0.6,-7.5,11.1,5.0,,,,,,,
"aroostook county, me",,,,,,,,,,,,,,,,,28769.0,27631.0,74.2,51562.0,1138.0,4.0,
arroyo municipio,,,,,,,,,15275.0,,,,,,,,,,,,,,
"arroyo municipio, pr",,,,,,,,,,,,,,,,,4879.0,4464.0,,,415.0,8.5,
arthur county,5.0,5.0,-4.0,0.0,0.0,-7.0,0.0,-4.0,425.0,11.7,11.7,-9.3,0.0,0.0,-9.3,-3.0,,,,,,,
"arthur county, ne",,,,,,,,,,,,,,,,,232.0,227.0,81.7,57018.0,5.0,2.2,
ascension parish,1658.0,1028.0,1250.0,618.0,61.0,1914.0,630.0,1311.0,130485.0,12.8,7.9,9.7,0.5,4.9,10.1,-27.0,,,,,,,
"ascension parish, la",,,,,,,,,,,,,,,,,66620.0,64655.0,146.6,81284.0,1965.0,2.9,
ashe county,207.0,448.0,516.0,433.0,11.0,305.0,-241.0,527.0,27062.0,7.7,16.6,19.2,0.4,-9.0,19.6,19.0,,,,,,,
"ashe county, nc",,,,,,,,,,,,,,,,,12885.0,12444.0,80.5,54379.0,441.0,3.4,
ashland county,574.0,739.0,21.0,1367.0,16.0,-159.0,-165.0,37.0,52024.0,11.0,14.2,0.4,0.3,-3.2,0.7,-31.0,,,,,,,
"ashland county, oh",,,,,,,,,,,,,,,,,25920.0,24922.0,94.3,62037.0,998.0,3.9,
"ashland county, wi",,,,,,,,,,,,,,,,,7500.0,7206.0,80.0,56848.0,294.0,3.9,
ashley county,205.0,327.0,-178.0,154.0,-2.0,-306.0,-122.0,-180.0,18348.0,11.1,17.7,-9.6,-0.1,-6.6,-9.7,-4.0,,,,,,,
"ashley county, ar",,,,,,,,,,,,,,,,,6658.0,6299.0,85.1,47253.0,359.0,5.4,
ashtabula county,1059.0,1526.0,38.0,3527.0,11.0,-479.0,-467.0,49.0,96960.0,10.9,15.7,0.4,0.1,-4.8,0.5,-61.0,,,,,,,
"ashtabula county, oh",,,,,,,,,,,,,,,,,42858.0,40967.0,79.8,52468.0,1891.0,4.4,
asotin county,234.0,306.0,133.0,231.0,7.0,67.0,-72.0,140.0,22536.0,10.4,13.6,5.9,0.3,-3.2,6.2,-1.0,,,,,,,
"asotin county, wa",,,,,,,,,,,,,,,,,10559.0,10165.0,71.9,65625.0,394.0,3.7,
assumption parish,210.0,326.0,-109.0,161.0,1.0,-233.0,-116.0,-108.0,20463.0,10.2,15.8,-5.3,0.0,-5.6,-5.2,-9.0,,,,,,,
"assumption parish, la",,,,,,,,,,,,,,,,,8734.0,8333.0,98.1,54403.0,401.0,4.6,
atascosa county,612.0,625.0,931.0,312.0,-20.0,919.0,-13.0,911.0,50736.0,12.2,12.4,18.5,-0.4,-0.3,18.1,21.0,,,,,,,
"atascosa county, tx",,,,,,,,,,,,,,,,,22505.0,21586.0,82.8,59817.0,919.0,4.1,
atchison county,175.0,227.0,-135.0,1692.0,3.0,-183.0,-52.0,-132.0,16053.0,10.8,14.1,-8.4,0.2,-3.2,-8.2,1.0,,,,,,,
"atchison county, ks",,,,,,,,,,,,,,,,,6789.0,6555.0,85.8,59085.0,234.0,3.4,
"atchison county, mo",,,,,,,,,,,,,,,,,2536.0,2474.0,89.3,57883.0,62.0,2.4,
athens county,462.0,664.0,1582.0,6889.0,266.0,1785.0,-202.0,1848.0,60881.0,7.7,11.1,26.4,4.4,-3.4,30.8,139.0,,,,,,,
"athens county, oh",,,,,,,,,,,,,,,,,26044.0,24792.0,73.4,48265.0,1252.0,4.8,
atkinson county,125.0,134.0,-234.0,10.0,53.0,-188.0,-9.0,-181.0,8160.0,15.1,16.2,-28.3,6.4,-1.1,-21.9,2.0,,,,,,,
"atkinson county, ga",,,,,,,,,,,,,,,,,4316.0,4193.0,63.3,46060.0,123.0,2.8,
atlantic county,2771.0,3233.0,363.0,5697.0,700.0,426.0,-462.0,1063.0,275382.0,10.1,11.7,1.3,2.5,-1.7,3.9,-175.0,,,,,,,
"atlantic county, nj",,,,,,,,,,,,,,,,,122428.0,115832.0,79.0,76108.0,6596.0,5.4,
atoka county,137.0,194.0,76.0,1581.0,16.0,33.0,-57.0,92.0,14327.0,9.6,13.6,5.3,1.1,-4.0,6.4,-2.0,,,,,,,
"atoka county, ok",,,,,,,,,,,,,,,,,5160.0,4958.0,77.4,46160.0,202.0,3.9,
attala county,222.0,304.0,-97.0,251.0,-1.0,-185.0,-82.0,-98.0,17530.0,12.6,17.3,-5.5,-0.1,-4.7,-5.6,-5.0,,,,,,,
"attala county, ms",,,,,,,,,,,,,,,,,6837.0,6553.0,84.1,44404.0,284.0,4.2,
audrain county,287.0,338.0,-352.0,1287.0,1.0,-379.0,-51.0,-351.0,24482.0,11.6,13.7,-14.3,0.0,-2.1,-14.2,23.0,,,,,,,
"audrain county, mo",,,,,,,,,,,,,,,,,9832.0,9528.0,86.9,56305.0,304.0,3.1,
audubon county,62.0,85.0,-52.0,102.0,5.0,-70.0,-23.0,-47.0,5575.0,11.1,15.2,-9.3,0.9,-4.1,-8.4,0.0,,,,,,,
"audubon county, ia",,,,,,,,,,,,,,,,,3085.0,3014.0,86.8,60504.0,71.0,2.3,
auglaize county,521.0,611.0,-213.0,466.0,3.0,-309.0,-90.0,-210.0,45946.0,11.3,13.3,-4.6,0.1,-2.0,-4.6,-9.0,,,,,,,
"auglaize county, oh",,,,,,,,,,,,,,,,,23978.0,23238.0,108.9,71669.0,740.0,3.1,
augusta county,520.0,962.0,583.0,2999.0,47.0,175.0,-442.0,630.0,77939.0,6.7,12.4,7.5,0.6,-5.7,8.1,-13.0,,,,,,,
"augusta county, va",,,,,,,,,,,,,,,,,38307.0,37354.0,90.3,77487.0,953.0,2.5,
aurora county,40.0,44.0,21.0,99.0,9.0,26.0,-4.0,30.0,2762.0,14.6,16.0,7.6,3.3,-1.5,10.9,0.0,,,,,,,
"aurora county, sd",,,,,,,,,,,,,,,,,1488.0,1461.0,86.4,61013.0,27.0,1.8,
austin county,378.0,362.0,607.0,228.0,10.0,639.0,16.0,617.0,31070.0,12.3,11.8,19.7,0.3,0.5,20.1,6.0,,,,,,,
"austin county, tx",,,,,,,,,,,,,,,,,14133.0,13571.0,95.0,68630.0,562.0,4.0,
autauga county,706.0,687.0,507.0,484.0,22.0,523.0,19.0,529.0,59726.0,11.9,11.6,8.5,0.4,0.3,8.9,-25.0,,,,,,,
"autauga county, al",,,,,,,,,,,,,,,,,26656.0,26065.0,117.5,70148.0,591.0,2.2,
avery county,138.0,246.0,107.0,2049.0,27.0,19.0,-108.0,134.0,17541.0,7.9,14.0,6.1,1.5,-6.2,7.6,-7.0,,,,,,,
"avery county, nc",,,,,,,,,,,,,,,,,7681.0,7427.0,79.8,53894.0,254.0,3.3,
avoyelles parish,464.0,631.0,-400.0,2805.0,24.0,-546.0,-167.0,-376.0,38715.0,11.9,16.2,-10.3,0.6,-4.3,-9.6,-3.0,,,,,,,
"avoyelles parish, la",,,,,,,,,,,,,,,,,14361.0,13766.0,75.0,41587.0,595.0,4.1,
añasco municipio,,,,,,,,,25007.0,,,,,,,,,,,,,,
baca county,37.0,76.0,-20.0,51.0,6.0,-55.0,-39.0,-14.0,3435.0,10.7,21.9,-5.8,1.7,-11.3,-4.0,-2.0,,,,,,,
"baca county, co",,,,,,,,,,,,,,,,,2047.0,2011.0,52.9,47147.0,36.0,1.8,
bacon county,140.0,175.0,136.0,330.0,2.0,105.0,-35.0,138.0,11173.0,12.6,15.7,12.2,0.2,-3.1,12.4,2.0,,,,,,,
"bacon county, ga",,,,,,,,,,,,,,,,,4848.0,4700.0,63.3,46044.0,148.0,3.1,
bailey county,109.0,80.0,-102.0,116.0,71.0,0.0,29.0,-31.0,6803.0,16.0,11.8,-15.0,10.4,4.3,-4.6,2.0,,,,,,,
"bailey county, tx",,,,,,,,,,,,,,,,,2419.0,2316.0,73.0,52751.0,103.0,4.3,
baker county,356.0,364.0,-980.0,1529.0,12.0,-883.0,-8.0,-968.0,27786.0,12.6,12.9,-34.7,0.4,-0.3,-34.3,93.0,,,,,,,
"baker county, fl",,,,,,,,,,,,,,,,,12545.0,12186.0,97.2,67375.0,359.0,2.9,
"baker county, ga",,,,,,,,,,,,,,,,,1116.0,1070.0,68.9,50129.0,46.0,4.1,
"baker county, or",,,,,,,,,,,,,,,,,7368.0,7037.0,71.9,54382.0,331.0,4.5,
baldwin county,2511.0,3022.0,7036.0,3468.0,250.0,7092.0,-511.0,7286.0,246531.0,10.3,12.4,29.0,1.0,-2.1,30.0,317.0,,,,,,,
"baldwin county, al",,,,,,,,,,,,,,,,,102280.0,99930.0,120.1,71704.0,2350.0,2.3,
"baldwin county, ga",,,,,,,,,,,,,,,,,17648.0,16918.0,68.6,49883.0,730.0,4.1,
ballard county,59.0,135.0,33.0,114.0,-1.0,-45.0,-76.0,32.0,7642.0,7.7,17.6,4.3,-0.1,-9.9,4.2,-1.0,,,,,,,
"ballard county, ky",,,,,,,,,,,,,,,,,3464.0,3291.0,95.5,56605.0,173.0,5.0,
baltimore city,7275.0,7393.0,-8874.0,17967.0,1536.0,-7471.0,-118.0,-7338.0,569107.0,12.7,12.9,-15.5,2.7,-0.2,-12.8,-15.0,,,,,,,
"baltimore city, md",,,,,,,,,,,,,,,,,272948.0,262199.0,57.6,54735.0,10749.0,3.9,
baltimore county,9412.0,9316.0,-7354.0,22350.0,2649.0,-4705.0,96.0,-4705.0,845986.0,11.1,11.0,-8.7,3.1,0.1,-5.5,-96.0,,,,,,,
"baltimore county, md",,,,,,,,,,,,,,,,,442812.0,429325.0,90.8,86198.0,13487.0,3.0,
bamberg county,136.0,241.0,-95.0,844.0,31.0,-167.0,-105.0,-64.0,12950.0,10.4,18.5,-7.3,2.4,-8.1,-4.9,2.0,,,,,,,
"bamberg county, sc",,,,,,,,,,,,,,,,,4551.0,4303.0,59.1,37952.0,248.0,5.4,
bandera county,191.0,328.0,679.0,221.0,19.0,592.0,-137.0,698.0,22120.0,8.8,15.0,31.1,0.9,-6.3,32.0,31.0,,,,,,,
"bandera county, tx",,,,,,,,,,,,,,,,,10621.0,10225.0,95.9,69284.0,396.0,3.7,
banks county,246.0,268.0,783.0,28.0,-2.0,804.0,-22.0,781.0,19342.0,13.0,14.1,41.3,-0.1,-1.2,41.2,45.0,,,,,,,
"banks county, ga",,,,,,,,,,,,,,,,,11183.0,10932.0,92.0,66928.0,251.0,2.2,
banner county,6.0,6.0,-33.0,0.0,0.0,-33.0,0.0,-33.0,657.0,8.9,8.9,-49.0,0.0,0.0,-49.0,0.0,,,,,,,
"banner county, ne",,,,,,,,,,,,,,,,,387.0,376.0,95.4,66584.0,11.0,2.8,
bannock county,1065.0,975.0,952.0,2333.0,72.0,1110.0,90.0,1024.0,89625.0,12.0,10.9,10.7,0.8,1.0,11.5,-4.0,,,,,,,
"bannock county, id",,,,,,,,,,,,,,,,,43563.0,42289.0,85.5,62120.0,1274.0,2.9,
baraga county,83.0,115.0,31.0,883.0,0.0,-3.0,-32.0,31.0,8283.0,10.0,13.9,3.7,0.0,-3.9,3.7,-2.0,,,,,,,
"baraga county, mi",,,,,,,,,,,,,,,,,3075.0,2855.0,78.4,52491.0,220.0,7.2,
barber county,41.0,68.0,53.0,41.0,0.0,25.0,-27.0,53.0,4124.0,10.0,16.5,12.9,0.0,-6.6,12.9,-1.0,,,,,,,
"barber county, ks",,,,,,,,,,,,,,,,,2281.0,2235.0,86.9,59845.0,46.0,2.0,
barbour county,278.0,363.0,237.0,2702.0,2.0,167.0,-85.0,239.0,24700.0,11.3,14.7,9.6,0.1,-3.5,9.7,13.0,,,,,,,
"barbour county, al",,,,,,,,,,,,,,,,,8139.0,7813.0,68.9,41151.0,326.0,4.0,
"barbour county, wv",,,,,,,,,,,,,,,,,7172.0,6852.0,85.6,46302.0,320.0,4.5,
barceloneta municipio,,,,,,,,,22408.0,,,,,,,,,,,,,,
"barceloneta municipio, pr",,,,,,,,,,,,,,,,,6417.0,5900.0,,,517.0,8.1,
barnes county,86.0,155.0,-7.0,515.0,27.0,-54.0,-69.0,20.0,10761.0,8.0,14.4,-0.6,2.5,-6.4,1.9,-5.0,,,,,,,
"barnes county, nd",,,,,,,,,,,,,,,,,5273.0,5162.0,91.6,67058.0,111.0,2.1,
barnstable county,1519.0,3319.0,950.0,4030.0,704.0,-237.0,-1800.0,1654.0,232078.0,6.5,14.3,4.1,3.0,-7.8,7.1,-91.0,,,,,,,
"barnstable county, ma",,,,,,,,,,,,,,,,,111556.0,106399.0,95.0,89774.0,5157.0,4.6,
barnwell county,258.0,317.0,-92.0,474.0,35.0,-123.0,-59.0,-57.0,20471.0,12.6,15.4,-4.5,1.7,-2.9,-2.8,-7.0,,,,,,,
"barnwell county, sc",,,,,,,,,,,,,,,,,7565.0,7215.0,70.2,45080.0,350.0,4.6,
barranquitas municipio,,,,,,,,,28919.0,,,,,,,,,,,,,,
"barranquitas municipio, pr",,,,,,,,,,,,,,,,,7878.0,7327.0,,,551.0,7.0,
barren county,527.0,668.0,413.0,634.0,7.0,274.0,-141.0,420.0,44872.0,11.8,14.9,9.2,0.2,-3.2,9.4,-5.0,,,,,,,
"barren county, ky",,,,,,,,,,,,,,,,,17796.0,17047.0,85.5,50658.0,749.0,4.2,
barron county,447.0,652.0,170.0,798.0,60.0,6.0,-205.0,230.0,46715.0,9.6,14.0,3.6,1.3,-4.4,4.9,-19.0,,,,,,,
"barron county, wi",,,,,,,,,,,,,,,,,23920.0,23119.0,87.7,62344.0,801.0,3.3,
barrow county,1141.0,882.0,2078.0,450.0,79.0,2518.0,259.0,2157.0,89245.0,13.0,10.0,23.6,0.9,2.9,24.5,102.0,,,,,,,
"barrow county, ga",,,,,,,,,,,,,,,,,42983.0,41863.0,106.7,77583.0,1120.0,2.6,
barry county,622.0,783.0,427.0,460.0,7.0,261.0,-161.0,434.0,63402.0,9.8,12.4,6.7,0.1,-2.5,6.9,-12.0,,,,,,,
"barry county, mi",,,,,,,,,,,,,,,,,32025.0,30825.0,106.3,71173.0,1200.0,3.7,
"barry county, mo",,,,,,,,,,,,,,,,,14092.0,13692.0,77.1,49968.0,400.0,2.8,
bartholomew county,1042.0,908.0,1.0,1247.0,560.0,665.0,134.0,561.0,83394.0,12.5,10.9,0.0,6.7,1.6,6.8,-30.0,,,,,,,
"bartholomew county, in",,,,,,,,,,,,,,,,,43791.0,42729.0,103.2,68910.0,1062.0,2.4,
barton county,314.0,385.0,-142.0,537.0,16.0,-205.0,-71.0,-126.0,25058.0,12.5,15.3,-5.6,0.6,-2.8,-5.0,-8.0,,,,,,,
"barton county, ks",,,,,,,,,,,,,,,,,13116.0,12775.0,82.4,56711.0,341.0,2.6,
"barton county, mo",,,,,,,,,,,,,,,,,5159.0,5034.0,77.0,49857.0,125.0,2.4,
bartow county,1364.0,1291.0,1691.0,1020.0,71.0,1879.0,73.0,1762.0,112815.0,12.2,11.5,15.1,0.6,0.7,15.7,44.0,,,,,,,
"bartow county, ga",,,,,,,,,,,,,,,,,52182.0,50633.0,110.0,80017.0,1549.0,3.0,
bastrop county,1312.0,944.0,3522.0,2091.0,67.0,4119.0,368.0,3589.0,106395.0,12.6,9.0,33.8,0.6,3.5,34.4,162.0,,,,,,,
"bastrop county, tx",,,,,,,,,,,,,,,,,48219.0,46585.0,101.6,73403.0,1634.0,3.4,
bates county,175.0,252.0,151.0,347.0,4.0,75.0,-77.0,155.0,16170.0,10.8,15.6,9.4,0.2,-4.8,9.6,-3.0,,,,,,,
"bates county, mo",,,,,,,,,,,,,,,,,7582.0,7369.0,88.4,57291.0,213.0,2.8,
bath county,175.0,227.0,92.0,88.0,-1.0,33.0,-52.0,91.0,12828.0,13.7,17.7,7.2,-0.1,-4.1,7.1,-6.0,,,,,,,
"bath county, ky",,,,,,,,,,,,,,,,,4701.0,4450.0,81.5,48260.0,251.0,5.3,
"bath county, va",,,,,,,,,,,,,,,,,2418.0,2360.0,69.6,59763.0,58.0,2.4,
baxter county,348.0,911.0,799.0,522.0,-5.0,261.0,-563.0,794.0,42485.0,8.2,21.5,18.9,-0.1,-13.3,18.7,30.0,,,,,,,
"baxter county, ar",,,,,,,,,,,,,,,,,16365.0,15796.0,87.5,48573.0,569.0,3.5,
bay county,2119.0,2442.0,5293.0,3179.0,459.0,5690.0,-323.0,5752.0,185210.0,11.6,13.4,29.0,2.5,-1.8,31.5,261.0,,,,,,,
"bay county, fl",,,,,,,,,,,,,,,,,86867.0,84437.0,94.6,65521.0,2430.0,2.8,
"bay county, mi",,,,,,,,,,,,,,,,,48979.0,46493.0,84.3,56388.0,2486.0,5.1,
"bayamon municipio, pr",,,,,,,,,,,,,,,,,70367.0,66967.0,,,3400.0,4.8,
bayamón municipio,,,,,,,,,181501.0,,,,,,,,,,,,,,
bayfield county,112.0,192.0,397.0,53.0,1.0,337.0,-80.0,398.0,16659.0,6.8,11.6,24.1,0.1,-4.9,24.1,19.0,,,,,,,
"bayfield county, wi",,,,,,,,,,,,,,,,,7387.0,7034.0,89.6,63680.0,353.0,4.8,
baylor county,34.0,81.0,37.0,55.0,12.0,4.0,-47.0,49.0,3462.0,9.8,23.4,10.7,3.5,-13.6,14.2,2.0,,,,,,,
"baylor county, tx",,,,,,,,,,,,,,,,,1905.0,1852.0,67.9,49059.0,53.0,2.8,
beadle county,282.0,189.0,-264.0,521.0,480.0,307.0,93.0,216.0,19488.0,14.6,9.8,-13.7,24.8,4.8,11.2,-2.0,,,,,,,
"beadle county, sd",,,,,,,,,,,,,,,,,9255.0,9081.0,84.3,59508.0,174.0,1.9,
bear lake county,79.0,77.0,148.0,59.0,7.0,163.0,2.0,155.0,6730.0,11.9,11.6,22.3,1.1,0.3,23.3,6.0,,,,,,,
"bear lake county, id",,,,,,,,,,,,,,,,,2882.0,2795.0,90.9,66006.0,87.0,3.0,
beaufort county,446.0,719.0,213.0,378.0,20.0,-62.0,-273.0,233.0,44400.0,10.0,16.2,4.8,0.5,-6.1,5.2,-22.0,,,,,,,
"beaufort county, nc",,,,,,,,,,,,,,,,,19716.0,18923.0,80.6,54415.0,793.0,4.0,
"beaufort county, sc",,,,,,,,,,,,,,,,,77029.0,74636.0,130.3,83687.0,2393.0,3.1,
beauregard parish,505.0,469.0,-68.0,1060.0,4.0,-44.0,36.0,-64.0,36624.0,13.8,12.8,-1.9,0.1,1.0,-1.7,-16.0,,,,,,,
"beauregard parish, la",,,,,,,,,,,,,,,,,14548.0,14055.0,116.1,64394.0,493.0,3.4,
beaver county,58.0,63.0,10.0,52.0,22.0,25.0,-5.0,32.0,5019.0,11.6,12.6,2.0,4.4,-1.0,6.4,-2.0,,,,,,,
"beaver county, ok",,,,,,,,,,,,,,,,,2726.0,2675.0,108.0,64431.0,51.0,1.9,
"beaver county, pa",,,,,,,,,,,,,,,,,81464.0,77384.0,93.5,67135.0,4080.0,5.0,
"beaver county, ut",,,,,,,,,,,,,,,,,2853.0,2773.0,75.0,66394.0,80.0,2.8,
beaverhead county,86.0,129.0,233.0,414.0,-5.0,194.0,-43.0,228.0,9747.0,8.9,13.4,24.1,-0.5,-4.5,23.6,9.0,,,,,,,
"beaverhead county, mt",,,,,,,,,,,,,,,,,5330.0,5202.0,84.7,57497.0,128.0,2.4,
becker county,355.0,430.0,108.0,471.0,13.0,27.0,-75.0,121.0,35363.0,10.0,12.2,3.1,0.4,-2.1,3.4,-19.0,,,,,,,
"becker county, mn",,,,,,,,,,,,,,,,,19334.0,18789.0,81.9,67448.0,545.0,2.8,
beckham county,225.0,306.0,40.0,2394.0,-6.0,-56.0,-81.0,34.0,21976.0,10.2,13.9,1.8,-0.3,-3.7,1.5,-9.0,,,,,,,
"beckham county, ok",,,,,,,,,,,,,,,,,10439.0,10164.0,89.1,53119.0,275.0,2.6,
bedford county,470.0,718.0,193.0,313.0,15.0,-66.0,-248.0,208.0,47421.0,9.9,15.1,4.1,0.3,-5.2,4.4,-26.0,,,,,,,
"bedford county, pa",,,,,,,,,,,,,,,,,24372.0,23352.0,77.3,55517.0,1020.0,4.2,
"bedford county, tn",,,,,,,,,,,,,,,,,21613.0,20879.0,107.6,70185.0,734.0,3.4,
"bedford county, va",,,,,,,,,,,,,,,,,38331.0,37264.0,82.9,71135.0,1067.0,2.8,
bee county,311.0,398.0,224.0,7938.0,12.0,156.0,-87.0,236.0,30992.0,10.1,12.9,7.2,0.4,-2.8,7.6,7.0,,,,,,,
"bee county, tx",,,,,,,,,,,,,,,,,9206.0,8665.0,66.7,48176.0,541.0,5.9,
belknap county,468.0,853.0,479.0,897.0,12.0,106.0,-385.0,491.0,64705.0,7.2,13.2,7.4,0.2,-6.0,7.6,0.0,,,,,,,
"belknap county, nh",,,,,,,,,,,,,,,,,30876.0,30170.0,85.4,77531.0,706.0,2.3,
bell county,289.0,541.0,40.0,736.0,-2.0,-223.0,-252.0,38.0,23611.0,12.2,22.8,1.7,-0.1,-10.6,1.6,-9.0,,,,,,,
"bell county, ky",,,,,,,,,,,,,,,,,8074.0,7653.0,57.3,33923.0,421.0,5.2,
"bell county, tx",,,,,,,,,,,,,,,,,149152.0,142464.0,86.3,62412.0,6688.0,4.5,
belmont county,554.0,1087.0,170.0,3816.0,-3.0,-404.0,-533.0,167.0,65495.0,8.4,16.5,2.6,0.0,-8.1,2.5,-38.0,,,,,,,
"belmont county, oh",,,,,,,,,,,,,,,,,27464.0,26065.0,84.5,55573.0,1399.0,5.1,
beltrami county,577.0,526.0,-18.0,2149.0,21.0,30.0,51.0,3.0,46511.0,12.4,11.3,-0.4,0.5,1.1,0.1,-24.0,,,,,,,
"beltrami county, mn",,,,,,,,,,,,,,,,,25010.0,24228.0,72.7,59882.0,782.0,3.1,
ben hill county,206.0,291.0,19.0,273.0,4.0,-71.0,-85.0,23.0,17057.0,12.1,17.0,1.1,0.2,-5.0,1.3,-9.0,,,,,,,
"ben hill county, ga",,,,,,,,,,,,,,,,,5593.0,5343.0,56.6,41141.0,250.0,4.5,
benewah county,95.0,159.0,442.0,66.0,0.0,396.0,-64.0,442.0,10291.0,9.4,15.8,43.8,0.0,-6.3,43.8,18.0,,,,,,,
"benewah county, id",,,,,,,,,,,,,,,,,4290.0,4103.0,77.4,56188.0,187.0,4.4,
bennett county,42.0,40.0,-71.0,45.0,12.0,-56.0,2.0,-59.0,3333.0,12.5,11.9,-21.1,3.6,0.6,-17.6,1.0,,,,,,,
"bennett county, sd",,,,,,,,,,,,,,,,,1066.0,1032.0,69.6,49152.0,34.0,3.2,
bennington county,273.0,573.0,166.0,1461.0,66.0,-88.0,-300.0,232.0,37343.0,7.3,15.3,4.4,1.8,-8.0,6.2,-20.0,,,,,,,
"bennington county, vt",,,,,,,,,,,,,,,,,17761.0,17260.0,92.9,69249.0,501.0,2.8,
benson county,106.0,97.0,-11.0,48.0,5.0,-1.0,9.0,-6.0,5772.0,18.4,16.8,-1.9,0.9,1.6,-1.0,-4.0,,,,,,,
"benson county, nd",,,,,,,,,,,,,,,,,2325.0,2260.0,77.3,56605.0,65.0,2.8,
bent county,36.0,77.0,131.0,1326.0,0.0,100.0,-41.0,131.0,5439.0,6.7,14.3,24.3,0.0,-7.6,24.3,10.0,,,,,,,
"bent county, co",,,,,,,,,,,,,,,,,1755.0,1692.0,48.2,42958.0,63.0,3.6,
benton county,3882.0,2551.0,6089.0,3029.0,885.0,8525.0,1331.0,6974.0,302822.0,13.0,8.5,20.4,3.0,4.5,23.4,220.0,,,,,,,
"benton county, ar",,,,,,,,,,,,,,,,,151087.0,147613.0,155.6,86374.0,3474.0,2.3,
"benton county, ia",,,,,,,,,,,,,,,,,13104.0,12698.0,118.7,82762.0,406.0,3.1,
"benton county, in",,,,,,,,,,,,,,,,,4378.0,4269.0,93.2,62248.0,109.0,2.5,
"benton county, mn",,,,,,,,,,,,,,,,,21567.0,20860.0,86.8,71493.0,707.0,3.3,
"benton county, mo",,,,,,,,,,,,,,,,,7133.0,6864.0,79.5,51473.0,269.0,3.8,
"benton county, ms",,,,,,,,,,,,,,,,,3046.0,2900.0,81.9,43247.0,146.0,4.8,
"benton county, or",,,,,,,,,,,,,,,,,48739.0,47108.0,92.7,70117.0,1631.0,3.3,
"benton county, tn",,,,,,,,,,,,,,,,,6823.0,6543.0,77.6,50635.0,280.0,4.1,
"benton county, wa",,,,,,,,,,,,,,,,,105674.0,100627.0,93.3,85144.0,5047.0,4.8,
benzie county,144.0,246.0,178.0,193.0,7.0,90.0,-102.0,185.0,18327.0,7.9,13.5,9.7,0.4,-5.6,10.1,7.0,,,,,,,
"benzie county, mi",,,,,,,,,,,,,,,,,8798.0,8342.0,98.4,65846.0,456.0,5.2,
bergen county,9207.0,7554.0,-7177.0,10597.0,3777.0,-1843.0,1653.0,-3400.0,953540.0,9.6,7.9,-7.5,4.0,1.7,-3.6,-96.0,,,,,,,
"bergen county, nj",,,,,,,,,,,,,,,,,504861.0,487201.0,118.2,113885.0,17660.0,3.5,
berkeley county,2858.0,2166.0,6555.0,4250.0,583.0,8095.0,692.0,7138.0,244952.0,11.9,9.0,27.2,2.4,2.9,29.6,265.0,,,,,,,
"berkeley county, sc",,,,,,,,,,,,,,,,,110406.0,107041.0,123.4,79259.0,3365.0,3.0,
"berkeley county, wv",,,,,,,,,,,,,,,,,58992.0,57259.0,130.9,70829.0,1733.0,2.9,
berks county,4589.0,4781.0,1263.0,13631.0,1060.0,1938.0,-192.0,2323.0,431573.0,10.7,11.1,2.9,2.5,-0.4,5.4,-193.0,,,,,,,
"berks county, pa",,,,,,,,,,,,,,,,,213323.0,204729.0,100.5,72157.0,8594.0,4.0,
berkshire county,921.0,1729.0,-185.0,5280.0,225.0,-829.0,-808.0,40.0,127547.0,7.2,13.5,-1.4,1.8,-6.3,0.3,-61.0,,,,,,,
"berkshire county, ma",,,,,,,,,,,,,,,,,61916.0,59284.0,75.2,71102.0,2632.0,4.3,
bernalillo county,6480.0,7503.0,-3209.0,11215.0,2263.0,-2329.0,-1023.0,-946.0,672957.0,9.6,11.1,-4.8,3.4,-1.5,-1.4,-360.0,,,,,,,
"bernalillo county, nm",,,,,,,,,,,,,,,,,338098.0,325772.0,108.7,65034.0,12326.0,3.6,
berrien county,212.0,279.0,161.0,136.0,0.0,98.0,-67.0,161.0,18215.0,11.7,15.4,8.9,0.0,-3.7,8.9,4.0,,,,,,,
"berrien county, ga",,,,,,,,,,,,,,,,,7752.0,7498.0,67.0,48725.0,254.0,3.3,
"berrien county, mi",,,,,,,,,,,,,,,,,71953.0,68758.0,92.3,61790.0,3195.0,4.4,
bertie county,156.0,311.0,-147.0,1344.0,-1.0,-303.0,-155.0,-148.0,17068.0,9.1,18.1,-8.5,-0.1,-9.0,-8.6,0.0,,,,,,,
"bertie county, nc",,,,,,,,,,,,,,,,,7163.0,6811.0,65.8,44434.0,352.0,4.9,
bethel census area,400.0,168.0,-590.0,485.0,6.0,-335.0,232.0,-584.0,18259.0,21.7,9.1,-32.0,0.3,12.6,-31.7,17.0,,,,,,,
"bethel census area, ak",,,,,,,,,,,,,,,,,6621.0,6007.0,67.0,59011.0,614.0,9.3,
bexar county,26265.0,18298.0,16115.0,40252.0,5258.0,29210.0,7967.0,21373.0,2060191.0,12.8,8.9,7.9,2.6,3.9,10.4,-130.0,,,,,,,
"bexar county, tx",,,,,,,,,,,,,,,,,977978.0,941275.0,91.1,65839.0,36703.0,3.8,
bibb county,236.0,314.0,-303.0,2025.0,1.0,-373.0,-78.0,-302.0,21986.0,10.6,14.2,-13.7,0.0,-3.5,-13.6,7.0,,,,,,,
"bibb county, al",,,,,,,,,,,,,,,,,8688.0,8476.0,91.0,54309.0,212.0,2.4,
"bibb county, ga",,,,,,,,,,,,,,,,,65086.0,62563.0,66.7,48539.0,2523.0,3.9,
bienville parish,165.0,270.0,-75.0,311.0,14.0,-167.0,-105.0,-61.0,12612.0,13.0,21.3,-5.9,1.1,-8.3,-4.8,-1.0,,,,,,,
"bienville parish, la",,,,,,,,,,,,,,,,,5171.0,4955.0,75.4,41807.0,216.0,4.2,
big horn county,155.0,170.0,-43.0,295.0,-2.0,-67.0,-15.0,-45.0,12826.0,12.1,13.2,-3.3,-0.2,-1.2,-3.5,-7.0,,,,,,,
"big horn county, mt",,,,,,,,,,,,,,,,,4647.0,4437.0,72.3,49113.0,210.0,4.5,
"big horn county, wy",,,,,,,,,,,,,,,,,5238.0,5030.0,83.8,59702.0,208.0,4.0,
big stone county,59.0,78.0,2.0,242.0,0.0,-18.0,-19.0,2.0,5149.0,11.4,15.1,0.4,0.0,-3.7,0.4,-1.0,,,,,,,
"big stone county, mn",,,,,,,,,,,,,,,,,2395.0,2320.0,70.2,57821.0,75.0,3.1,
billings county,14.0,8.0,53.0,8.0,0.0,62.0,6.0,53.0,1025.0,14.1,8.0,53.3,0.0,6.0,53.3,3.0,,,,,,,
"billings county, nd",,,,,,,,,,,,,,,,,456.0,448.0,117.3,85947.0,8.0,1.8,
bingham county,664.0,519.0,870.0,503.0,8.0,1044.0,145.0,878.0,49973.0,13.4,10.5,17.6,0.2,2.9,17.8,21.0,,,,,,,
"bingham county, id",,,,,,,,,,,,,,,,,23582.0,22910.0,96.4,70052.0,672.0,2.8,
black hawk county,1611.0,1513.0,-1111.0,4366.0,519.0,-524.0,98.0,-592.0,130052.0,12.4,11.6,-8.5,4.0,0.8,-4.5,-30.0,,,,,,,
"black hawk county, ia",,,,,,,,,,,,,,,,,67499.0,65462.0,89.0,62020.0,2037.0,3.0,
blackford county,127.0,207.0,-46.0,136.0,6.0,-122.0,-80.0,-40.0,11919.0,10.6,17.3,-3.8,0.5,-6.7,-3.3,-2.0,,,,,,,
"blackford county, in",,,,,,,,,,,,,,,,,4753.0,4585.0,82.1,54825.0,168.0,3.5,
bladen county,356.0,559.0,63.0,320.0,-2.0,-153.0,-203.0,61.0,29391.0,12.1,19.0,2.1,-0.1,-6.9,2.1,-11.0,,,,,,,
"bladen county, nc",,,,,,,,,,,,,,,,,14544.0,13907.0,68.1,46002.0,637.0,4.4,
blaine county,198.0,155.0,-24.0,383.0,114.0,119.0,43.0,90.0,24901.0,8.0,6.2,-1.0,4.6,1.7,3.6,-14.0,,,,,,,
"blaine county, id",,,,,,,,,,,,,,,,,13489.0,13136.0,135.9,98707.0,353.0,2.6,
"blaine county, mt",,,,,,,,,,,,,,,,,2201.0,2130.0,78.9,53577.0,71.0,3.2,
"blaine county, ne",,,,,,,,,,,,,,,,,253.0,244.0,78.7,54936.0,9.0,3.6,
"blaine county, ok",,,,,,,,,,,,,,,,,4439.0,4338.0,91.6,54616.0,101.0,2.3,
blair county,1137.0,1884.0,-703.0,4126.0,49.0,-1416.0,-747.0,-654.0,120734.0,9.4,15.5,-5.8,0.4,-6.2,-5.4,-15.0,,,,,,,
"blair county, pa",,,,,,,,,,,,,,,,,58879.0,56422.0,80.6,57884.0,2457.0,4.2,
blanco county,87.0,157.0,570.0,75.0,-2.0,529.0,-70.0,568.0,12411.0,7.2,12.9,46.9,-0.2,-5.8,46.8,31.0,,,,,,,
"blanco county, tx",,,,,,,,,,,,,,,,,7193.0,6991.0,113.8,82236.0,202.0,2.8,
bland county,36.0,102.0,29.0,683.0,0.0,-39.0,-66.0,29.0,6138.0,5.8,16.6,4.7,0.0,-10.7,4.7,-2.0,,,,,,,
"bland county, va",,,,,,,,,,,,,,,,,2774.0,2696.0,64.9,55722.0,78.0,2.8,
bleckley county,123.0,189.0,86.0,826.0,-2.0,9.0,-66.0,84.0,12279.0,10.0,15.4,7.0,-0.2,-5.4,6.8,-9.0,,,,,,,
"bleckley county, ga",,,,,,,,,,,,,,,,,4567.0,4366.0,77.1,56070.0,201.0,4.4,
bledsoe county,133.0,187.0,20.0,1955.0,20.0,-13.0,-54.0,40.0,14824.0,9.0,12.6,1.3,1.3,-3.6,2.7,1.0,,,,,,,
"bledsoe county, tn",,,,,,,,,,,,,,,,,4380.0,4148.0,70.8,46207.0,232.0,5.3,
blount county,693.0,846.0,589.0,616.0,8.0,437.0,-153.0,597.0,59516.0,11.7,14.3,9.9,0.1,-2.6,10.1,-7.0,,,,,,,
"blount county, al",,,,,,,,,,,,,,,,,25685.0,25128.0,101.4,60553.0,557.0,2.2,
"blount county, tn",,,,,,,,,,,,,,,,,65737.0,63686.0,106.9,69713.0,2051.0,3.1,
blue earth county,703.0,618.0,-85.0,4355.0,265.0,223.0,85.0,180.0,69603.0,10.1,8.9,-1.2,3.8,1.2,2.6,-42.0,,,,,,,
"blue earth county, mn",,,,,,,,,,,,,,,,,40269.0,39405.0,82.9,68279.0,864.0,2.1,
boise county,67.0,91.0,212.0,19.0,26.0,227.0,-24.0,238.0,8360.0,8.1,11.0,25.7,3.2,-2.9,28.9,13.0,,,,,,,
"boise county, id",,,,,,,,,,,,,,,,,4016.0,3859.0,102.0,74121.0,157.0,3.9,
bolivar county,404.0,494.0,-672.0,1498.0,3.0,-740.0,-90.0,-669.0,29461.0,13.5,16.6,-22.5,0.1,-3.0,-22.4,19.0,,,,,,,
"bolivar county, ms",,,,,,,,,,,,,,,,,11139.0,10619.0,75.7,39984.0,520.0,4.7,
bollinger county,130.0,164.0,-15.0,223.0,0.0,-55.0,-34.0,-15.0,10531.0,12.3,15.5,-1.4,0.0,-3.2,-1.4,-6.0,,,,,,,
"bollinger county, mo",,,,,,,,,,,,,,,,,5231.0,5089.0,83.3,53932.0,142.0,2.7,
bon homme county,74.0,103.0,90.0,1375.0,3.0,64.0,-29.0,93.0,7064.0,10.5,14.6,12.8,0.4,-4.1,13.2,0.0,,,,,,,
"bon homme county, sd",,,,,,,,,,,,,,,,,2848.0,2795.0,89.2,62963.0,53.0,1.9,
bond county,137.0,214.0,-9.0,2367.0,7.0,-87.0,-77.0,-2.0,16536.0,8.3,12.9,-0.5,0.4,-4.6,-0.1,-8.0,,,,,,,
"bond county, il",,,,,,,,,,,,,,,,,7451.0,7155.0,86.1,66071.0,296.0,4.0,
bonner county,455.0,631.0,1819.0,519.0,38.0,1774.0,-176.0,1857.0,51407.0,9.0,12.5,36.0,0.8,-3.5,36.8,93.0,,,,,,,
"bonner county, id",,,,,,,,,,,,,,,,,22144.0,21296.0,89.3,64860.0,848.0,3.8,
bonneville county,1799.0,1122.0,813.0,1671.0,1.0,1479.0,677.0,814.0,129543.0,14.0,8.7,6.3,0.0,5.3,6.3,-12.0,,,,,,,
"bonneville county, id",,,,,,,,,,,,,,,,,63378.0,61809.0,102.6,74505.0,1569.0,2.5,
boone county,406.0,583.0,568.0,445.0,-4.0,386.0,-177.0,564.0,38280.0,10.7,15.3,14.9,-0.1,-4.6,14.8,-1.0,,,,,,,
"boone county, ar",,,,,,,,,,,,,,,,,15719.0,15278.0,95.5,53025.0,441.0,2.8,
"boone county, ia",,,,,,,,,,,,,,,,,14840.0,14494.0,107.4,74896.0,346.0,2.3,
"boone county, il",,,,,,,,,,,,,,,,,24845.0,23183.0,109.1,83695.0,1662.0,6.7,
"boone county, in",,,,,,,,,,,,,,,,,37946.0,37162.0,154.0,102805.0,784.0,2.1,
"boone county, ky",,,,,,,,,,,,,,,,,71775.0,69447.0,152.4,90265.0,2328.0,3.2,
"boone county, mo",,,,,,,,,,,,,,,,,99229.0,97207.0,98.8,63981.0,2022.0,2.0,
"boone county, ne",,,,,,,,,,,,,,,,,3006.0,2955.0,98.1,68533.0,51.0,1.7,
"boone county, wv",,,,,,,,,,,,,,,,,7164.0,6846.0,86.0,46508.0,318.0,4.4,
borden county,5.0,8.0,-34.0,0.0,0.0,-38.0,-3.0,-34.0,580.0,8.3,13.4,-56.8,0.0,-5.0,-56.8,-1.0,,,,,,,
"borden county, tx",,,,,,,,,,,,,,,,,676.0,663.0,104.0,75186.0,13.0,1.9,
bosque county,197.0,304.0,288.0,211.0,17.0,208.0,-107.0,305.0,18707.0,10.6,16.3,15.5,0.9,-5.8,16.4,10.0,,,,,,,
"bosque county, tx",,,,,,,,,,,,,,,,,8736.0,8410.0,84.5,61048.0,326.0,3.7,
bossier parish,1572.0,1369.0,-662.0,2124.0,306.0,-170.0,203.0,-356.0,129153.0,12.2,10.6,-5.1,2.4,1.6,-2.8,-17.0,,,,,,,
"bossier parish, la",,,,,,,,,,,,,,,,,57717.0,55986.0,115.1,63812.0,1731.0,3.0,
botetourt county,263.0,483.0,315.0,384.0,12.0,102.0,-220.0,327.0,34100.0,7.7,14.2,9.3,0.4,-6.5,9.6,-5.0,,,,,,,
"botetourt county, va",,,,,,,,,,,,,,,,,17646.0,17214.0,94.5,81122.0,432.0,2.4,
bottineau county,75.0,68.0,-75.0,189.0,4.0,-64.0,7.0,-71.0,6384.0,11.7,10.6,-11.7,0.6,1.1,-11.1,0.0,,,,,,,
"bottineau county, nd",,,,,,,,,,,,,,,,,2995.0,2909.0,94.7,69351.0,86.0,2.9,
boulder county,2478.0,2270.0,-538.0,14534.0,819.0,255.0,208.0,281.0,327339.0,7.6,6.9,-1.6,2.5,0.6,0.9,-234.0,,,,,,,
"boulder county, co",,,,,,,,,,,,,,,,,200348.0,195221.0,108.4,96584.0,5127.0,2.6,
boundary county,149.0,177.0,630.0,119.0,25.0,652.0,-28.0,655.0,13272.0,11.5,13.7,48.7,1.9,-2.2,50.6,25.0,,,,,,,
"boundary county, id",,,,,,,,,,,,,,,,,5555.0,5328.0,86.5,62801.0,227.0,4.1,
bourbon county,194.0,223.0,148.0,385.0,-1.0,117.0,-29.0,147.0,14443.0,13.5,15.5,10.3,-0.1,-2.0,10.2,-1.0,,,,,,,
"bourbon county, ks",,,,,,,,,,,,,,,,,6255.0,6039.0,65.3,44954.0,216.0,3.5,
"bourbon county, ky",,,,,,,,,,,,,,,,,9546.0,9202.0,96.0,56879.0,344.0,3.6,
bowie county,1074.0,1356.0,-355.0,5029.0,82.0,-570.0,-282.0,-273.0,91712.0,11.7,14.7,-3.9,0.9,-3.1,-3.0,-15.0,,,,,,,
"bowie county, tx",,,,,,,,,,,,,,,,,38528.0,36726.0,72.6,52460.0,1802.0,4.7,
bowman county,37.0,39.0,2.0,45.0,1.0,-1.0,-2.0,3.0,2899.0,12.8,13.5,0.7,0.3,-0.7,1.0,-2.0,,,,,,,
"bowman county, nd",,,,,,,,,,,,,,,,,1556.0,1531.0,102.9,75386.0,25.0,1.6,
box butte county,110.0,134.0,15.0,129.0,36.0,20.0,-24.0,51.0,10683.0,10.3,12.6,1.4,3.4,-2.2,4.8,-7.0,,,,,,,
"box butte county, ne",,,,,,,,,,,,,,,,,5319.0,5202.0,95.6,66762.0,117.0,2.2,
box elder county,836.0,515.0,1461.0,320.0,19.0,1838.0,321.0,1480.0,61523.0,13.8,8.5,24.1,0.3,5.3,24.4,37.0,,,,,,,
"box elder county, ut",,,,,,,,,,,,,,,,,27627.0,26991.0,89.7,79450.0,636.0,2.3,
boyd county,525.0,834.0,597.0,2444.0,-1.0,302.0,-309.0,596.0,48059.0,11.0,17.4,12.5,0.0,-6.4,12.4,15.0,,,,,,,
"boyd county, ky",,,,,,,,,,,,,,,,,17134.0,16232.0,93.5,55397.0,902.0,5.3,
"boyd county, ne",,,,,,,,,,,,,,,,,1030.0,1008.0,78.0,54443.0,22.0,2.1,
boyle county,309.0,437.0,361.0,2907.0,11.0,247.0,-128.0,372.0,30851.0,10.1,14.2,11.7,0.4,-4.2,12.1,3.0,,,,,,,
"boyle county, ky",,,,,,,,,,,,,,,,,12664.0,12150.0,97.9,57975.0,514.0,4.1,
bracken county,91.0,129.0,36.0,27.0,2.0,-5.0,-38.0,38.0,8435.0,10.8,15.3,4.3,0.2,-4.5,4.5,-5.0,,,,,,,
"bracken county, ky",,,,,,,,,,,,,,,,,3768.0,3603.0,98.4,58301.0,165.0,4.4,
bradford county,306.0,392.0,-718.0,2621.0,-7.0,-754.0,-86.0,-725.0,27296.0,11.1,14.2,-25.9,-0.3,-3.1,-26.2,57.0,,,,,,,
"bradford county, fl",,,,,,,,,,,,,,,,,10954.0,10597.0,83.2,57664.0,357.0,3.3,
"bradford county, pa",,,,,,,,,,,,,,,,,28122.0,27014.0,88.5,63529.0,1108.0,3.9,
bradley county,118.0,163.0,-127.0,207.0,-4.0,-175.0,-45.0,-131.0,10168.0,11.5,15.9,-12.4,-0.4,-4.4,-12.8,1.0,,,,,,,
"bradley county, ar",,,,,,,,,,,,,,,,,4059.0,3863.0,81.0,44982.0,196.0,4.8,
"bradley county, tn",,,,,,,,,,,,,,,,,50472.0,48652.0,96.1,62666.0,1820.0,3.6,
branch county,562.0,571.0,-862.0,1245.0,114.0,-713.0,-9.0,-748.0,44502.0,12.5,12.7,-19.2,2.5,-0.2,-16.7,44.0,,,,,,,
"branch county, mi",,,,,,,,,,,,,,,,,19704.0,18912.0,95.1,63634.0,792.0,4.0,
brantley county,211.0,275.0,138.0,59.0,23.0,91.0,-64.0,161.0,18210.0,11.6,15.1,7.6,1.3,-3.5,8.9,-6.0,,,,,,,
"brantley county, ga",,,,,,,,,,,,,,,,,7388.0,7124.0,69.2,50370.0,264.0,3.6,
braxton county,102.0,214.0,-5.0,436.0,0.0,-126.0,-112.0,-5.0,12170.0,8.3,17.5,-0.4,0.0,-9.2,-0.4,-9.0,,,,,,,
"braxton county, wv",,,,,,,,,,,,,,,,,5076.0,4771.0,80.1,43328.0,305.0,6.0,
brazoria county,4781.0,3392.0,6761.0,9280.0,837.0,9113.0,1389.0,7598.0,388234.0,12.5,8.8,17.6,2.2,3.6,19.8,126.0,,,,,,,
"brazoria county, tx",,,,,,,,,,,,,,,,,184653.0,176191.0,119.3,86197.0,8462.0,4.6,
brazos county,2819.0,1405.0,2097.0,20878.0,887.0,4319.0,1414.0,2984.0,241931.0,11.8,5.9,8.7,3.7,5.9,12.4,-79.0,,,,,,,
"brazos county, tx",,,,,,,,,,,,,,,,,128688.0,124664.0,83.5,60355.0,4024.0,3.1,
breathitt county,140.0,269.0,-57.0,272.0,1.0,-188.0,-129.0,-56.0,13358.0,10.4,20.0,-4.2,0.1,-9.6,-4.2,-3.0,,,,,,,
"breathitt county, ky",,,,,,,,,,,,,,,,,3180.0,2940.0,61.3,36300.0,240.0,7.5,
breckinridge county,246.0,352.0,372.0,294.0,2.0,274.0,-106.0,374.0,20961.0,11.8,16.9,17.9,0.1,-5.1,18.0,6.0,,,,,,,
"breckinridge county, ky",,,,,,,,,,,,,,,,,7896.0,7523.0,88.4,52400.0,373.0,4.7,
bremer county,247.0,265.0,131.0,1571.0,40.0,136.0,-18.0,171.0,25254.0,9.8,10.5,5.2,1.6,-0.7,6.8,-17.0,,,,,,,
"bremer county, ia",,,,,,,,,,,,,,,,,13930.0,13598.0,120.2,83797.0,332.0,2.4,
brevard county,5173.0,9349.0,15452.0,8537.0,913.0,12807.0,-4176.0,16365.0,630707.0,8.3,15.0,24.8,1.5,-6.7,26.2,618.0,,,,,,,
"brevard county, fl",,,,,,,,,,,,,,,,,296446.0,287747.0,108.1,74899.0,8699.0,2.9,
brewster county,85.0,110.0,-145.0,505.0,39.0,-129.0,-25.0,-106.0,9344.0,9.0,11.7,-15.4,4.1,-2.7,-11.3,2.0,,,,,,,
"brewster county, tx",,,,,,,,,,,,,,,,,4218.0,4072.0,72.5,52388.0,146.0,3.5,
briscoe county,10.0,16.0,44.0,0.0,0.0,39.0,-6.0,44.0,1439.0,7.0,11.3,31.0,0.0,-4.2,31.0,1.0,,,,,,,
"briscoe county, tx",,,,,,,,,,,,,,,,,603.0,581.0,73.6,53208.0,22.0,3.6,
bristol bay borough,11.0,11.0,18.0,27.0,8.0,28.0,0.0,26.0,870.0,12.9,12.9,21.0,9.3,0.0,30.4,2.0,,,,,,,
"bristol bay borough, ak",,,,,,,,,,,,,,,,,417.0,399.0,109.4,96382.0,18.0,4.3,
bristol city,182.0,313.0,19.0,296.0,-3.0,-125.0,-131.0,16.0,16940.0,10.7,18.4,1.1,-0.2,-7.7,0.9,-10.0,,,,,,,
"bristol city, va",,,,,,,,,,,,,,,,,7555.0,7307.0,50.2,43123.0,248.0,3.3,
bristol county,5716.0,6247.0,-997.0,12883.0,1793.0,-12.0,-531.0,796.0,579744.0,9.9,10.8,-1.7,3.1,-0.9,1.4,-277.0,,,,,,,
"bristol county, ma",,,,,,,,,,,,,,,,,298713.0,285189.0,85.4,80702.0,13524.0,4.5,
"bristol county, ri",,,,,,,,,,,,,,,,,26609.0,25922.0,125.1,101158.0,687.0,2.6,
broadwater county,84.0,95.0,434.0,63.0,4.0,448.0,-11.0,438.0,7771.0,11.1,12.6,57.5,0.5,-1.5,58.0,21.0,,,,,,,
"broadwater county, mt",,,,,,,,,,,,,,,,,2758.0,2662.0,100.0,67927.0,96.0,3.5,
bronx county,16893.0,11243.0,-61394.0,53512.0,10618.0,-42276.0,5650.0,-50776.0,1381808.0,12.0,8.0,-43.8,7.6,4.0,-36.2,2850.0,,,,,,,
"bronx county, ny",,,,,,,,,,,,,,,,,603376.0,555806.0,57.7,45864.0,47570.0,7.9,
brooke county,156.0,438.0,-114.0,698.0,26.0,-374.0,-282.0,-88.0,21694.0,7.1,20.0,-5.2,1.2,-12.9,-4.0,-4.0,,,,,,,
"brooke county, wv",,,,,,,,,,,,,,,,,9679.0,9233.0,113.8,61551.0,446.0,4.6,
brookings county,383.0,222.0,308.0,3207.0,334.0,795.0,161.0,642.0,35491.0,10.9,6.3,8.8,9.5,4.6,18.3,-8.0,,,,,,,
"brookings county, sd",,,,,,,,,,,,,,,,,19103.0,18717.0,100.8,71166.0,386.0,2.0,
brooks county,176.0,240.0,43.0,417.0,36.0,8.0,-64.0,79.0,16284.0,10.8,14.7,2.6,2.2,-3.9,4.9,-7.0,,,,,,,
"brooks county, ga",,,,,,,,,,,,,,,,,6651.0,6435.0,59.6,43353.0,216.0,3.2,
"brooks county, tx",,,,,,,,,,,,,,,,,2375.0,2231.0,48.9,35359.0,144.0,6.1,
broome county,1869.0,2450.0,-1157.0,13083.0,482.0,-1304.0,-581.0,-675.0,197258.0,9.4,12.4,-5.8,2.4,-2.9,-3.4,-48.0,,,,,,,
"broome county, ny",,,,,,,,,,,,,,,,,82021.0,78855.0,76.2,60533.0,3166.0,3.9,
broomfield county,651.0,469.0,482.0,456.0,126.0,784.0,182.0,608.0,76195.0,8.6,6.2,6.4,1.7,2.4,8.0,-6.0,,,,,,,
"broomfield county/city, co",,,,,,,,,,,,,,,,,42376.0,41261.0,128.8,114746.0,1115.0,2.6,
broward county,20964.0,18740.0,-7209.0,15759.0,17333.0,11314.0,2224.0,10124.0,1946889.0,10.8,9.7,-3.7,8.9,1.1,5.2,-1034.0,,,,,,,
"broward county, fl",,,,,,,,,,,,,,,,,1059496.0,1028099.0,102.2,70834.0,31397.0,3.0,
brown county,57.0,67.0,-111.0,1721.0,0.0,-116.0,-10.0,-111.0,6316.0,8.9,10.5,-17.4,0.0,-1.6,-17.4,5.0,,,,,,,
"brown county, il",,,,,,,,,,,,,,,,,3058.0,2986.0,101.7,78081.0,72.0,2.4,
"brown county, in",,,,,,,,,,,,,,,,,7850.0,7572.0,111.1,74161.0,278.0,3.5,
"brown county, ks",,,,,,,,,,,,,,,,,5059.0,4941.0,81.9,56391.0,118.0,2.3,
"brown county, mn",,,,,,,,,,,,,,,,,13852.0,13496.0,77.8,64093.0,356.0,2.6,
"brown county, ne",,,,,,,,,,,,,,,,,1424.0,1390.0,79.3,55394.0,34.0,2.4,
"brown county, oh",,,,,,,,,,,,,,,,,19466.0,18587.0,97.3,64034.0,879.0,4.5,
"brown county, sd",,,,,,,,,,,,,,,,,20088.0,19647.0,101.6,71731.0,441.0,2.2,
"brown county, tx",,,,,,,,,,,,,,,,,15336.0,14663.0,74.0,53455.0,673.0,4.4,
"brown county, wi",,,,,,,,,,,,,,,,,140668.0,136985.0,101.9,72398.0,3683.0,2.6,
brule county,61.0,51.0,40.0,421.0,9.0,58.0,10.0,49.0,5301.0,11.6,9.7,7.6,1.7,1.9,9.3,-1.0,,,,,,,
"brule county, sd",,,,,,,,,,,,,,,,,2664.0,2620.0,85.2,60133.0,44.0,1.7,
brunswick county,1139.0,2102.0,8446.0,941.0,22.0,8065.0,-963.0,8468.0,152908.0,7.7,14.1,56.7,0.1,-6.5,56.9,560.0,,,,,,,
"brunswick county, nc",,,,,,,,,,,,,,,,,57142.0,54444.0,108.9,73536.0,2698.0,4.7,
"brunswick county, va",,,,,,,,,,,,,,,,,5840.0,5580.0,57.2,49080.0,260.0,4.5,
bryan county,611.0,372.0,966.0,179.0,30.0,1244.0,239.0,996.0,48218.0,12.8,7.8,20.3,0.6,5.0,20.9,9.0,,,,,,,
"bryan county, ga",,,,,,,,,,,,,,,,,20117.0,19579.0,127.9,93057.0,538.0,2.7,
"bryan county, ok",,,,,,,,,,,,,,,,,23261.0,22618.0,90.2,53782.0,643.0,2.8,
buchanan county,250.0,233.0,-59.0,143.0,33.0,-14.0,17.0,-26.0,20689.0,12.1,11.3,-2.9,1.6,0.8,-1.3,-5.0,,,,,,,
"buchanan county, ia",,,,,,,,,,,,,,,,,11250.0,10927.0,101.1,70498.0,323.0,2.9,
"buchanan county, mo",,,,,,,,,,,,,,,,,41786.0,40747.0,87.6,56751.0,1039.0,2.5,
"buchanan county, va",,,,,,,,,,,,,,,,,6305.0,6016.0,46.2,39652.0,289.0,4.6,
buckingham county,134.0,225.0,127.0,2212.0,2.0,38.0,-91.0,129.0,16988.0,7.9,13.3,7.5,0.1,-5.4,7.6,0.0,,,,,,,
"buckingham county, va",,,,,,,,,,,,,,,,,6436.0,6189.0,65.2,55965.0,247.0,3.8,
bucks county,5692.0,6863.0,-1276.0,8894.0,827.0,-1840.0,-1171.0,-449.0,645557.0,8.8,10.6,-2.0,1.3,-1.8,-0.7,-220.0,,,,,,,
"bucks county, pa",,,,,,,,,,,,,,,,,350406.0,337962.0,146.5,105202.0,12444.0,3.6,
buena vista city,80.0,112.0,-11.0,568.0,-6.0,-53.0,-32.0,-17.0,6569.0,12.1,17.0,-1.7,-0.9,-4.9,-2.6,-4.0,,,,,,,
"buena vista city, va",,,,,,,,,,,,,,,,,3220.0,3129.0,59.4,51030.0,91.0,2.8,
buena vista county,298.0,188.0,-415.0,821.0,149.0,-146.0,110.0,-266.0,20644.0,14.4,9.1,-20.0,7.2,5.3,-12.8,10.0,,,,,,,
"buena vista county, ia",,,,,,,,,,,,,,,,,11905.0,11621.0,96.9,67552.0,284.0,2.4,
buffalo county,607.0,445.0,62.0,2395.0,34.0,232.0,162.0,96.0,50532.0,12.0,8.8,1.2,0.7,3.2,1.9,-26.0,,,,,,,
"buffalo county, ne",,,,,,,,,,,,,,,,,28257.0,27741.0,97.1,67809.0,516.0,1.8,
"buffalo county, sd",,,,,,,,,,,,,,,,,724.0,692.0,43.4,30659.0,32.0,4.4,
"buffalo county, wi",,,,,,,,,,,,,,,,,6191.0,5951.0,90.0,63969.0,240.0,3.9,
bullitt county,769.0,908.0,801.0,136.0,58.0,701.0,-139.0,859.0,83774.0,9.2,10.9,9.6,0.7,-1.7,10.3,-19.0,,,,,,,
"bullitt county, ky",,,,,,,,,,,,,,,,,42782.0,40998.0,130.3,77192.0,1784.0,4.2,
bulloch county,875.0,757.0,2085.0,6121.0,54.0,2367.0,118.0,2139.0,83038.0,10.7,9.2,25.5,0.7,1.4,26.1,110.0,,,,,,,
"bulloch county, ga",,,,,,,,,,,,,,,,,38395.0,37053.0,68.0,49471.0,1342.0,3.5,
bullock county,103.0,138.0,32.0,1648.0,5.0,0.0,-35.0,37.0,10143.0,10.2,13.6,3.2,0.5,-3.5,3.6,-2.0,,,,,,,
"bullock county, al",,,,,,,,,,,,,,,,,4541.0,4416.0,60.0,35798.0,125.0,2.8,
buncombe county,2445.0,3187.0,2111.0,7915.0,465.0,1845.0,-742.0,2576.0,273790.0,9.0,11.7,7.7,1.7,-2.7,9.4,11.0,,,,,,,
"buncombe county, nc",,,,,,,,,,,,,,,,,142267.0,138014.0,100.6,67906.0,4253.0,3.0,
bureau county,326.0,451.0,3.0,416.0,8.0,-132.0,-125.0,11.0,32827.0,9.9,13.7,0.1,0.2,-3.8,0.3,-18.0,,,,,,,
"bureau county, il",,,,,,,,,,,,,,,,,16074.0,15327.0,82.1,63042.0,747.0,4.6,
burke county,283.0,306.0,102.0,222.0,3.0,72.0,-23.0,105.0,24434.0,11.6,12.5,4.2,0.1,-0.9,4.3,-10.0,,,,,,,
"burke county, ga",,,,,,,,,,,,,,,,,8999.0,8516.0,68.0,49431.0,483.0,5.4,
"burke county, nc",,,,,,,,,,,,,,,,,40681.0,39260.0,89.8,60629.0,1421.0,3.5,
"burke county, nd",,,,,,,,,,,,,,,,,1048.0,1028.0,103.7,75931.0,20.0,1.9,
burleigh county,1171.0,899.0,40.0,3963.0,178.0,431.0,272.0,218.0,99396.0,11.8,9.1,0.4,1.8,2.7,2.2,-59.0,,,,,,,
"burleigh county, nd",,,,,,,,,,,,,,,,,52147.0,51178.0,113.5,83111.0,969.0,1.9,
burleson county,209.0,298.0,573.0,143.0,69.0,581.0,-89.0,642.0,18690.0,11.4,16.2,31.1,3.8,-4.8,34.9,28.0,,,,,,,
"burleson county, tx",,,,,,,,,,,,,,,,,8869.0,8547.0,85.9,62095.0,322.0,3.6,
burlington county,4730.0,4541.0,1116.0,10896.0,641.0,1622.0,189.0,1757.0,466101.0,10.2,9.8,2.4,1.4,0.4,3.8,-324.0,,,,,,,
"burlington county, nj",,,,,,,,,,,,,,,,,246708.0,238085.0,104.0,100188.0,8623.0,3.5,
burnet county,519.0,688.0,1513.0,1035.0,1.0,1421.0,-169.0,1514.0,52567.0,10.0,13.3,29.2,0.0,-3.3,29.2,76.0,,,,,,,
"burnet county, tx",,,,,,,,,,,,,,,,,25625.0,24856.0,103.6,74897.0,769.0,3.0,
burnett county,94.0,232.0,355.0,165.0,4.0,233.0,-138.0,359.0,16988.0,5.6,13.8,21.0,0.2,-8.2,21.3,12.0,,,,,,,
"burnett county, wi",,,,,,,,,,,,,,,,,7251.0,6915.0,80.8,57438.0,336.0,4.6,
burt county,64.0,88.0,83.0,79.0,1.0,61.0,-24.0,84.0,6770.0,9.5,13.1,12.3,0.1,-3.6,12.5,1.0,,,,,,,
"burt county, ne",,,,,,,,,,,,,,,,,3569.0,3491.0,83.2,58125.0,78.0,2.2,
butler county,207.0,312.0,-117.0,285.0,6.0,-222.0,-105.0,-111.0,18668.0,11.0,16.6,-6.2,0.3,-5.6,-5.9,-6.0,,,,,,,
"butler county, al",,,,,,,,,,,,,,,,,8811.0,8518.0,70.1,41852.0,293.0,3.3,
"butler county, ia",,,,,,,,,,,,,,,,,8189.0,7954.0,96.4,67233.0,235.0,2.9,
"butler county, ks",,,,,,,,,,,,,,,,,32661.0,31763.0,116.5,80214.0,898.0,2.7,
"butler county, ky",,,,,,,,,,,,,,,,,4947.0,4738.0,85.8,50824.0,209.0,4.2,
"butler county, mo",,,,,,,,,,,,,,,,,17707.0,17165.0,69.2,44853.0,542.0,3.1,
"butler county, ne",,,,,,,,,,,,,,,,,4706.0,4626.0,109.4,76417.0,80.0,1.7,
"butler county, oh",,,,,,,,,,,,,,,,,196838.0,189835.0,113.8,74841.0,7003.0,3.6,
"butler county, pa",,,,,,,,,,,,,,,,,98291.0,94455.0,113.5,81507.0,3836.0,3.9,
butte county,2016.0,2500.0,1289.0,4823.0,198.0,1033.0,-484.0,1487.0,207369.0,9.7,12.1,6.2,1.0,-2.3,7.2,30.0,,,,,,,
"butte county, ca",,,,,,,,,,,,,,,,,91513.0,87374.0,69.2,63353.0,4139.0,4.5,
"butte county, id",,,,,,,,,,,,,,,,,1168.0,1123.0,78.6,57085.0,45.0,3.9,
"butte county, sd",,,,,,,,,,,,,,,,,5054.0,4959.0,91.4,64528.0,95.0,1.9,
butts county,280.0,364.0,614.0,3137.0,21.0,581.0,-84.0,635.0,26745.0,10.6,13.8,23.2,0.8,-3.2,24.0,30.0,,,,,,,
"butts county, ga",,,,,,,,,,,,,,,,,11307.0,10983.0,85.6,62231.0,324.0,2.9,
cabarrus county,2726.0,2045.0,3125.0,1776.0,314.0,4121.0,681.0,3439.0,235909.0,11.7,8.7,13.4,1.3,2.9,14.7,1.0,,,,,,,
"cabarrus county, nc",,,,,,,,,,,,,,,,,116084.0,112114.0,118.0,79649.0,3970.0,3.4,
cabell county,893.0,1629.0,-218.0,4503.0,81.0,-923.0,-736.0,-137.0,92485.0,9.6,17.5,-2.3,0.9,-7.9,-1.5,-50.0,,,,,,,
"cabell county, wv",,,,,,,,,,,,,,,,,40923.0,39463.0,94.3,51017.0,1460.0,3.6,
cabo rojo municipio,,,,,,,,,46692.0,,,,,,,,,,,,,,
"cabo rojo municipio, pr",,,,,,,,,,,,,,,,,15113.0,14118.0,,,995.0,6.6,
cache county,2108.0,772.0,1184.0,4194.0,175.0,2687.0,1336.0,1359.0,140145.0,15.2,5.6,8.5,1.3,9.6,9.8,-8.0,,,,,,,
"cache county, ut",,,,,,,,,,,,,,,,,70880.0,69424.0,86.6,76631.0,1456.0,2.1,
caddo county,307.0,452.0,-122.0,3621.0,50.0,-224.0,-145.0,-72.0,26237.0,11.7,17.2,-4.6,1.9,-5.5,-2.7,-7.0,,,,,,,
"caddo county, ok",,,,,,,,,,,,,,,,,11926.0,11533.0,85.6,51071.0,393.0,3.3,
caddo parish,2744.0,3343.0,-3278.0,4052.0,123.0,-3724.0,-599.0,-3155.0,228934.0,11.9,14.5,-14.2,0.5,-2.6,-13.7,30.0,,,,,,,
"caddo parish, la",,,,,,,,,,,,,,,,,101200.0,97072.0,86.0,47699.0,4128.0,4.1,
caguas municipio,,,,,,,,,125076.0,,,,,,,,,,,,,,
"caguas municipio, pr",,,,,,,,,,,,,,,,,51855.0,49343.0,,,2512.0,4.8,
calaveras county,388.0,610.0,496.0,398.0,15.0,307.0,-222.0,511.0,46556.0,8.4,13.1,10.7,0.3,-4.8,11.0,18.0,,,,,,,
"calaveras county, ca",,,,,,,,,,,,,,,,,22093.0,21275.0,80.0,73175.0,818.0,3.7,
calcasieu parish,2523.0,2399.0,-3130.0,2597.0,341.0,-2626.0,124.0,-2789.0,202288.0,12.4,11.8,-15.4,1.7,0.6,-13.7,39.0,,,,,,,
"calcasieu parish, la",,,,,,,,,,,,,,,,,91860.0,88640.0,111.4,61797.0,3220.0,3.5,
caldwell county,160.0,201.0,-16.0,216.0,-7.0,-70.0,-41.0,-23.0,12608.0,12.7,15.9,-1.3,-0.6,-3.2,-1.8,-6.0,,,,,,,
"caldwell county, ky",,,,,,,,,,,,,,,,,5974.0,5762.0,87.0,51553.0,212.0,3.5,
"caldwell county, mo",,,,,,,,,,,,,,,,,4215.0,4095.0,87.5,56660.0,120.0,2.8,
"caldwell county, nc",,,,,,,,,,,,,,,,,36235.0,34920.0,79.4,53586.0,1315.0,3.6,
"caldwell county, tx",,,,,,,,,,,,,,,,,21303.0,20557.0,84.2,60833.0,746.0,3.5,
caldwell parish,87.0,158.0,-11.0,708.0,1.0,-83.0,-71.0,-10.0,9493.0,9.1,16.6,-1.2,0.1,-7.4,-1.0,-2.0,,,,,,,
"caldwell parish, la",,,,,,,,,,,,,,,,,3661.0,3522.0,83.8,46464.0,139.0,3.8,
caledonia county,260.0,409.0,278.0,1059.0,7.0,130.0,-149.0,285.0,30587.0,8.5,13.4,9.1,0.2,-4.9,9.3,-6.0,,,,,,,
"caledonia county, vt",,,,,,,,,,,,,,,,,14705.0,14301.0,82.6,61554.0,404.0,2.7,
calhoun county,1334.0,1852.0,635.0,5749.0,22.0,102.0,-518.0,657.0,115780.0,11.5,16.0,5.5,0.2,-4.5,5.7,-37.0,,,,,,,
"calhoun county, al",,,,,,,,,,,,,,,,,45733.0,44371.0,88.4,52772.0,1362.0,3.0,
"calhoun county, ar",,,,,,,,,,,,,,,,,2345.0,2274.0,94.6,52535.0,71.0,3.0,
"calhoun county, fl",,,,,,,,,,,,,,,,,4803.0,4640.0,67.5,46766.0,163.0,3.4,
"calhoun county, ga",,,,,,,,,,,,,,,,,2235.0,2163.0,54.6,39681.0,72.0,3.2,
"calhoun county, ia",,,,,,,,,,,,,,,,,4147.0,4038.0,92.7,64634.0,109.0,2.6,
"calhoun county, il",,,,,,,,,,,,,,,,,2168.0,2078.0,89.3,68525.0,90.0,4.2,
"calhoun county, mi",,,,,,,,,,,,,,,,,60320.0,57498.0,89.1,59652.0,2822.0,4.7,
"calhoun county, ms",,,,,,,,,,,,,,,,,5374.0,5157.0,83.7,44172.0,217.0,4.0,
"calhoun county, sc",,,,,,,,,,,,,,,,,6451.0,6227.0,86.6,55642.0,224.0,3.5,
"calhoun county, tx",,,,,,,,,,,,,,,,,12298.0,11842.0,86.8,62742.0,456.0,3.7,
"calhoun county, wv",,,,,,,,,,,,,,,,,2461.0,2261.0,80.6,43589.0,200.0,8.1,
callahan county,139.0,232.0,238.0,80.0,3.0,149.0,-93.0,241.0,14247.0,9.8,16.4,16.8,0.2,-6.6,17.0,1.0,,,,,,,
"callahan county, tx",,,,,,,,,,,,,,,,,6281.0,6054.0,88.3,63836.0,227.0,3.6,
callaway county,458.0,517.0,162.0,3386.0,6.0,83.0,-59.0,168.0,44723.0,10.3,11.6,3.6,0.1,-1.3,3.8,-26.0,,,,,,,
"callaway county, mo",,,,,,,,,,,,,,,,,21406.0,20897.0,111.8,72398.0,509.0,2.4,
calloway county,360.0,522.0,351.0,3483.0,20.0,197.0,-162.0,371.0,38093.0,9.5,13.7,9.2,0.5,-4.3,9.8,-12.0,,,,,,,
"calloway county, ky",,,,,,,,,,,,,,,,,17340.0,16633.0,87.7,51949.0,707.0,4.1,
calumet county,467.0,419.0,87.0,166.0,25.0,129.0,48.0,112.0,52712.0,8.9,8.0,1.7,0.5,0.9,2.1,-31.0,,,,,,,
"calumet county, wi",,,,,,,,,,,,,,,,,27668.0,27029.0,120.5,85589.0,639.0,2.3,
calvert county,979.0,866.0,218.0,582.0,57.0,326.0,113.0,275.0,94559.0,10.4,9.2,2.3,0.6,1.2,2.9,-62.0,,,,,,,
"calvert county, md",,,,,,,,,,,,,,,,,48864.0,47524.0,124.4,118110.0,1340.0,2.7,
camas county,11.0,6.0,25.0,0.0,1.0,32.0,5.0,26.0,1169.0,9.5,5.2,21.7,0.9,4.3,22.5,1.0,,,,,,,
"camas county, id",,,,,,,,,,,,,,,,,552.0,533.0,100.9,73311.0,19.0,3.4,
cambria county,1132.0,2058.0,168.0,6210.0,37.0,-808.0,-926.0,205.0,131429.0,8.6,15.6,1.3,0.3,-7.0,1.6,-87.0,,,,,,,
"cambria county, pa",,,,,,,,,,,,,,,,,55396.0,52625.0,76.1,54612.0,2771.0,5.0,
camden county,732.0,529.0,961.0,2257.0,14.0,1185.0,203.0,975.0,56971.0,13.0,9.4,17.0,0.2,3.6,17.3,7.0,,,,,,,
"camden county, ga",,,,,,,,,,,,,,,,,21813.0,21139.0,93.0,67628.0,674.0,3.1,
"camden county, mo",,,,,,,,,,,,,,,,,18983.0,18365.0,98.3,63703.0,618.0,3.3,
"camden county, nc",,,,,,,,,,,,,,,,,4694.0,4514.0,122.4,82620.0,180.0,3.8,
"camden county, nj",,,,,,,,,,,,,,,,,269575.0,258219.0,84.5,81372.0,11356.0,4.2,
cameron county,27.0,80.0,1.0,26.0,1.0,-52.0,-53.0,2.0,4406.0,6.1,18.1,0.2,0.2,-12.0,0.5,-1.0,,,,,,,
"cameron county, pa",,,,,,,,,,,,,,,,,1935.0,1832.0,70.1,50338.0,103.0,5.3,
"cameron county, tx",,,,,,,,,,,,,,,,,177980.0,167764.0,68.6,49583.0,10216.0,5.7,
cameron parish,63.0,52.0,-213.0,22.0,-2.0,-198.0,11.0,-215.0,4896.0,12.6,10.4,-42.6,-0.4,2.2,-43.0,6.0,,,,,,,
"cameron parish, la",,,,,,,,,,,,,,,,,3410.0,3314.0,114.3,63413.0,96.0,2.8,
camp county,204.0,233.0,127.0,46.0,23.0,119.0,-29.0,150.0,12721.0,16.1,18.4,10.0,1.8,-2.3,11.8,-2.0,,,,,,,
"camp county, tx",,,,,,,,,,,,,,,,,5158.0,4926.0,73.2,52919.0,232.0,4.5,
campbell county,995.0,976.0,416.0,2383.0,23.0,444.0,19.0,439.0,93272.0,10.7,10.5,4.5,0.2,0.2,4.7,-14.0,,,,,,,
"campbell county, ky",,,,,,,,,,,,,,,,,50439.0,48704.0,125.2,74149.0,1735.0,3.4,
"campbell county, sd",,,,,,,,,,,,,,,,,774.0,754.0,92.9,65591.0,20.0,2.6,
"campbell county, tn",,,,,,,,,,,,,,,,,15007.0,14385.0,67.9,44268.0,622.0,4.1,
"campbell county, va",,,,,,,,,,,,,,,,,25701.0,24923.0,74.0,63516.0,778.0,3.0,
"campbell county, wy",,,,,,,,,,,,,,,,,22921.0,22145.0,126.1,89870.0,776.0,3.4,
camuy municipio,,,,,,,,,32601.0,,,,,,,,,,,,,,
"camuy municipio, pr",,,,,,,,,,,,,,,,,10510.0,9785.0,,,725.0,6.9,
canadian county,1990.0,1382.0,6285.0,2293.0,89.0,7255.0,608.0,6374.0,169254.0,12.0,8.3,37.9,0.5,3.7,38.5,273.0,,,,,,,
"canadian county, ok",,,,,,,,,,,,,,,,,81247.0,79164.0,137.1,81761.0,2083.0,2.6,
candler county,148.0,211.0,87.0,258.0,-2.0,15.0,-63.0,85.0,10962.0,13.5,19.3,7.9,-0.2,-5.8,7.8,-7.0,,,,,,,
"candler county, ga",,,,,,,,,,,,,,,,,6027.0,5876.0,61.2,44493.0,151.0,2.5,
cannon county,185.0,220.0,289.0,94.0,3.0,270.0,-35.0,292.0,14807.0,12.6,15.0,19.7,0.2,-2.4,19.9,13.0,,,,,,,
"cannon county, tn",,,,,,,,,,,,,,,,,6882.0,6673.0,96.8,63155.0,209.0,3.0,
"canovanas municipio, pr",,,,,,,,,,,,,,,,,17699.0,16865.0,,,834.0,4.7,
canyon county,3326.0,2270.0,5653.0,3233.0,209.0,7182.0,1056.0,5862.0,250892.0,13.4,9.2,22.9,0.8,4.3,23.7,264.0,,,,,,,
"canyon county, id",,,,,,,,,,,,,,,,,114743.0,111203.0,97.2,70594.0,3540.0,3.1,
canóvanas municipio,,,,,,,,,41615.0,,,,,,,,,,,,,,
cape girardeau county,898.0,948.0,752.0,4280.0,115.0,799.0,-50.0,867.0,82931.0,10.9,11.5,9.1,1.4,-0.6,10.5,-18.0,,,,,,,
"cape girardeau county, mo",,,,,,,,,,,,,,,,,39967.0,39042.0,99.0,64118.0,925.0,2.3,
cape may county,743.0,1458.0,435.0,1490.0,17.0,-301.0,-715.0,452.0,95405.0,7.8,15.3,4.6,0.2,-7.5,4.7,-38.0,,,,,,,
"cape may county, nj",,,,,,,,,,,,,,,,,47265.0,44058.0,83.9,80845.0,3207.0,6.8,
capitol planning region,9541.0,9687.0,-1900.0,33597.0,4448.0,1926.0,-146.0,2548.0,972068.0,9.8,10.0,-2.0,4.6,-0.2,2.6,-476.0,,,,,,,
"capitol planning region, ct",,,,,,,,,,,,,,,,,,,95.9,84551.0,,,
carbon county,77.0,110.0,333.0,75.0,34.0,347.0,-33.0,367.0,11236.0,7.0,9.9,30.1,3.1,-3.0,33.2,13.0,,,,,,,
"carbon county, mt",,,,,,,,,,,,,,,,,5815.0,5659.0,98.7,67062.0,156.0,2.7,
"carbon county, pa",,,,,,,,,,,,,,,,,32481.0,30940.0,90.2,64766.0,1541.0,4.7,
"carbon county, ut",,,,,,,,,,,,,,,,,8432.0,8129.0,66.9,59243.0,303.0,3.6,
"carbon county, wy",,,,,,,,,,,,,,,,,7465.0,7200.0,92.9,66225.0,265.0,3.5,
caribou county,89.0,79.0,69.0,77.0,10.0,91.0,10.0,79.0,7200.0,12.4,11.0,9.6,1.4,1.4,11.0,2.0,,,,,,,
"caribou county, id",,,,,,,,,,,,,,,,,3625.0,3509.0,96.9,70354.0,116.0,3.2,
carlisle county,58.0,105.0,7.0,50.0,0.0,-42.0,-47.0,7.0,4719.0,12.2,22.2,1.5,0.0,-9.9,1.5,-2.0,,,,,,,
"carlisle county, ky",,,,,,,,,,,,,,,,,2248.0,2162.0,92.0,54535.0,86.0,3.8,
carlton county,389.0,488.0,206.0,2264.0,16.0,104.0,-99.0,222.0,36544.0,10.7,13.4,5.6,0.4,-2.7,6.1,-19.0,,,,,,,
"carlton county, mn",,,,,,,,,,,,,,,,,17540.0,16937.0,95.3,78478.0,603.0,3.4,
carolina municipio,,,,,,,,,151479.0,,,,,,,,,,,,,,
"carolina municipio, pr",,,,,,,,,,,,,,,,,66570.0,63439.0,,,3131.0,4.7,
caroline county,430.0,441.0,-48.0,563.0,76.0,-2.0,-11.0,28.0,33427.0,12.9,13.2,-1.4,2.3,-0.3,0.8,-19.0,,,,,,,
"caroline county, md",,,,,,,,,,,,,,,,,16956.0,16472.0,69.5,65981.0,484.0,2.9,
"caroline county, va",,,,,,,,,,,,,,,,,15355.0,14872.0,84.1,72210.0,483.0,3.1,
carroll county,328.0,404.0,216.0,230.0,26.0,178.0,-76.0,242.0,28717.0,11.5,14.1,7.5,0.9,-2.7,8.5,12.0,,,,,,,
"carroll county, ar",,,,,,,,,,,,,,,,,12370.0,12015.0,90.9,50433.0,355.0,2.9,
"carroll county, ga",,,,,,,,,,,,,,,,,57136.0,55328.0,96.1,69924.0,1808.0,3.2,
"carroll county, ia",,,,,,,,,,,,,,,,,10700.0,10482.0,105.6,73643.0,218.0,2.0,
"carroll county, il",,,,,,,,,,,,,,,,,7319.0,7023.0,83.6,64157.0,296.0,4.0,
"carroll county, in",,,,,,,,,,,,,,,,,9905.0,9614.0,96.9,64731.0,291.0,2.9,
"carroll county, ky",,,,,,,,,,,,,,,,,5629.0,5445.0,100.0,59226.0,184.0,3.3,
"carroll county, md",,,,,,,,,,,,,,,,,94395.0,92088.0,110.7,105096.0,2307.0,2.4,
"carroll county, mo",,,,,,,,,,,,,,,,,4348.0,4230.0,87.7,56818.0,118.0,2.7,
"carroll county, ms",,,,,,,,,,,,,,,,,3328.0,3180.0,93.6,49397.0,148.0,4.4,
"carroll county, nh",,,,,,,,,,,,,,,,,23222.0,22674.0,79.3,71981.0,548.0,2.4,
"carroll county, oh",,,,,,,,,,,,,,,,,12509.0,11968.0,95.0,62482.0,541.0,4.3,
"carroll county, tn",,,,,,,,,,,,,,,,,11741.0,11285.0,80.8,52680.0,456.0,3.9,
"carroll county, va",,,,,,,,,,,,,,,,,12841.0,12399.0,59.5,51111.0,442.0,3.4,
carson city,529.0,1018.0,-270.0,2809.0,73.0,-699.0,-489.0,-197.0,58065.0,9.1,17.4,-4.6,1.2,-8.4,-3.4,-13.0,,,,,,,
"carson city, nv",,,,,,,,,,,,,,,,,25216.0,24243.0,86.9,62859.0,973.0,3.9,
carson county,64.0,85.0,119.0,29.0,0.0,102.0,-21.0,119.0,5816.0,11.1,14.7,20.6,0.0,-3.6,20.6,4.0,,,,,,,
"carson county, tx",,,,,,,,,,,,,,,,,3001.0,2908.0,99.5,71902.0,93.0,3.1,
carter county,284.0,468.0,106.0,662.0,0.0,-87.0,-184.0,106.0,26343.0,10.8,17.7,4.0,0.0,-7.0,4.0,-9.0,,,,,,,
"carter county, ky",,,,,,,,,,,,,,,,,9617.0,8919.0,81.5,48285.0,698.0,7.3,
"carter county, mo",,,,,,,,,,,,,,,,,2462.0,2370.0,66.2,42907.0,92.0,3.7,
"carter county, mt",,,,,,,,,,,,,,,,,675.0,661.0,74.5,50597.0,14.0,2.1,
"carter county, ok",,,,,,,,,,,,,,,,,21778.0,21012.0,94.0,56052.0,766.0,3.5,
"carter county, tn",,,,,,,,,,,,,,,,,24130.0,23251.0,75.0,48912.0,879.0,3.6,
carteret county,491.0,1088.0,1146.0,825.0,19.0,597.0,-597.0,1165.0,69326.0,7.1,15.8,16.6,0.3,-8.6,16.9,29.0,,,,,,,
"carteret county, nc",,,,,,,,,,,,,,,,,32165.0,31037.0,100.4,67806.0,1128.0,3.5,
carver county,1220.0,702.0,661.0,928.0,147.0,1261.0,518.0,808.0,110120.0,11.1,6.4,6.0,1.3,4.7,7.4,-65.0,,,,,,,
"carver county, mn",,,,,,,,,,,,,,,,,59102.0,57885.0,142.8,117602.0,1217.0,2.1,
cascade county,950.0,1038.0,527.0,3100.0,21.0,450.0,-88.0,548.0,85001.0,11.2,12.2,6.2,0.2,-1.0,6.5,-10.0,,,,,,,
"cascade county, mt",,,,,,,,,,,,,,,,,39572.0,38522.0,87.1,59184.0,1050.0,2.7,
casey county,181.0,255.0,54.0,443.0,-1.0,-29.0,-74.0,53.0,15911.0,11.4,16.0,3.4,-0.1,-4.6,3.3,-8.0,,,,,,,
"casey county, ky",,,,,,,,,,,,,,,,,6623.0,6365.0,73.5,43539.0,258.0,3.9,
cass county,163.0,142.0,-237.0,127.0,59.0,-152.0,21.0,-178.0,12638.0,12.8,11.2,-18.6,4.6,1.7,-14.0,5.0,,,,,,,
"cass county, ia",,,,,,,,,,,,,,,,,6826.0,6651.0,87.8,61204.0,175.0,2.6,
"cass county, il",,,,,,,,,,,,,,,,,5702.0,5452.0,81.0,62129.0,250.0,4.4,
"cass county, in",,,,,,,,,,,,,,,,,17251.0,16681.0,90.5,60452.0,570.0,3.3,
"cass county, mi",,,,,,,,,,,,,,,,,23689.0,22667.0,98.2,65703.0,1022.0,4.3,
"cass county, mn",,,,,,,,,,,,,,,,,14754.0,14165.0,81.5,67121.0,589.0,4.0,
"cass county, mo",,,,,,,,,,,,,,,,,54571.0,53216.0,120.1,77805.0,1355.0,2.5,
"cass county, nd",,,,,,,,,,,,,,,,,109988.0,108126.0,95.6,70002.0,1862.0,1.7,
"cass county, ne",,,,,,,,,,,,,,,,,13583.0,13275.0,133.5,93195.0,308.0,2.3,
"cass county, tx",,,,,,,,,,,,,,,,,12017.0,11448.0,75.1,54276.0,569.0,4.7,
cassia county,365.0,243.0,178.0,367.0,118.0,400.0,122.0,296.0,25644.0,14.3,9.6,7.0,4.6,4.8,11.6,-18.0,,,,,,,
"cassia county, id",,,,,,,,,,,,,,,,,12113.0,11795.0,93.9,68170.0,318.0,2.6,
castro county,113.0,99.0,-121.0,109.0,23.0,-79.0,14.0,-98.0,7287.0,15.4,13.5,-16.5,3.1,1.9,-13.4,5.0,,,,,,,
"castro county, tx",,,,,,,,,,,,,,,,,3338.0,3232.0,83.0,59958.0,106.0,3.2,
caswell county,193.0,365.0,-85.0,1332.0,3.0,-260.0,-172.0,-82.0,22431.0,8.6,16.2,-3.8,0.1,-7.6,-3.6,-6.0,,,,,,,
"caswell county, nc",,,,,,,,,,,,,,,,,9630.0,9237.0,80.3,54215.0,393.0,4.1,
catahoula parish,96.0,149.0,-64.0,500.0,1.0,-117.0,-53.0,-63.0,8604.0,11.1,17.2,-7.4,0.1,-6.1,-7.3,-1.0,,,,,,,
"catahoula parish, la",,,,,,,,,,,,,,,,,3464.0,3323.0,75.1,41676.0,141.0,4.1,
"catano municipio, pr",,,,,,,,,,,,,,,,,8412.0,7984.0,,,428.0,5.1,
catawba county,1681.0,2252.0,1888.0,2718.0,164.0,1492.0,-571.0,2052.0,163167.0,10.3,13.9,11.6,1.0,-3.5,12.6,11.0,,,,,,,
"catawba county, nc",,,,,,,,,,,,,,,,,79114.0,76349.0,94.7,63934.0,2765.0,3.5,
cataño municipio,,,,,,,,,22345.0,,,,,,,,,,,,,,
catoosa county,738.0,929.0,612.0,484.0,-15.0,400.0,-191.0,597.0,68836.0,10.8,13.5,8.9,-0.2,-2.8,8.7,-6.0,,,,,,,
"catoosa county, ga",,,,,,,,,,,,,,,,,33434.0,32512.0,92.0,66918.0,922.0,2.8,
catron county,21.0,76.0,110.0,41.0,18.0,83.0,-55.0,128.0,3793.0,5.6,20.3,29.3,4.8,-14.7,34.1,10.0,,,,,,,
"catron county, nm",,,,,,,,,,,,,,,,,1201.0,1142.0,73.9,44247.0,59.0,4.9,
cattaraugus county,789.0,1152.0,-107.0,2746.0,25.0,-489.0,-363.0,-82.0,76050.0,10.3,15.1,-1.4,0.3,-4.8,-1.1,-44.0,,,,,,,
"cattaraugus county, ny",,,,,,,,,,,,,,,,,32681.0,31333.0,65.9,52383.0,1348.0,4.1,
cavalier county,38.0,50.0,-62.0,52.0,-1.0,-72.0,-12.0,-63.0,3608.0,10.4,13.7,-17.0,-0.3,-3.3,-17.3,3.0,,,,,,,
"cavalier county, nd",,,,,,,,,,,,,,,,,1842.0,1799.0,100.0,73221.0,43.0,2.3,
cayey municipio,,,,,,,,,40767.0,,,,,,,,,,,,,,
"cayey municipio, pr",,,,,,,,,,,,,,,,,17578.0,16697.0,,,881.0,5.0,
cayuga county,669.0,931.0,-524.0,3136.0,27.0,-772.0,-262.0,-497.0,74679.0,8.9,12.4,-7.0,0.4,-3.5,-6.6,-13.0,,,,,,,
"cayuga county, ny",,,,,,,,,,,,,,,,,35353.0,34112.0,80.7,64129.0,1241.0,3.5,
cecil county,1157.0,1262.0,854.0,1383.0,99.0,814.0,-105.0,953.0,104870.0,11.1,12.1,8.2,0.9,-1.0,9.1,-34.0,,,,,,,
"cecil county, md",,,,,,,,,,,,,,,,,53404.0,51756.0,89.0,84513.0,1648.0,3.1,
cedar county,160.0,236.0,-18.0,261.0,20.0,-83.0,-76.0,2.0,18353.0,8.7,12.8,-1.0,1.1,-4.1,0.1,-9.0,,,,,,,
"cedar county, ia",,,,,,,,,,,,,,,,,10483.0,10196.0,102.7,71563.0,287.0,2.7,
"cedar county, mo",,,,,,,,,,,,,,,,,5638.0,5480.0,70.9,45952.0,158.0,2.8,
"cedar county, ne",,,,,,,,,,,,,,,,,4628.0,4547.0,98.9,69033.0,81.0,1.8,
ceiba municipio,,,,,,,,,10925.0,,,,,,,,,,,,,,
"ceiba municipio, pr",,,,,,,,,,,,,,,,,3878.0,3626.0,,,252.0,6.5,
centre county,1113.0,1235.0,-1181.0,19360.0,842.0,-451.0,-122.0,-339.0,157533.0,7.1,7.8,-7.5,5.3,-0.8,-2.1,10.0,,,,,,,
"centre county, pa",,,,,,,,,,,,,,,,,78275.0,75657.0,94.2,67654.0,2618.0,3.3,
cerro gordo county,446.0,594.0,-227.0,1010.0,52.0,-335.0,-148.0,-175.0,42426.0,10.5,13.9,-5.3,1.2,-3.5,-4.1,-12.0,,,,,,,
"cerro gordo county, ia",,,,,,,,,,,,,,,,,22259.0,21620.0,90.8,63279.0,639.0,2.9,
chaffee county,151.0,187.0,510.0,1213.0,4.0,524.0,-36.0,514.0,20265.0,7.5,9.3,25.5,0.2,-1.8,25.7,46.0,,,,,,,
"chaffee county, co",,,,,,,,,,,,,,,,,9725.0,9457.0,84.3,75151.0,268.0,2.8,
chambers county,401.0,558.0,-208.0,860.0,49.0,-324.0,-157.0,-159.0,34164.0,11.7,16.3,-6.1,1.4,-4.6,-4.6,-8.0,,,,,,,
"chambers county, al",,,,,,,,,,,,,,,,,15906.0,15508.0,76.3,45563.0,398.0,2.5,
"chambers county, tx",,,,,,,,,,,,,,,,,21038.0,19912.0,141.3,102146.0,1126.0,5.4,
champaign county,2089.0,1616.0,-2762.0,15048.0,1789.0,-436.0,473.0,-973.0,206169.0,10.1,7.8,-13.4,8.7,2.3,-4.7,64.0,,,,,,,
"champaign county, il",,,,,,,,,,,,,,,,,109288.0,104979.0,79.8,61205.0,4309.0,3.9,
"champaign county, oh",,,,,,,,,,,,,,,,,19193.0,18477.0,110.6,72784.0,716.0,3.7,
chariton county,76.0,122.0,76.0,228.0,6.0,34.0,-46.0,82.0,7395.0,10.3,16.5,10.3,0.8,-6.2,11.1,-2.0,,,,,,,
"chariton county, mo",,,,,,,,,,,,,,,,,3655.0,3577.0,87.4,56633.0,78.0,2.1,
charles city county,37.0,117.0,42.0,0.0,0.0,-40.0,-80.0,42.0,6568.0,5.6,17.8,6.4,0.0,-12.1,6.4,-2.0,,,,,,,
"charles city county, va",,,,,,,,,,,,,,,,,3596.0,3489.0,78.7,67596.0,107.0,3.0,
charles county,1831.0,1479.0,676.0,1440.0,280.0,1184.0,352.0,956.0,170111.0,10.8,8.7,4.0,1.7,2.1,5.6,-124.0,,,,,,,
"charles county, md",,,,,,,,,,,,,,,,,85674.0,83028.0,118.9,112932.0,2646.0,3.1,
charles mix county,144.0,100.0,7.0,754.0,3.0,48.0,44.0,10.0,9232.0,15.6,10.9,0.8,0.3,4.8,1.1,-6.0,,,,,,,
"charles mix county, sd",,,,,,,,,,,,,,,,,3812.0,3727.0,77.0,54367.0,85.0,2.2,
charleston county,5019.0,3836.0,2438.0,9213.0,1155.0,4836.0,1183.0,3593.0,419350.0,12.0,9.2,5.8,2.8,2.8,8.6,60.0,,,,,,,
"charleston county, sc",,,,,,,,,,,,,,,,,216613.0,210699.0,124.5,79969.0,5914.0,2.7,
charlevoix county,207.0,384.0,135.0,295.0,24.0,-26.0,-177.0,159.0,26173.0,7.9,14.7,5.2,0.9,-6.8,6.1,-8.0,,,,,,,
"charlevoix county, mi",,,,,,,,,,,,,,,,,12883.0,12290.0,106.6,71362.0,593.0,4.6,
charlotte county,1087.0,3462.0,9164.0,3766.0,307.0,7648.0,-2375.0,9471.0,202582.0,5.5,17.4,46.1,1.5,-11.9,47.7,552.0,,,,,,,
"charlotte county, fl",,,,,,,,,,,,,,,,,76142.0,73427.0,93.9,65040.0,2715.0,3.6,
"charlotte county, va",,,,,,,,,,,,,,,,,5432.0,5271.0,58.4,50151.0,161.0,3.0,
charlottesville city,576.0,375.0,-972.0,2416.0,262.0,-474.0,201.0,-710.0,45272.0,12.7,8.2,-21.4,5.8,4.4,-15.6,35.0,,,,,,,
"charlottesville city, va",,,,,,,,,,,,,,,,,25706.0,25058.0,79.1,67903.0,648.0,2.5,
charlton county,117.0,171.0,30.0,2505.0,1.0,-32.0,-54.0,31.0,12788.0,9.1,13.4,2.3,0.1,-4.2,2.4,-9.0,,,,,,,
"charlton county, ga",,,,,,,,,,,,,,,,,5051.0,4888.0,66.2,48147.0,163.0,3.2,
chase county,36.0,32.0,-40.0,176.0,1.0,-36.0,4.0,-39.0,2568.0,13.9,12.4,-15.5,0.4,1.5,-15.1,-1.0,,,,,,,
"chase county, ks",,,,,,,,,,,,,,,,,1396.0,1366.0,85.1,58580.0,30.0,2.1,
"chase county, ne",,,,,,,,,,,,,,,,,2280.0,2242.0,93.1,64985.0,38.0,1.7,
chatham county,3644.0,3235.0,3968.0,13150.0,739.0,5335.0,409.0,4707.0,301025.0,12.2,10.8,13.3,2.5,1.4,15.8,219.0,,,,,,,
"chatham county, ga",,,,,,,,,,,,,,,,,144022.0,139525.0,88.0,64029.0,4497.0,3.1,
"chatham county, nc",,,,,,,,,,,,,,,,,37442.0,36273.0,125.2,84516.0,1169.0,3.1,
chattahoochee county,178.0,39.0,-478.0,2114.0,25.0,-298.0,139.0,-453.0,8746.0,20.0,4.4,-53.7,2.8,15.6,-50.9,16.0,,,,,,,
"chattahoochee county, ga",,,,,,,,,,,,,,,,,1882.0,1793.0,79.1,57507.0,89.0,4.7,
chattooga county,256.0,400.0,234.0,1222.0,33.0,118.0,-144.0,267.0,24962.0,10.3,16.1,9.4,1.3,-5.8,10.7,-5.0,,,,,,,
"chattooga county, ga",,,,,,,,,,,,,,,,,9282.0,8881.0,69.7,50714.0,401.0,4.3,
chautauqua county,25.0,66.0,42.0,83.0,0.0,-2.0,-41.0,42.0,3387.0,7.4,19.5,12.4,0.0,-12.1,12.4,-3.0,,,,,,,
"chautauqua county, ks",,,,,,,,,,,,,,,,,1424.0,1384.0,71.9,49457.0,40.0,2.8,
"chautauqua county, ny",,,,,,,,,,,,,,,,,52852.0,50751.0,70.0,55644.0,2101.0,4.0,
chaves county,747.0,860.0,-798.0,2112.0,143.0,-758.0,-113.0,-655.0,63892.0,11.6,13.4,-12.4,2.2,-1.8,-10.2,10.0,,,,,,,
"chaves county, nm",,,,,,,,,,,,,,,,,27534.0,26348.0,80.0,47855.0,1186.0,4.3,
cheatham county,490.0,578.0,330.0,331.0,30.0,266.0,-88.0,360.0,41764.0,11.8,13.9,7.9,0.7,-2.1,8.6,-6.0,,,,,,,
"cheatham county, tn",,,,,,,,,,,,,,,,,22668.0,22064.0,120.2,78437.0,604.0,2.7,
cheboygan county,209.0,447.0,424.0,292.0,10.0,210.0,-238.0,434.0,25964.0,8.1,17.3,16.4,0.4,-9.2,16.8,14.0,,,,,,,
"cheboygan county, mi",,,,,,,,,,,,,,,,,10374.0,9534.0,90.9,60849.0,840.0,8.1,
chelan county,795.0,879.0,158.0,1642.0,224.0,260.0,-84.0,382.0,80038.0,9.9,11.0,2.0,2.8,-1.1,4.8,-38.0,,,,,,,
"chelan county, wa",,,,,,,,,,,,,,,,,44353.0,42316.0,89.5,81697.0,2037.0,4.6,
chemung county,818.0,1129.0,-1233.0,3075.0,97.0,-1398.0,-311.0,-1136.0,81641.0,9.9,13.7,-15.0,1.2,-3.8,-13.8,49.0,,,,,,,
"chemung county, ny",,,,,,,,,,,,,,,,,34610.0,33313.0,71.3,56664.0,1297.0,3.7,
chenango county,474.0,697.0,14.0,790.0,2.0,-238.0,-223.0,16.0,46331.0,10.2,15.0,0.3,0.0,-4.8,0.3,-31.0,,,,,,,
"chenango county, ny",,,,,,,,,,,,,,,,,21798.0,21068.0,76.5,60755.0,730.0,3.3,
cherokee county,238.0,456.0,476.0,278.0,14.0,279.0,-218.0,490.0,25353.0,9.4,18.1,18.9,0.6,-8.6,19.4,7.0,,,,,,,
"cherokee county, al",,,,,,,,,,,,,,,,,11723.0,11457.0,88.1,52613.0,266.0,2.3,
"cherokee county, ga",,,,,,,,,,,,,,,,,142420.0,138955.0,137.4,99932.0,3465.0,2.4,
"cherokee county, ia",,,,,,,,,,,,,,,,,6112.0,5968.0,94.7,65985.0,144.0,2.4,
"cherokee county, ks",,,,,,,,,,,,,,,,,9905.0,9650.0,79.9,54965.0,255.0,2.6,
"cherokee county, nc",,,,,,,,,,,,,,,,,11100.0,10648.0,76.4,51607.0,452.0,4.1,
"cherokee county, ok",,,,,,,,,,,,,,,,,20325.0,19602.0,82.8,49403.0,723.0,3.6,
"cherokee county, sc",,,,,,,,,,,,,,,,,24177.0,23188.0,78.5,50403.0,989.0,4.1,
"cherokee county, tx",,,,,,,,,,,,,,,,,20689.0,19767.0,69.7,50351.0,922.0,4.5,
cherry county,79.0,63.0,26.0,11.0,0.0,38.0,16.0,26.0,5485.0,14.5,11.5,4.8,0.0,2.9,4.8,-4.0,,,,,,,
"cherry county, ne",,,,,,,,,,,,,,,,,3395.0,3339.0,83.1,58017.0,56.0,1.6,
chesapeake city,2990.0,2402.0,-252.0,4012.0,478.0,696.0,588.0,226.0,252459.0,11.9,9.5,-1.0,1.9,2.3,0.9,-118.0,,,,,,,
"chesapeake city, va",,,,,,,,,,,,,,,,,124115.0,120590.0,101.5,87127.0,3525.0,2.8,
cheshire county,684.0,900.0,738.0,3559.0,89.0,617.0,-216.0,827.0,77463.0,8.9,11.7,9.6,1.2,-2.8,10.7,6.0,,,,,,,
"cheshire county, nh",,,,,,,,,,,,,,,,,39128.0,38171.0,84.0,76227.0,957.0,2.4,
chester county,5711.0,4404.0,3511.0,15020.0,1088.0,5699.0,1307.0,4599.0,546638.0,10.5,8.1,6.5,2.0,2.4,8.5,-207.0,,,,,,,
"chester county, pa",,,,,,,,,,,,,,,,,294834.0,286041.0,163.4,117326.0,8793.0,3.0,
"chester county, sc",,,,,,,,,,,,,,,,,13429.0,12865.0,83.3,53488.0,564.0,4.2,
"chester county, tn",,,,,,,,,,,,,,,,,8542.0,8287.0,88.5,57732.0,255.0,3.0,
chesterfield county,507.0,638.0,467.0,752.0,69.0,404.0,-131.0,536.0,43741.0,11.6,14.7,10.7,1.6,-3.0,12.3,-1.0,,,,,,,
"chesterfield county, sc",,,,,,,,,,,,,,,,,21493.0,20740.0,69.4,44574.0,753.0,3.5,
"chesterfield county, va",,,,,,,,,,,,,,,,,193562.0,188326.0,116.7,100149.0,5236.0,2.7,
cheyenne county,14.0,26.0,15.0,24.0,10.0,12.0,-12.0,25.0,1731.0,8.1,15.1,8.7,5.8,-7.0,14.5,-1.0,,,,,,,
"cheyenne county, co",,,,,,,,,,,,,,,,,1043.0,1023.0,70.6,62891.0,20.0,1.9,
"cheyenne county, ks",,,,,,,,,,,,,,,,,1259.0,1229.0,82.1,56500.0,30.0,2.4,
"cheyenne county, ne",,,,,,,,,,,,,,,,,4228.0,4130.0,81.1,56604.0,98.0,2.3,
chickasaw county,134.0,158.0,-158.0,207.0,26.0,-155.0,-24.0,-132.0,11728.0,11.4,13.4,-13.4,2.2,-2.0,-11.2,1.0,,,,,,,
"chickasaw county, ia",,,,,,,,,,,,,,,,,6545.0,6375.0,106.3,74077.0,170.0,2.6,
"chickasaw county, ms",,,,,,,,,,,,,,,,,6561.0,6270.0,82.9,43776.0,291.0,4.4,
chicot county,91.0,182.0,-127.0,690.0,-1.0,-218.0,-91.0,-128.0,9834.0,9.2,18.3,-12.8,-0.1,-9.2,-12.9,1.0,,,,,,,
"chicot county, ar",,,,,,,,,,,,,,,,,2971.0,2792.0,68.9,38217.0,179.0,6.0,
childress county,65.0,84.0,66.0,1297.0,10.0,54.0,-19.0,76.0,6841.0,9.5,12.3,9.7,1.5,-2.8,11.2,-3.0,,,,,,,
"childress county, tx",,,,,,,,,,,,,,,,,3185.0,3094.0,68.1,49200.0,91.0,2.9,
chilton county,540.0,643.0,656.0,388.0,26.0,589.0,-103.0,682.0,45848.0,11.9,14.1,14.4,0.6,-2.3,15.0,10.0,,,,,,,
"chilton county, al",,,,,,,,,,,,,,,,,20180.0,19732.0,103.6,61823.0,448.0,2.2,
chippewa county,288.0,462.0,478.0,4188.0,35.0,358.0,-174.0,513.0,36207.0,8.0,12.8,13.3,1.0,-4.8,14.2,19.0,,,,,,,
"chippewa county, mi",,,,,,,,,,,,,,,,,15983.0,14985.0,88.0,58924.0,998.0,6.2,
"chippewa county, mn",,,,,,,,,,,,,,,,,6460.0,6310.0,75.1,61878.0,150.0,2.3,
"chippewa county, wi",,,,,,,,,,,,,,,,,33577.0,32452.0,104.8,74425.0,1125.0,3.4,
chisago county,599.0,562.0,329.0,1527.0,20.0,349.0,37.0,349.0,57898.0,10.4,9.7,5.7,0.3,0.6,6.0,-37.0,,,,,,,
"chisago county, mn",,,,,,,,,,,,,,,,,29835.0,28957.0,119.2,98183.0,878.0,2.9,
chittenden county,1417.0,1378.0,-581.0,9899.0,633.0,19.0,39.0,52.0,169357.0,8.4,8.1,-3.4,3.7,0.2,0.3,-72.0,,,,,,,
"chittenden county, vt",,,,,,,,,,,,,,,,,97567.0,95805.0,116.1,86579.0,1762.0,1.8,
choctaw county,141.0,213.0,-41.0,66.0,2.0,-117.0,-72.0,-39.0,12431.0,11.3,17.1,-3.3,0.2,-5.8,-3.1,-6.0,,,,,,,
"choctaw county, al",,,,,,,,,,,,,,,,,4325.0,4164.0,74.5,44458.0,161.0,3.7,
"choctaw county, ms",,,,,,,,,,,,,,,,,3569.0,3441.0,93.3,49225.0,128.0,3.6,
"choctaw county, ok",,,,,,,,,,,,,,,,,6021.0,5738.0,70.4,41999.0,283.0,4.7,
chouteau county,34.0,70.0,18.0,45.0,10.0,-13.0,-36.0,28.0,5908.0,5.7,11.8,3.0,1.7,-6.1,4.7,-5.0,,,,,,,
"chouteau county, mt",,,,,,,,,,,,,,,,,2452.0,2394.0,75.3,51137.0,58.0,2.4,
chowan county,140.0,244.0,241.0,273.0,-2.0,137.0,-104.0,239.0,13898.0,10.1,17.6,17.4,-0.1,-7.5,17.3,2.0,,,,,,,
"chowan county, nc",,,,,,,,,,,,,,,,,5798.0,5563.0,82.7,55818.0,235.0,4.1,
christian county,291.0,486.0,-105.0,2909.0,-1.0,-313.0,-195.0,-106.0,33390.0,8.7,14.5,-3.1,0.0,-5.8,-3.2,-12.0,,,,,,,
"christian county, il",,,,,,,,,,,,,,,,,13396.0,12755.0,74.1,56888.0,641.0,4.8,
"christian county, ky",,,,,,,,,,,,,,,,,24674.0,23451.0,95.6,56610.0,1223.0,5.0,
"christian county, mo",,,,,,,,,,,,,,,,,47079.0,46084.0,113.6,73616.0,995.0,2.1,
chugach census area,74.0,50.0,-117.0,273.0,18.0,-72.0,24.0,-99.0,6899.0,10.7,7.2,-16.9,2.6,3.5,-14.3,3.0,,,,,,,
"chugach census area, ak",,,,,,,,,,,,,,,,,3380.0,3280.0,103.7,91356.0,100.0,3.0,
churchill county,284.0,398.0,244.0,385.0,-1.0,134.0,-114.0,243.0,25798.0,11.0,15.5,9.5,0.0,-4.4,9.4,5.0,,,,,,,
"churchill county, nv",,,,,,,,,,,,,,,,,10951.0,10571.0,97.0,70149.0,380.0,3.5,
ciales municipio,,,,,,,,,16727.0,,,,,,,,,,,,,,
"ciales municipio, pr",,,,,,,,,,,,,,,,,3955.0,3616.0,,,339.0,8.6,
cibola county,227.0,379.0,-194.0,2243.0,33.0,-314.0,-152.0,-161.0,26871.0,8.4,14.0,-7.2,1.2,-5.6,-6.0,-1.0,,,,,,,
"cibola county, nm",,,,,,,,,,,,,,,,,8215.0,7762.0,76.3,45674.0,453.0,5.5,
cidra municipio,,,,,,,,,39487.0,,,,,,,,,,,,,,
"cidra municipio, pr",,,,,,,,,,,,,,,,,16774.0,15991.0,,,783.0,4.7,
cimarron county,23.0,31.0,-4.0,4.0,0.0,-14.0,-8.0,-4.0,2233.0,10.3,13.8,-1.8,0.0,-3.6,-1.8,-2.0,,,,,,,
"cimarron county, ok",,,,,,,,,,,,,,,,,1603.0,1580.0,85.4,50900.0,23.0,1.4,
citrus county,1026.0,3561.0,6452.0,2843.0,63.0,4341.0,-2535.0,6515.0,162508.0,6.4,22.2,40.2,0.4,-15.8,40.6,361.0,,,,,,,
"citrus county, fl",,,,,,,,,,,,,,,,,49070.0,46969.0,75.8,52534.0,2101.0,4.3,
clackamas county,3757.0,4195.0,-472.0,3922.0,430.0,-686.0,-438.0,-42.0,423118.0,8.9,9.9,-1.1,1.0,-1.0,-0.1,-206.0,,,,,,,
"clackamas county, or",,,,,,,,,,,,,,,,,225320.0,217242.0,128.1,96915.0,8078.0,3.6,
claiborne county,105.0,133.0,-90.0,1055.0,9.0,-111.0,-28.0,-81.0,8775.0,11.9,15.1,-10.2,1.0,-3.2,-9.2,-2.0,,,,,,,
"claiborne county, ms",,,,,,,,,,,,,,,,,2914.0,2682.0,67.4,35591.0,232.0,8.0,
"claiborne county, tn",,,,,,,,,,,,,,,,,12884.0,12392.0,63.0,41087.0,492.0,3.8,
claiborne parish,140.0,205.0,-131.0,1798.0,0.0,-194.0,-65.0,-131.0,13849.0,10.0,14.7,-9.4,0.0,-4.7,-9.4,2.0,,,,,,,
"claiborne parish, la",,,,,,,,,,,,,,,,,5387.0,5182.0,68.1,37788.0,205.0,3.8,
clallam county,554.0,1313.0,-57.0,1368.0,86.0,-782.0,-759.0,29.0,77684.0,7.1,16.8,-0.7,1.1,-9.7,0.4,-52.0,,,,,,,
"clallam county, wa",,,,,,,,,,,,,,,,,28911.0,27267.0,73.1,66693.0,1644.0,5.7,
clare county,308.0,573.0,423.0,342.0,2.0,176.0,-265.0,425.0,31307.0,9.9,18.4,13.5,0.1,-8.5,13.6,16.0,,,,,,,
"clare county, mi",,,,,,,,,,,,,,,,,11416.0,10648.0,71.7,47973.0,768.0,6.7,
clarendon county,290.0,569.0,230.0,1336.0,18.0,-34.0,-279.0,248.0,30927.0,9.4,18.4,7.4,0.6,-9.0,8.0,-3.0,,,,,,,
"clarendon county, sc",,,,,,,,,,,,,,,,,12028.0,11541.0,71.9,46202.0,487.0,4.0,
clarion county,352.0,613.0,-118.0,2182.0,22.0,-367.0,-261.0,-96.0,37227.0,9.4,16.4,-3.2,0.6,-7.0,-2.6,-10.0,,,,,,,
"clarion county, pa",,,,,,,,,,,,,,,,,16129.0,15351.0,80.6,57844.0,778.0,4.8,
clark county,239.0,302.0,103.0,2765.0,4.0,32.0,-63.0,107.0,21276.0,11.2,14.2,4.8,0.2,-3.0,5.0,-12.0,,,,,,,
"clark county, ar",,,,,,,,,,,,,,,,,8436.0,8066.0,91.0,50519.0,370.0,4.4,
"clark county, id",,,,,,,,,,,,,,,,,481.0,466.0,73.5,53366.0,15.0,3.1,
"clark county, il",,,,,,,,,,,,,,,,,7290.0,6971.0,82.9,63655.0,319.0,4.4,
"clark county, in",,,,,,,,,,,,,,,,,62544.0,60809.0,102.6,68493.0,1735.0,2.8,
"clark county, ks",,,,,,,,,,,,,,,,,1109.0,1088.0,85.6,58914.0,21.0,1.9,
"clark county, ky",,,,,,,,,,,,,,,,,17156.0,16527.0,104.0,61641.0,629.0,3.7,
"clark county, mo",,,,,,,,,,,,,,,,,2964.0,2866.0,97.6,63249.0,98.0,3.3,
"clark county, nv",,,,,,,,,,,,,,,,,1150663.0,1083926.0,97.9,70838.0,66737.0,5.8,
"clark county, oh",,,,,,,,,,,,,,,,,62666.0,60100.0,87.0,57264.0,2566.0,4.1,
"clark county, sd",,,,,,,,,,,,,,,,,1953.0,1910.0,88.6,62559.0,43.0,2.2,
"clark county, wa",,,,,,,,,,,,,,,,,246694.0,235641.0,99.9,91149.0,11053.0,4.5,
"clark county, wi",,,,,,,,,,,,,,,,,17651.0,17184.0,89.6,63641.0,467.0,2.6,
clarke county,289.0,390.0,-58.0,372.0,0.0,-166.0,-101.0,-58.0,22574.0,12.8,17.2,-2.6,0.0,-4.5,-2.6,-7.0,,,,,,,
"clarke county, al",,,,,,,,,,,,,,,,,7676.0,7302.0,75.2,44906.0,374.0,4.9,
"clarke county, ga",,,,,,,,,,,,,,,,,57972.0,55998.0,68.5,49832.0,1974.0,3.4,
"clarke county, ia",,,,,,,,,,,,,,,,,4958.0,4809.0,93.4,65129.0,149.0,3.0,
"clarke county, ms",,,,,,,,,,,,,,,,,5585.0,5328.0,88.1,46524.0,257.0,4.6,
"clarke county, va",,,,,,,,,,,,,,,,,7670.0,7481.0,124.6,106914.0,189.0,2.5,
clatsop county,323.0,554.0,-63.0,509.0,38.0,-280.0,-231.0,-25.0,41652.0,7.7,13.3,-1.5,0.9,-5.5,-0.6,-24.0,,,,,,,
"clatsop county, or",,,,,,,,,,,,,,,,,19531.0,18743.0,84.2,63667.0,788.0,4.0,
clay county,154.0,235.0,103.0,258.0,-3.0,13.0,-81.0,100.0,14183.0,10.9,16.6,7.3,-0.2,-5.7,7.1,-6.0,,,,,,,
"clay county, al",,,,,,,,,,,,,,,,,6106.0,5971.0,83.1,49599.0,135.0,2.2,
"clay county, ar",,,,,,,,,,,,,,,,,5400.0,5191.0,84.4,46855.0,209.0,3.9,
"clay county, fl",,,,,,,,,,,,,,,,,112112.0,109041.0,121.8,84364.0,3071.0,2.7,
"clay county, ga",,,,,,,,,,,,,,,,,828.0,771.0,52.2,37961.0,57.0,6.9,
"clay county, ia",,,,,,,,,,,,,,,,,8538.0,8301.0,98.3,68542.0,237.0,2.8,
"clay county, il",,,,,,,,,,,,,,,,,5696.0,5417.0,72.0,55282.0,279.0,4.9,
"clay county, in",,,,,,,,,,,,,,,,,11570.0,11175.0,88.5,59057.0,395.0,3.4,
"clay county, ks",,,,,,,,,,,,,,,,,3735.0,3639.0,85.8,59021.0,96.0,2.6,
"clay county, ky",,,,,,,,,,,,,,,,,5034.0,4742.0,58.2,34473.0,292.0,5.8,
"clay county, mn",,,,,,,,,,,,,,,,,37560.0,36788.0,96.4,79357.0,772.0,2.1,
"clay county, mo",,,,,,,,,,,,,,,,,137802.0,134241.0,121.8,78930.0,3561.0,2.6,
"clay county, ms",,,,,,,,,,,,,,,,,8670.0,8322.0,82.3,43451.0,348.0,4.0,
"clay county, nc",,,,,,,,,,,,,,,,,4190.0,4022.0,85.5,57698.0,168.0,4.0,
"clay county, ne",,,,,,,,,,,,,,,,,3103.0,3035.0,92.0,64251.0,68.0,2.2,
"clay county, sd",,,,,,,,,,,,,,,,,7345.0,7191.0,78.3,55263.0,154.0,2.1,
"clay county, tn",,,,,,,,,,,,,,,,,2780.0,2651.0,66.6,43441.0,129.0,4.6,
"clay county, tx",,,,,,,,,,,,,,,,,4868.0,4678.0,91.4,66085.0,190.0,3.9,
"clay county, wv",,,,,,,,,,,,,,,,,3001.0,2826.0,78.8,42604.0,175.0,5.8,
clayton county,3895.0,2615.0,-2734.0,5171.0,717.0,-811.0,1280.0,-2017.0,298399.0,13.0,8.8,-9.1,2.4,4.3,-6.8,-74.0,,,,,,,
"clayton county, ga",,,,,,,,,,,,,,,,,139968.0,134296.0,79.2,57625.0,5672.0,4.1,
"clayton county, ia",,,,,,,,,,,,,,,,,9546.0,9171.0,92.5,64486.0,375.0,3.9,
clear creek county,67.0,71.0,-80.0,83.0,2.0,-90.0,-4.0,-78.0,9367.0,7.1,7.5,-8.5,0.2,-0.4,-8.3,-8.0,,,,,,,
"clear creek county, co",,,,,,,,,,,,,,,,,6143.0,5961.0,101.4,90350.0,182.0,3.0,
clearfield county,683.0,1244.0,73.0,4011.0,28.0,-511.0,-561.0,101.0,77824.0,8.7,15.9,0.9,0.4,-7.2,1.3,-51.0,,,,,,,
"clearfield county, pa",,,,,,,,,,,,,,,,,35419.0,33663.0,82.6,59318.0,1756.0,5.0,
clearwater county,69.0,139.0,175.0,707.0,5.0,110.0,-70.0,180.0,9035.0,7.7,15.5,19.5,0.6,-7.8,20.0,0.0,,,,,,,
"clearwater county, id",,,,,,,,,,,,,,,,,3404.0,3231.0,78.6,57081.0,173.0,5.1,
"clearwater county, mn",,,,,,,,,,,,,,,,,4487.0,4204.0,78.6,64716.0,283.0,6.3,
cleburne county,183.0,242.0,267.0,174.0,-1.0,216.0,-59.0,266.0,15372.0,12.0,15.9,17.5,-0.1,-3.9,17.4,9.0,,,,,,,
"cleburne county, al",,,,,,,,,,,,,,,,,6133.0,5989.0,82.5,49248.0,144.0,2.3,
"cleburne county, ar",,,,,,,,,,,,,,,,,8909.0,8543.0,94.9,52662.0,366.0,4.1,
clermont county,2212.0,2488.0,961.0,2109.0,210.0,786.0,-276.0,1171.0,210679.0,10.5,11.8,4.6,1.0,-1.3,5.6,-109.0,,,,,,,
"clermont county, oh",,,,,,,,,,,,,,,,,107937.0,104095.0,120.8,79492.0,3842.0,3.6,
cleveland county,81.0,135.0,36.0,72.0,1.0,-19.0,-54.0,37.0,7467.0,10.8,18.1,4.8,0.1,-7.2,4.9,-2.0,,,,,,,
"cleveland county, ar",,,,,,,,,,,,,,,,,3069.0,2954.0,100.1,55533.0,115.0,3.7,
"cleveland county, nc",,,,,,,,,,,,,,,,,49037.0,47129.0,78.8,53170.0,1908.0,3.9,
"cleveland county, ok",,,,,,,,,,,,,,,,,149727.0,145867.0,118.9,70923.0,3860.0,2.6,
clinch county,92.0,96.0,-18.0,163.0,4.0,-23.0,-4.0,-14.0,6679.0,13.8,14.3,-2.7,0.6,-0.6,-2.1,-5.0,,,,,,,
"clinch county, ga",,,,,,,,,,,,,,,,,3034.0,2948.0,62.7,45595.0,86.0,2.8,
clinton county,396.0,371.0,23.0,1757.0,28.0,55.0,25.0,51.0,36937.0,10.7,10.1,0.6,0.8,0.7,1.4,-21.0,,,,,,,
"clinton county, ia",,,,,,,,,,,,,,,,,22148.0,21352.0,87.7,61136.0,796.0,3.6,
"clinton county, il",,,,,,,,,,,,,,,,,19860.0,19245.0,103.7,79612.0,615.0,3.1,
"clinton county, in",,,,,,,,,,,,,,,,,17091.0,16647.0,91.2,60916.0,444.0,2.6,
"clinton county, ky",,,,,,,,,,,,,,,,,3611.0,3432.0,70.5,41739.0,179.0,5.0,
"clinton county, mi",,,,,,,,,,,,,,,,,40317.0,38788.0,119.9,80212.0,1529.0,3.8,
"clinton county, mo",,,,,,,,,,,,,,,,,10548.0,10239.0,105.5,68337.0,309.0,2.9,
"clinton county, ny",,,,,,,,,,,,,,,,,35509.0,34304.0,82.1,65272.0,1205.0,3.4,
"clinton county, oh",,,,,,,,,,,,,,,,,17867.0,17086.0,100.2,65927.0,781.0,4.4,
"clinton county, pa",,,,,,,,,,,,,,,,,17051.0,16205.0,82.0,58892.0,846.0,5.0,
cloud county,106.0,163.0,35.0,551.0,8.0,-20.0,-57.0,43.0,8934.0,11.9,18.2,3.9,0.9,-6.4,4.8,-6.0,,,,,,,
"cloud county, ks",,,,,,,,,,,,,,,,,3810.0,3709.0,76.3,52483.0,101.0,2.7,
coahoma county,305.0,392.0,-476.0,555.0,65.0,-486.0,-87.0,-411.0,20235.0,14.9,19.1,-23.2,3.2,-4.2,-20.1,12.0,,,,,,,
"coahoma county, ms",,,,,,,,,,,,,,,,,7582.0,7168.0,68.3,36071.0,414.0,5.5,
coal county,67.0,99.0,18.0,47.0,2.0,-13.0,-32.0,20.0,5291.0,12.6,18.7,3.4,0.4,-6.0,3.8,-1.0,,,,,,,
"coal county, ok",,,,,,,,,,,,,,,,,2352.0,2274.0,73.9,44040.0,78.0,3.3,
coamo municipio,,,,,,,,,33876.0,,,,,,,,,,,,,,
"coamo municipio, pr",,,,,,,,,,,,,,,,,11044.0,10245.0,,,799.0,7.2,
cobb county,8758.0,5594.0,-937.0,10078.0,3432.0,5178.0,3164.0,2495.0,771840.0,11.4,7.3,-1.2,4.5,4.1,3.2,-481.0,,,,,,,
"cobb county, ga",,,,,,,,,,,,,,,,,430506.0,419024.0,133.1,96798.0,11482.0,2.7,
cochise county,1249.0,1795.0,-331.0,4129.0,260.0,-632.0,-546.0,-71.0,125487.0,9.9,14.3,-2.6,2.1,-4.3,-0.6,-15.0,,,,,,,
"cochise county, az",,,,,,,,,,,,,,,,,48730.0,46597.0,74.3,55254.0,2133.0,4.4,
cochran county,49.0,47.0,23.0,8.0,18.0,42.0,2.0,41.0,2522.0,19.6,18.8,9.2,7.2,0.8,16.4,-1.0,,,,,,,
"cochran county, tx",,,,,,,,,,,,,,,,,1154.0,1099.0,63.3,45766.0,55.0,4.8,
cocke county,373.0,746.0,818.0,222.0,6.0,485.0,-373.0,824.0,36849.0,10.2,20.4,22.3,0.2,-10.2,22.5,34.0,,,,,,,
"cocke county, tn",,,,,,,,,,,,,,,,,14685.0,13932.0,69.5,45361.0,753.0,5.1,
coconino county,1323.0,1126.0,811.0,10756.0,286.0,1326.0,197.0,1097.0,144223.0,9.2,7.8,5.6,2.0,1.4,7.6,32.0,,,,,,,
"coconino county, az",,,,,,,,,,,,,,,,,73616.0,70437.0,86.1,64016.0,3179.0,4.3,
codington county,325.0,284.0,197.0,498.0,19.0,252.0,41.0,216.0,28736.0,11.4,9.9,6.9,0.7,1.4,7.5,-5.0,,,,,,,
"codington county, sd",,,,,,,,,,,,,,,,,15970.0,15659.0,92.1,65009.0,311.0,1.9,
coffee county,673.0,691.0,602.0,702.0,57.0,641.0,-18.0,659.0,54840.0,12.3,12.7,11.0,1.0,-0.3,12.1,0.0,,,,,,,
"coffee county, al",,,,,,,,,,,,,,,,,21624.0,21090.0,104.6,62429.0,534.0,2.5,
"coffee county, ga",,,,,,,,,,,,,,,,,18560.0,17875.0,67.1,48792.0,685.0,3.7,
"coffee county, tn",,,,,,,,,,,,,,,,,25174.0,24324.0,86.6,56519.0,850.0,3.4,
coffey county,71.0,115.0,-49.0,110.0,8.0,-85.0,-44.0,-41.0,8252.0,8.6,13.9,-5.9,1.0,-5.3,-4.9,0.0,,,,,,,
"coffey county, ks",,,,,,,,,,,,,,,,,3792.0,3663.0,100.4,69100.0,129.0,3.4,
coke county,36.0,69.0,51.0,72.0,0.0,18.0,-33.0,51.0,3322.0,10.9,20.8,15.4,0.0,-10.0,15.4,0.0,,,,,,,
"coke county, tx",,,,,,,,,,,,,,,,,1546.0,1492.0,60.6,43774.0,54.0,3.5,
colbert county,633.0,891.0,590.0,407.0,11.0,349.0,-258.0,601.0,57993.0,10.9,15.4,10.2,0.2,-4.5,10.4,6.0,,,,,,,
"colbert county, al",,,,,,,,,,,,,,,,,23749.0,23047.0,91.4,54593.0,702.0,3.0,
cole county,814.0,815.0,281.0,4181.0,113.0,353.0,-1.0,394.0,76956.0,10.6,10.6,3.7,1.5,0.0,5.1,-40.0,,,,,,,
"cole county, mo",,,,,,,,,,,,,,,,,38856.0,38065.0,109.3,70837.0,791.0,2.0,
coleman county,89.0,213.0,218.0,33.0,-2.0,100.0,-124.0,216.0,7822.0,11.5,27.4,28.0,-0.3,-16.0,27.8,8.0,,,,,,,
"coleman county, tx",,,,,,,,,,,,,,,,,3056.0,2922.0,63.4,45834.0,134.0,4.4,
coles county,453.0,606.0,-349.0,2705.0,46.0,-456.0,-153.0,-303.0,46346.0,9.7,13.0,-7.5,1.0,-3.3,-6.5,0.0,,,,,,,
"coles county, il",,,,,,,,,,,,,,,,,22640.0,21639.0,75.2,57712.0,1001.0,4.4,
colfax county,159.0,69.0,-253.0,48.0,135.0,-24.0,90.0,-118.0,10453.0,15.2,6.6,-24.2,12.9,8.6,-11.3,4.0,,,,,,,
"colfax county, ne",,,,,,,,,,,,,,,,,5755.0,5650.0,99.6,69549.0,105.0,1.8,
"colfax county, nm",,,,,,,,,,,,,,,,,5335.0,5125.0,83.5,49966.0,210.0,3.9,
colleton county,458.0,738.0,341.0,416.0,53.0,121.0,-280.0,394.0,38580.0,11.9,19.2,8.9,1.4,-7.3,10.2,7.0,,,,,,,
"colleton county, sc",,,,,,,,,,,,,,,,,15883.0,15332.0,74.6,47933.0,551.0,3.5,
collier county,3355.0,4641.0,8969.0,4937.0,2231.0,10290.0,-1286.0,11200.0,397516.0,8.6,11.8,22.9,5.7,-3.3,28.5,376.0,,,,,,,
"collier county, fl",,,,,,,,,,,,,,,,,186959.0,181535.0,118.1,81821.0,5424.0,2.9,
collin county,12548.0,6022.0,29755.0,9063.0,7203.0,44334.0,6526.0,36958.0,1158995.0,11.0,5.3,26.2,6.3,5.7,32.5,850.0,,,,,,,
"collin county, tx",,,,,,,,,,,,,,,,,625800.0,605672.0,157.6,113943.0,20128.0,3.2,
collingsworth county,34.0,42.0,-13.0,9.0,-1.0,-22.0,-8.0,-14.0,2585.0,13.1,16.2,-5.0,-0.4,-3.1,-5.4,0.0,,,,,,,
"collingsworth county, tx",,,,,,,,,,,,,,,,,1088.0,1050.0,72.1,52093.0,38.0,3.5,
colonial heights city,271.0,323.0,103.0,194.0,11.0,53.0,-52.0,114.0,18278.0,14.8,17.7,5.6,0.6,-2.8,6.2,-9.0,,,,,,,
"colonial heights city, va",,,,,,,,,,,,,,,,,8532.0,8264.0,79.8,68456.0,268.0,3.1,
colorado county,286.0,345.0,204.0,418.0,47.0,190.0,-59.0,251.0,20832.0,13.8,16.6,9.8,2.3,-2.8,12.1,-2.0,,,,,,,
"colorado county, tx",,,,,,,,,,,,,,,,,10232.0,9868.0,82.6,59711.0,364.0,3.6,
colquitt county,622.0,630.0,-70.0,955.0,175.0,67.0,-8.0,105.0,45830.0,13.6,13.8,-1.5,3.8,-0.2,2.3,-30.0,,,,,,,
"colquitt county, ga",,,,,,,,,,,,,,,,,21895.0,21252.0,67.7,49214.0,643.0,2.9,
columbia county,274.0,319.0,-165.0,1901.0,15.0,-204.0,-45.0,-150.0,22286.0,12.2,14.2,-7.4,0.7,-2.0,-6.7,-9.0,,,,,,,
"columbia county, ar",,,,,,,,,,,,,,,,,8691.0,8321.0,85.2,47278.0,370.0,4.3,
"columbia county, fl",,,,,,,,,,,,,,,,,29366.0,28388.0,78.0,54060.0,978.0,3.3,
"columbia county, ga",,,,,,,,,,,,,,,,,75689.0,73484.0,129.5,94224.0,2205.0,2.9,
"columbia county, ny",,,,,,,,,,,,,,,,,30401.0,29549.0,105.1,83533.0,852.0,2.8,
"columbia county, or",,,,,,,,,,,,,,,,,24960.0,23828.0,102.6,77572.0,1132.0,4.5,
"columbia county, pa",,,,,,,,,,,,,,,,,33868.0,32451.0,82.4,59127.0,1417.0,4.2,
"columbia county, wa",,,,,,,,,,,,,,,,,1738.0,1647.0,69.0,62935.0,91.0,5.2,
"columbia county, wi",,,,,,,,,,,,,,,,,31918.0,31081.0,110.9,78767.0,837.0,2.6,
columbiana county,970.0,1635.0,-49.0,3730.0,-7.0,-783.0,-665.0,-56.0,100569.0,9.6,16.2,-0.5,-0.1,-6.6,-0.6,-62.0,,,,,,,
"columbiana county, oh",,,,,,,,,,,,,,,,,44774.0,42709.0,82.3,54167.0,2065.0,4.6,
columbus county,607.0,895.0,346.0,2492.0,3.0,55.0,-288.0,349.0,50075.0,12.1,17.9,6.9,0.1,-5.8,7.0,-6.0,,,,,,,
"columbus county, nc",,,,,,,,,,,,,,,,,23539.0,22522.0,67.2,45379.0,1017.0,4.3,
colusa county,287.0,186.0,-114.0,138.0,3.0,-10.0,101.0,-111.0,21909.0,13.1,8.5,-5.2,0.1,4.6,-5.1,0.0,,,,,,,
"colusa county, ca",,,,,,,,,,,,,,,,,10199.0,9000.0,79.7,72963.0,1199.0,11.8,
comal county,1807.0,1751.0,9237.0,1486.0,42.0,9772.0,56.0,9279.0,184749.0,10.0,9.7,51.4,0.2,0.3,51.6,437.0,,,,,,,
"comal county, tx",,,,,,,,,,,,,,,,,82200.0,79317.0,128.6,92979.0,2883.0,3.5,
comanche county,18.0,33.0,39.0,42.0,0.0,27.0,-15.0,39.0,1690.0,10.7,19.7,23.3,0.0,-8.9,23.3,3.0,,,,,,,
"comanche county, ks",,,,,,,,,,,,,,,,,868.0,849.0,78.0,53657.0,19.0,2.2,
"comanche county, ok",,,,,,,,,,,,,,,,,47985.0,46232.0,93.2,55600.0,1753.0,3.7,
"comanche county, tx",,,,,,,,,,,,,,,,,6343.0,6120.0,71.3,51559.0,223.0,3.5,
"comerio municipio, pr",,,,,,,,,,,,,,,,,5303.0,4944.0,,,359.0,6.8,
comerío municipio,,,,,,,,,18613.0,,,,,,,,,,,,,,
concho county,25.0,34.0,12.0,1052.0,19.0,19.0,-9.0,31.0,3367.0,7.4,10.1,3.6,5.7,-2.7,9.2,-3.0,,,,,,,
"concho county, tx",,,,,,,,,,,,,,,,,1333.0,1290.0,70.8,51191.0,43.0,3.2,
concordia parish,161.0,296.0,-273.0,874.0,81.0,-322.0,-135.0,-192.0,18026.0,8.9,16.3,-15.0,4.5,-7.4,-10.6,5.0,,,,,,,
"concordia parish, la",,,,,,,,,,,,,,,,,6931.0,6611.0,74.1,41101.0,320.0,4.6,
conecuh county,134.0,221.0,-4.0,128.0,0.0,-96.0,-87.0,-4.0,11224.0,11.9,19.6,-0.4,0.0,-7.7,-0.4,-5.0,,,,,,,
"conecuh county, al",,,,,,,,,,,,,,,,,4252.0,4106.0,60.5,36106.0,146.0,3.4,
conejos county,101.0,113.0,21.0,57.0,-1.0,5.0,-12.0,20.0,7587.0,13.3,14.9,2.8,-0.1,-1.6,2.6,-3.0,,,,,,,
"conejos county, co",,,,,,,,,,,,,,,,,3931.0,3802.0,55.2,49141.0,129.0,3.3,
contra costa county,11774.0,8998.0,-14649.0,10905.0,4660.0,-6922.0,2776.0,-9989.0,1157019.0,10.1,7.8,-12.6,4.0,2.4,-8.6,291.0,,,,,,,
"contra costa county, ca",,,,,,,,,,,,,,,,,547625.0,528017.0,130.8,119667.0,19608.0,3.6,
converse county,144.0,162.0,120.0,84.0,4.0,103.0,-18.0,124.0,13765.0,10.5,11.8,8.8,0.3,-1.3,9.0,-3.0,,,,,,,
"converse county, wy",,,,,,,,,,,,,,,,,7731.0,7504.0,109.5,78015.0,227.0,2.9,
conway county,232.0,316.0,187.0,171.0,18.0,119.0,-84.0,205.0,21021.0,11.1,15.1,8.9,0.9,-4.0,9.8,-2.0,,,,,,,
"conway county, ar",,,,,,,,,,,,,,,,,8333.0,8030.0,94.4,52405.0,303.0,3.6,
cook county,217.0,236.0,110.0,273.0,58.0,147.0,-19.0,168.0,17409.0,12.5,13.6,6.3,3.3,-1.1,9.7,-2.0,,,,,,,
"cook county, ga",,,,,,,,,,,,,,,,,8226.0,7963.0,61.1,44476.0,263.0,3.2,
"cook county, il",,,,,,,,,,,,,,,,,2659157.0,2528507.0,99.8,76614.0,130650.0,4.9,
"cook county, mn",,,,,,,,,,,,,,,,,2870.0,2774.0,84.1,69279.0,96.0,3.3,
cooke county,555.0,523.0,581.0,743.0,20.0,650.0,32.0,601.0,43048.0,13.0,12.2,13.6,0.5,0.7,14.1,17.0,,,,,,,
"cooke county, tx",,,,,,,,,,,,,,,,,20068.0,19386.0,92.0,66466.0,682.0,3.4,
cooper county,182.0,225.0,135.0,721.0,1.0,87.0,-43.0,136.0,16763.0,10.9,13.5,8.1,0.1,-2.6,8.1,-6.0,,,,,,,
"cooper county, mo",,,,,,,,,,,,,,,,,7036.0,6862.0,97.6,63247.0,174.0,2.5,
coos county,227.0,587.0,409.0,1414.0,27.0,97.0,-360.0,436.0,31476.0,7.2,18.7,13.0,0.9,-11.5,13.9,21.0,,,,,,,
"coos county, nh",,,,,,,,,,,,,,,,,14249.0,13815.0,57.6,52292.0,434.0,3.0,
"coos county, or",,,,,,,,,,,,,,,,,26391.0,25083.0,74.0,55983.0,1308.0,5.0,
coosa county,86.0,183.0,90.0,286.0,-2.0,-7.0,-97.0,88.0,10307.0,8.3,17.7,8.7,-0.2,-9.4,8.5,2.0,,,,,,,
"coosa county, al",,,,,,,,,,,,,,,,,4463.0,4353.0,82.9,49485.0,110.0,2.5,
copiah county,317.0,396.0,-166.0,932.0,43.0,-210.0,-79.0,-123.0,27712.0,11.4,14.2,-6.0,1.5,-2.8,-4.4,-8.0,,,,,,,
"copiah county, ms",,,,,,,,,,,,,,,,,10733.0,10271.0,82.0,43308.0,462.0,4.3,
copper river census area,25.0,39.0,3.0,25.0,-1.0,-12.0,-14.0,2.0,2609.0,9.6,14.9,1.1,-0.4,-5.4,0.8,0.0,,,,,,,
"copper river census area, ak",,,,,,,,,,,,,,,,,1406.0,1271.0,72.5,63837.0,135.0,9.6,
corozal municipio,,,,,,,,,34304.0,,,,,,,,,,,,,,
"corozal municipio, pr",,,,,,,,,,,,,,,,,9561.0,8877.0,,,684.0,7.2,
corson county,74.0,64.0,-40.0,7.0,0.0,-32.0,10.0,-40.0,3817.0,19.3,16.7,-10.4,0.0,2.6,-10.4,-2.0,,,,,,,
"corson county, sd",,,,,,,,,,,,,,,,,1278.0,1241.0,55.7,39329.0,37.0,2.9,
cortland county,419.0,557.0,-185.0,4029.0,14.0,-332.0,-138.0,-171.0,46081.0,9.1,12.0,-4.0,0.3,-3.0,-3.7,-23.0,,,,,,,
"cortland county, ny",,,,,,,,,,,,,,,,,22551.0,21678.0,73.3,58274.0,873.0,3.9,
coryell county,1026.0,707.0,-631.0,12043.0,121.0,-184.0,319.0,-510.0,84205.0,12.2,8.4,-7.5,1.4,3.8,-6.1,7.0,,,,,,,
"coryell county, tx",,,,,,,,,,,,,,,,,24651.0,23532.0,87.8,63428.0,1119.0,4.5,
coshocton county,429.0,530.0,67.0,348.0,10.0,-43.0,-101.0,77.0,36615.0,11.7,14.5,1.8,0.3,-2.8,2.1,-19.0,,,,,,,
"coshocton county, oh",,,,,,,,,,,,,,,,,13663.0,12997.0,77.1,50731.0,666.0,4.9,
costilla county,35.0,59.0,27.0,13.0,0.0,2.0,-24.0,27.0,3615.0,9.7,16.3,7.5,0.0,-6.6,7.5,-1.0,,,,,,,
"costilla county, co",,,,,,,,,,,,,,,,,1768.0,1694.0,41.5,36970.0,74.0,4.2,
cottle county,10.0,21.0,-27.0,0.0,0.0,-38.0,-11.0,-27.0,1317.0,7.5,15.7,-20.2,0.0,-8.2,-20.2,0.0,,,,,,,
"cottle county, tx",,,,,,,,,,,,,,,,,862.0,838.0,62.7,45351.0,24.0,2.8,
cotton county,58.0,109.0,57.0,36.0,0.0,7.0,-51.0,57.0,5449.0,10.7,20.0,10.5,0.0,-9.4,10.5,1.0,,,,,,,
"cotton county, ok",,,,,,,,,,,,,,,,,2711.0,2627.0,85.6,51036.0,84.0,3.1,
cottonwood county,142.0,167.0,-196.0,319.0,5.0,-212.0,-25.0,-191.0,11382.0,12.4,14.5,-17.1,0.4,-2.2,-16.6,4.0,,,,,,,
"cottonwood county, mn",,,,,,,,,,,,,,,,,6647.0,6468.0,72.8,59981.0,179.0,2.7,
covington city,73.0,122.0,-35.0,77.0,4.0,-83.0,-49.0,-31.0,5633.0,12.9,21.5,-6.2,0.7,-8.6,-5.5,-3.0,,,,,,,
"covington city, va",,,,,,,,,,,,,,,,,2285.0,2193.0,54.3,46592.0,92.0,4.0,
covington county,418.0,711.0,336.0,778.0,-1.0,33.0,-293.0,335.0,37603.0,11.1,18.9,8.9,0.0,-7.8,8.9,-9.0,,,,,,,
"covington county, al",,,,,,,,,,,,,,,,,15080.0,14692.0,78.7,46958.0,388.0,2.6,
"covington county, ms",,,,,,,,,,,,,,,,,8197.0,7917.0,88.3,46630.0,280.0,3.4,
coweta county,1658.0,1527.0,2515.0,997.0,189.0,2906.0,131.0,2704.0,152879.0,10.9,10.1,16.6,1.2,0.9,17.9,71.0,,,,,,,
"coweta county, ga",,,,,,,,,,,,,,,,,77557.0,75424.0,120.5,87618.0,2133.0,2.8,
cowley county,414.0,528.0,-110.0,1949.0,30.0,-201.0,-114.0,-80.0,34423.0,12.0,15.3,-3.2,0.9,-3.3,-2.3,-7.0,,,,,,,
"cowley county, ks",,,,,,,,,,,,,,,,,16415.0,15935.0,82.0,56416.0,480.0,2.9,
cowlitz county,1230.0,1509.0,563.0,937.0,107.0,379.0,-279.0,670.0,112064.0,11.0,13.5,5.0,1.0,-2.5,6.0,-12.0,,,,,,,
"cowlitz county, wa",,,,,,,,,,,,,,,,,48420.0,45801.0,78.7,71847.0,2619.0,5.4,
craig county,156.0,232.0,35.0,985.0,25.0,-25.0,-76.0,60.0,14176.0,11.0,16.4,2.5,1.8,-5.4,4.2,-9.0,,,,,,,
"craig county, ok",,,,,,,,,,,,,,,,,5944.0,5758.0,82.0,48922.0,186.0,3.1,
"craig county, va",,,,,,,,,,,,,,,,,2310.0,2242.0,73.0,62672.0,68.0,2.9,
craighead county,1553.0,1219.0,721.0,3178.0,48.0,1069.0,334.0,769.0,112863.0,13.8,10.9,6.4,0.4,3.0,6.8,-34.0,,,,,,,
"craighead county, ar",,,,,,,,,,,,,,,,,57007.0,55481.0,109.1,60580.0,1526.0,2.7,
crane county,66.0,48.0,-105.0,88.0,-2.0,-85.0,18.0,-107.0,4551.0,14.4,10.4,-22.9,-0.4,3.9,-23.3,4.0,,,,,,,
"crane county, tx",,,,,,,,,,,,,,,,,1649.0,1567.0,93.9,67889.0,82.0,5.0,
craven county,1267.0,1361.0,699.0,3343.0,85.0,691.0,-94.0,784.0,101087.0,12.6,13.5,6.9,0.8,-0.9,7.8,1.0,,,,,,,
"craven county, nc",,,,,,,,,,,,,,,,,42075.0,40508.0,93.4,63076.0,1567.0,3.7,
crawford county,725.0,875.0,648.0,673.0,126.0,611.0,-150.0,774.0,61041.0,11.9,14.4,10.7,2.1,-2.5,12.7,-13.0,,,,,,,
"crawford county, ar",,,,,,,,,,,,,,,,,26156.0,25343.0,98.6,54741.0,813.0,3.1,
"crawford county, ga",,,,,,,,,,,,,,,,,5340.0,5167.0,82.9,60295.0,173.0,3.2,
"crawford county, ia",,,,,,,,,,,,,,,,,7793.0,7467.0,96.6,67363.0,326.0,4.2,
"crawford county, il",,,,,,,,,,,,,,,,,8288.0,7933.0,86.4,66333.0,355.0,4.3,
"crawford county, in",,,,,,,,,,,,,,,,,4793.0,4622.0,80.2,53547.0,171.0,3.6,
"crawford county, ks",,,,,,,,,,,,,,,,,19116.0,18569.0,75.3,51835.0,547.0,2.9,
"crawford county, mi",,,,,,,,,,,,,,,,,5479.0,5127.0,86.1,57600.0,352.0,6.4,
"crawford county, mo",,,,,,,,,,,,,,,,,10685.0,10371.0,81.1,52536.0,314.0,2.9,
"crawford county, oh",,,,,,,,,,,,,,,,,17652.0,16808.0,85.0,55912.0,844.0,4.8,
"crawford county, pa",,,,,,,,,,,,,,,,,37890.0,36199.0,76.3,54774.0,1691.0,4.5,
"crawford county, wi",,,,,,,,,,,,,,,,,7093.0,6822.0,89.9,63862.0,271.0,3.8,
creek county,779.0,1093.0,768.0,731.0,15.0,462.0,-314.0,783.0,72686.0,10.8,15.1,10.6,0.2,-4.3,10.8,-7.0,,,,,,,
"creek county, ok",,,,,,,,,,,,,,,,,31810.0,30683.0,96.5,57545.0,1127.0,3.5,
crenshaw county,156.0,240.0,55.0,153.0,14.0,-21.0,-84.0,69.0,13048.0,11.9,18.4,4.2,1.1,-6.4,5.3,-6.0,,,,,,,
"crenshaw county, al",,,,,,,,,,,,,,,,,5965.0,5805.0,82.3,49161.0,160.0,2.7,
crisp county,236.0,305.0,-197.0,421.0,-3.0,-271.0,-69.0,-200.0,19729.0,11.9,15.4,-9.9,-0.2,-3.5,-10.1,-2.0,,,,,,,
"crisp county, ga",,,,,,,,,,,,,,,,,9731.0,9305.0,60.3,43884.0,426.0,4.4,
crittenden county,703.0,674.0,-436.0,474.0,30.0,-387.0,29.0,-406.0,47051.0,14.9,14.3,-9.2,0.6,0.6,-8.6,-10.0,,,,,,,
"crittenden county, ar",,,,,,,,,,,,,,,,,20422.0,19620.0,89.4,49644.0,802.0,3.9,
"crittenden county, ky",,,,,,,,,,,,,,,,,3800.0,3638.0,85.2,50452.0,162.0,4.3,
crockett county,156.0,217.0,-76.0,170.0,12.0,-128.0,-61.0,-64.0,13862.0,11.2,15.6,-5.5,0.9,-4.4,-4.6,-3.0,,,,,,,
"crockett county, tn",,,,,,,,,,,,,,,,,6847.0,6628.0,82.2,53598.0,219.0,3.2,
"crockett county, tx",,,,,,,,,,,,,,,,,1432.0,1375.0,99.4,71851.0,57.0,4.0,
crook county,250.0,333.0,659.0,157.0,1.0,615.0,-83.0,660.0,26377.0,9.6,12.8,25.3,0.0,-3.2,25.3,38.0,,,,,,,
"crook county, or",,,,,,,,,,,,,,,,,11182.0,10608.0,92.0,69563.0,574.0,5.1,
"crook county, wy",,,,,,,,,,,,,,,,,3944.0,3831.0,98.5,70196.0,113.0,2.9,
crosby county,67.0,100.0,-68.0,65.0,9.0,-93.0,-33.0,-59.0,4992.0,13.3,19.8,-13.5,1.8,-6.5,-11.7,-1.0,,,,,,,
"crosby county, tx",,,,,,,,,,,,,,,,,2420.0,2319.0,64.3,46457.0,101.0,4.2,
cross county,189.0,271.0,-22.0,145.0,30.0,-82.0,-82.0,8.0,16590.0,11.4,16.3,-1.3,1.8,-4.9,0.5,-8.0,,,,,,,
"cross county, ar",,,,,,,,,,,,,,,,,6903.0,6656.0,87.0,48299.0,247.0,3.6,
crow wing county,633.0,848.0,728.0,1313.0,16.0,542.0,-215.0,744.0,67884.0,9.4,12.5,10.8,0.2,-3.2,11.0,13.0,,,,,,,
"crow wing county, mn",,,,,,,,,,,,,,,,,33473.0,32441.0,81.8,67373.0,1032.0,3.1,
crowley county,29.0,68.0,-71.0,2531.0,-1.0,-108.0,-39.0,-72.0,5627.0,5.1,12.0,-12.5,-0.2,-6.9,-12.7,3.0,,,,,,,
"crowley county, co",,,,,,,,,,,,,,,,,1356.0,1304.0,55.9,49785.0,52.0,3.8,
culberson county,31.0,31.0,-20.0,48.0,1.0,-19.0,0.0,-19.0,2163.0,14.3,14.3,-9.2,0.5,0.0,-8.7,0.0,,,,,,,
"culberson county, tx",,,,,,,,,,,,,,,,,1159.0,1126.0,72.2,52160.0,33.0,2.8,
culebra municipio,,,,,,,,,1769.0,,,,,,,,,,,,,,
"culebra municipio, pr",,,,,,,,,,,,,,,,,986.0,963.0,,,23.0,2.3,
cullman county,1003.0,1300.0,1293.0,1244.0,-2.0,1024.0,-297.0,1291.0,90663.0,11.1,14.4,14.3,0.0,-3.3,14.3,30.0,,,,,,,
"cullman county, al",,,,,,,,,,,,,,,,,39477.0,38688.0,103.5,61774.0,789.0,2.0,
culpeper county,667.0,566.0,287.0,1430.0,147.0,518.0,101.0,434.0,54290.0,12.3,10.5,5.3,2.7,1.9,8.0,-17.0,,,,,,,
"culpeper county, va",,,,,,,,,,,,,,,,,25528.0,24839.0,109.8,94287.0,689.0,2.7,
cumberland county,107.0,148.0,3.0,98.0,0.0,-44.0,-41.0,3.0,10308.0,10.4,14.3,0.3,0.0,-4.0,0.3,-6.0,,,,,,,
"cumberland county, il",,,,,,,,,,,,,,,,,5930.0,5719.0,103.1,79140.0,211.0,3.6,
"cumberland county, ky",,,,,,,,,,,,,,,,,3362.0,3252.0,82.5,48864.0,110.0,3.3,
"cumberland county, me",,,,,,,,,,,,,,,,,163301.0,159534.0,127.5,88571.0,3767.0,2.3,
"cumberland county, nc",,,,,,,,,,,,,,,,,127611.0,121003.0,85.9,58013.0,6608.0,5.2,
"cumberland county, nj",,,,,,,,,,,,,,,,,69010.0,65338.0,63.2,60892.0,3672.0,5.3,
"cumberland county, pa",,,,,,,,,,,,,,,,,134905.0,130606.0,113.2,81295.0,4299.0,3.2,
"cumberland county, tn",,,,,,,,,,,,,,,,,23261.0,22264.0,81.8,53388.0,997.0,4.3,
"cumberland county, va",,,,,,,,,,,,,,,,,4719.0,4562.0,64.4,55257.0,157.0,3.3,
cuming county,123.0,121.0,-46.0,82.0,8.0,-37.0,2.0,-38.0,8953.0,13.7,13.5,-5.1,0.9,0.2,-4.2,-1.0,,,,,,,
"cuming county, ne",,,,,,,,,,,,,,,,,4858.0,4772.0,94.2,65809.0,86.0,1.8,
currituck county,345.0,318.0,1231.0,135.0,-6.0,1308.0,27.0,1225.0,31008.0,11.4,10.5,40.6,-0.2,0.9,40.4,56.0,,,,,,,
"currituck county, nc",,,,,,,,,,,,,,,,,14704.0,14187.0,112.9,76217.0,517.0,3.5,
curry county,782.0,576.0,-788.0,833.0,76.0,-506.0,206.0,-712.0,47430.0,16.4,12.1,-16.5,1.6,4.3,-14.9,0.0,,,,,,,
"curry county, nm",,,,,,,,,,,,,,,,,22276.0,21551.0,87.7,52463.0,725.0,3.3,
"curry county, or",,,,,,,,,,,,,,,,,9165.0,8698.0,72.2,54595.0,467.0,5.1,
custer county,38.0,61.0,279.0,4.0,1.0,274.0,-23.0,280.0,5337.0,7.3,11.7,53.7,0.2,-4.4,53.8,17.0,,,,,,,
"custer county, co",,,,,,,,,,,,,,,,,2280.0,2211.0,76.1,67766.0,69.0,3.0,
"custer county, id",,,,,,,,,,,,,,,,,2142.0,2065.0,79.0,57405.0,77.0,3.6,
"custer county, mt",,,,,,,,,,,,,,,,,6327.0,6169.0,95.3,64743.0,158.0,2.5,
"custer county, ne",,,,,,,,,,,,,,,,,6362.0,6262.0,86.4,60328.0,100.0,1.6,
"custer county, ok",,,,,,,,,,,,,,,,,15137.0,14734.0,90.6,54056.0,403.0,2.7,
"custer county, sd",,,,,,,,,,,,,,,,,4208.0,4091.0,106.7,75336.0,117.0,2.8,
cuyahoga county,12957.0,15992.0,-10473.0,25662.0,3280.0,-10502.0,-3035.0,-7193.0,1236994.0,10.4,12.9,-8.4,2.6,-2.4,-5.8,-274.0,,,,,,,
"cuyahoga county, oh",,,,,,,,,,,,,,,,,600431.0,571700.0,92.4,60808.0,28731.0,4.8,
dade county,151.0,238.0,-41.0,633.0,6.0,-131.0,-87.0,-35.0,16090.0,9.3,14.7,-2.5,0.4,-5.4,-2.2,-9.0,,,,,,,
"dade county, ga",,,,,,,,,,,,,,,,,8038.0,7822.0,82.1,59708.0,216.0,2.7,
"dade county, mo",,,,,,,,,,,,,,,,,3409.0,3331.0,76.2,49386.0,78.0,2.3,
daggett county,8.0,7.0,31.0,0.0,0.0,33.0,1.0,31.0,1015.0,8.0,7.0,31.0,0.0,1.0,31.0,1.0,,,,,,,
"daggett county, ut",,,,,,,,,,,,,,,,,408.0,389.0,75.0,66427.0,19.0,4.7,
dakota county,5054.0,3382.0,-2084.0,3997.0,995.0,542.0,1672.0,-1089.0,443272.0,11.4,7.6,-4.7,2.2,3.8,-2.5,-41.0,,,,,,,
"dakota county, mn",,,,,,,,,,,,,,,,,241305.0,235800.0,118.7,97727.0,5505.0,2.3,
"dakota county, ne",,,,,,,,,,,,,,,,,10971.0,10684.0,94.5,65986.0,287.0,2.6,
dale county,689.0,707.0,110.0,757.0,29.0,100.0,-18.0,139.0,49495.0,13.9,14.3,2.2,0.6,-0.4,2.8,-21.0,,,,,,,
"dale county, al",,,,,,,,,,,,,,,,,21026.0,20490.0,84.7,50567.0,536.0,2.5,
dallam county,187.0,78.0,-162.0,27.0,105.0,60.0,109.0,-57.0,7235.0,26.0,10.8,-22.5,14.6,15.1,-7.9,8.0,,,,,,,
"dallam county, tx",,,,,,,,,,,,,,,,,3896.0,3804.0,85.3,61636.0,92.0,2.4,
dallas county,428.0,625.0,-635.0,476.0,34.0,-786.0,-197.0,-601.0,36729.0,11.5,16.8,-17.1,0.9,-5.3,-16.2,12.0,,,,,,,
"dallas county, al",,,,,,,,,,,,,,,,,13733.0,13058.0,59.1,35258.0,675.0,4.9,
"dallas county, ar",,,,,,,,,,,,,,,,,2696.0,2591.0,80.1,44476.0,105.0,3.9,
"dallas county, ia",,,,,,,,,,,,,,,,,53951.0,52836.0,156.6,109138.0,1115.0,2.1,
"dallas county, mo",,,,,,,,,,,,,,,,,7162.0,6962.0,76.9,49830.0,200.0,2.8,
"dallas county, tx",,,,,,,,,,,,,,,,,1421836.0,1368400.0,98.1,70871.0,53436.0,3.8,
dane county,5613.0,3949.0,2540.0,17526.0,2066.0,6216.0,1664.0,4606.0,567758.0,9.9,7.0,4.5,3.7,2.9,8.2,-54.0,,,,,,,
"dane county, wi",,,,,,,,,,,,,,,,,331415.0,324324.0,119.9,85189.0,7091.0,2.1,
daniels county,15.0,21.0,-20.0,19.0,0.0,-26.0,-6.0,-20.0,1645.0,9.0,12.7,-12.1,0.0,-3.6,-12.1,0.0,,,,,,,
"daniels county, mt",,,,,,,,,,,,,,,,,871.0,854.0,84.1,57141.0,17.0,2.0,
danville city,464.0,910.0,143.0,1486.0,47.0,-268.0,-446.0,190.0,42017.0,11.0,21.6,3.4,1.1,-10.6,4.5,-12.0,,,,,,,
"danville city, va",,,,,,,,,,,,,,,,,18699.0,17861.0,47.5,40799.0,838.0,4.5,
dare county,290.0,415.0,143.0,264.0,56.0,73.0,-125.0,199.0,37987.0,7.6,10.9,3.8,1.5,-3.3,5.2,-1.0,,,,,,,
"dare county, nc",,,,,,,,,,,,,,,,,19999.0,19129.0,121.5,82052.0,870.0,4.4,
darke county,575.0,741.0,70.0,624.0,9.0,-116.0,-166.0,79.0,51526.0,11.1,14.4,1.4,0.2,-3.2,1.5,-29.0,,,,,,,
"darke county, oh",,,,,,,,,,,,,,,,,25537.0,24634.0,99.8,65643.0,903.0,3.5,
darlington county,731.0,1117.0,66.0,1022.0,70.0,-289.0,-386.0,136.0,62436.0,11.7,17.8,1.1,1.1,-6.2,2.2,-39.0,,,,,,,
"darlington county, sc",,,,,,,,,,,,,,,,,29949.0,28898.0,78.5,50427.0,1051.0,3.5,
dauphin county,3237.0,3175.0,-254.0,6881.0,806.0,435.0,62.0,552.0,288687.0,11.2,11.0,-0.9,2.8,0.2,1.9,-179.0,,,,,,,
"dauphin county, pa",,,,,,,,,,,,,,,,,145887.0,140459.0,94.5,67813.0,5428.0,3.7,
davidson county,1781.0,2409.0,2111.0,1881.0,181.0,1663.0,-628.0,2292.0,172380.0,10.4,14.0,12.3,1.1,-3.7,13.4,-1.0,,,,,,,
"davidson county, nc",,,,,,,,,,,,,,,,,81375.0,78484.0,94.2,63590.0,2891.0,3.6,
"davidson county, tn",,,,,,,,,,,,,,,,,414106.0,402427.0,111.2,72561.0,11679.0,2.8,
davie county,424.0,600.0,623.0,415.0,18.0,463.0,-176.0,641.0,44115.0,9.7,13.7,14.2,0.4,-4.0,14.6,-2.0,,,,,,,
"davie county, nc",,,,,,,,,,,,,,,,,20745.0,20035.0,94.0,63436.0,710.0,3.4,
daviess county,535.0,353.0,-182.0,647.0,102.0,100.0,182.0,-80.0,33496.0,16.0,10.6,-5.4,3.0,5.4,-2.4,-2.0,,,,,,,
"daviess county, in",,,,,,,,,,,,,,,,,16608.0,16219.0,95.5,63777.0,389.0,2.3,
"daviess county, ky",,,,,,,,,,,,,,,,,45401.0,43578.0,111.3,65949.0,1823.0,4.0,
"daviess county, mo",,,,,,,,,,,,,,,,,3931.0,3832.0,82.8,53639.0,99.0,2.5,
davis county,152.0,88.0,-94.0,84.0,25.0,-3.0,64.0,-69.0,9147.0,16.6,9.6,-10.3,2.7,7.0,-7.5,2.0,,,,,,,
"davis county, ia",,,,,,,,,,,,,,,,,4289.0,4182.0,93.5,65201.0,107.0,2.5,
"davis county, ut",,,,,,,,,,,,,,,,,184020.0,179956.0,116.5,103143.0,4064.0,2.2,
davison county,228.0,242.0,22.0,518.0,11.0,8.0,-14.0,33.0,19907.0,11.5,12.2,1.1,0.6,-0.7,1.7,-11.0,,,,,,,
"davison county, sd",,,,,,,,,,,,,,,,,11068.0,10866.0,90.3,63753.0,202.0,1.8,
dawes county,76.0,103.0,130.0,753.0,-2.0,103.0,-27.0,128.0,8252.0,9.3,12.6,15.9,-0.2,-3.3,15.6,2.0,,,,,,,
"dawes county, ne",,,,,,,,,,,,,,,,,5024.0,4926.0,75.4,52621.0,98.0,2.0,
dawson county,325.0,317.0,1572.0,125.0,19.0,1691.0,8.0,1591.0,30189.0,11.1,10.8,53.6,0.6,0.3,54.2,92.0,,,,,,,
"dawson county, ga",,,,,,,,,,,,,,,,,13388.0,13047.0,116.2,84551.0,341.0,2.5,
"dawson county, mt",,,,,,,,,,,,,,,,,4513.0,4405.0,89.5,60763.0,108.0,2.4,
"dawson county, ne",,,,,,,,,,,,,,,,,13640.0,13332.0,88.9,62089.0,308.0,2.3,
"dawson county, tx",,,,,,,,,,,,,,,,,4521.0,4321.0,67.5,48801.0,200.0,4.4,
day county,45.0,80.0,74.0,101.0,11.0,49.0,-35.0,85.0,5475.0,8.3,14.7,13.6,2.0,-6.4,15.6,-1.0,,,,,,,
"day county, sd",,,,,,,,,,,,,,,,,2683.0,2604.0,88.9,62786.0,79.0,2.9,
de baca county,14.0,39.0,37.0,2.0,0.0,13.0,-25.0,37.0,1692.0,8.3,23.1,22.0,0.0,-14.8,22.0,1.0,,,,,,,
"de baca county, nm",,,,,,,,,,,,,,,,,724.0,699.0,75.5,45208.0,25.0,3.5,
de soto parish,330.0,380.0,-30.0,277.0,0.0,-93.0,-50.0,-30.0,26856.0,12.3,14.1,-1.1,0.0,-1.9,-1.1,-13.0,,,,,,,
"de soto parish, la",,,,,,,,,,,,,,,,,10853.0,10439.0,95.2,52776.0,414.0,3.8,
de witt county,164.0,215.0,19.0,164.0,2.0,-38.0,-51.0,21.0,15365.0,10.7,14.0,1.2,0.1,-3.3,1.4,-8.0,,,,,,,
"de witt county, il",,,,,,,,,,,,,,,,,7304.0,6999.0,83.7,64262.0,305.0,4.2,
deaf smith county,319.0,220.0,-122.0,154.0,49.0,20.0,99.0,-73.0,18399.0,17.3,12.0,-6.6,2.7,5.4,-4.0,-6.0,,,,,,,
"deaf smith county, tx",,,,,,,,,,,,,,,,,9020.0,8748.0,76.9,55565.0,272.0,3.0,
dearborn county,449.0,632.0,225.0,536.0,8.0,25.0,-183.0,233.0,50900.0,8.8,12.4,4.4,0.2,-3.6,4.6,-25.0,,,,,,,
"dearborn county, in",,,,,,,,,,,,,,,,,25802.0,25112.0,116.3,77621.0,690.0,2.7,
decatur county,338.0,404.0,5.0,780.0,5.0,-72.0,-66.0,10.0,29019.0,11.6,13.9,0.2,0.2,-2.3,0.3,-16.0,,,,,,,
"decatur county, ga",,,,,,,,,,,,,,,,,11716.0,11322.0,63.9,46455.0,394.0,3.4,
"decatur county, ia",,,,,,,,,,,,,,,,,4376.0,4268.0,74.2,51749.0,108.0,2.5,
"decatur county, in",,,,,,,,,,,,,,,,,14478.0,14099.0,98.6,65847.0,379.0,2.6,
"decatur county, ks",,,,,,,,,,,,,,,,,1189.0,1156.0,74.3,51152.0,33.0,2.8,
"decatur county, tn",,,,,,,,,,,,,,,,,4396.0,4197.0,80.2,52294.0,199.0,4.5,
deer lodge county,69.0,127.0,65.0,580.0,20.0,26.0,-58.0,85.0,9544.0,7.2,13.3,6.8,2.1,-6.1,8.9,-1.0,,,,,,,
"deer lodge county, mt",,,,,,,,,,,,,,,,,5342.0,5206.0,77.8,52848.0,136.0,2.5,
defiance county,402.0,490.0,-25.0,696.0,86.0,-42.0,-88.0,61.0,38128.0,10.5,12.8,-0.7,2.3,-2.3,1.6,-15.0,,,,,,,
"defiance county, oh",,,,,,,,,,,,,,,,,17324.0,16638.0,97.1,63904.0,686.0,4.0,
dekalb county,834.0,1063.0,363.0,848.0,71.0,170.0,-229.0,434.0,72082.0,11.6,14.8,5.0,1.0,-3.2,6.0,-35.0,,,,,,,
"dekalb county, al",,,,,,,,,,,,,,,,,30958.0,30249.0,83.8,50037.0,709.0,2.3,
"dekalb county, ga",,,,,,,,,,,,,,,,,404413.0,391314.0,105.5,76736.0,13099.0,3.2,
"dekalb county, il",,,,,,,,,,,,,,,,,53769.0,51381.0,93.7,71882.0,2388.0,4.4,
"dekalb county, in",,,,,,,,,,,,,,,,,22316.0,21713.0,109.2,72910.0,603.0,2.7,
"dekalb county, mo",,,,,,,,,,,,,,,,,3998.0,3890.0,103.2,66880.0,108.0,2.7,
"dekalb county, tn",,,,,,,,,,,,,,,,,7697.0,7396.0,84.9,55392.0,301.0,3.9,
del norte county,261.0,343.0,-407.0,2376.0,1.0,-472.0,-82.0,-406.0,27112.0,9.5,12.5,-14.9,0.0,-3.0,-14.8,16.0,,,,,,,
"del norte county, ca",,,,,,,,,,,,,,,,,9286.0,8801.0,62.6,57297.0,485.0,5.2,
delaware county,1126.0,1582.0,504.0,7883.0,98.0,106.0,-456.0,602.0,112163.0,10.0,14.1,4.5,0.9,-4.1,5.4,-40.0,,,,,,,
"delaware county, ia",,,,,,,,,,,,,,,,,10491.0,10242.0,106.2,74017.0,249.0,2.4,
"delaware county, in",,,,,,,,,,,,,,,,,50967.0,49121.0,81.0,54059.0,1846.0,3.6,
"delaware county, ny",,,,,,,,,,,,,,,,,18419.0,17726.0,77.3,61424.0,693.0,3.8,
"delaware county, oh",,,,,,,,,,,,,,,,,115171.0,111711.0,184.7,121528.0,3460.0,3.0,
"delaware county, ok",,,,,,,,,,,,,,,,,20069.0,19473.0,91.9,54799.0,596.0,3.0,
"delaware county, pa",,,,,,,,,,,,,,,,,299925.0,288308.0,116.8,83856.0,11617.0,3.9,
delta county,261.0,516.0,400.0,518.0,11.0,168.0,-255.0,411.0,31560.0,8.3,16.4,12.7,0.3,-8.1,13.1,12.0,,,,,,,
"delta county, co",,,,,,,,,,,,,,,,,13311.0,12828.0,60.5,53910.0,483.0,3.6,
"delta county, mi",,,,,,,,,,,,,,,,,16666.0,15761.0,85.2,57019.0,905.0,5.4,
"delta county, tx",,,,,,,,,,,,,,,,,2512.0,2409.0,75.5,54587.0,103.0,4.1,
denali borough,21.0,9.0,-41.0,23.0,6.0,-20.0,12.0,-35.0,1575.0,13.2,5.7,-25.9,3.8,7.6,-22.1,3.0,,,,,,,
"denali borough, ak",,,,,,,,,,,,,,,,,991.0,926.0,103.2,90897.0,65.0,6.6,
dent county,150.0,273.0,158.0,193.0,-2.0,34.0,-123.0,156.0,14488.0,10.4,18.9,10.9,-0.1,-8.5,10.8,1.0,,,,,,,
"dent county, mo",,,,,,,,,,,,,,,,,6046.0,5850.0,81.7,52945.0,196.0,3.2,
denton county,11137.0,5171.0,23657.0,9381.0,3404.0,33877.0,5966.0,27061.0,977760.0,11.6,5.4,24.6,3.5,6.2,28.2,850.0,,,,,,,
"denton county, tx",,,,,,,,,,,,,,,,,551918.0,533977.0,142.1,102711.0,17941.0,3.3,
denver county,8332.0,5433.0,-2552.0,15470.0,1882.0,1986.0,2899.0,-670.0,713453.0,11.7,7.6,-3.6,2.6,4.1,-0.9,-243.0,,,,,,,
"denver county/city, co",,,,,,,,,,,,,,,,,435257.0,421655.0,98.3,87619.0,13602.0,3.1,
des moines county,410.0,549.0,-185.0,521.0,72.0,-264.0,-139.0,-113.0,38242.0,10.7,14.3,-4.8,1.9,-3.6,-2.9,-12.0,,,,,,,
"des moines county, ia",,,,,,,,,,,,,,,,,18370.0,17583.0,85.6,59688.0,787.0,4.3,
deschutes county,1893.0,1878.0,1049.0,1699.0,119.0,1200.0,15.0,1168.0,206483.0,9.2,9.1,5.1,0.6,0.1,5.7,17.0,,,,,,,
"deschutes county, or",,,,,,,,,,,,,,,,,102623.0,98610.0,111.4,84281.0,4013.0,3.9,
desha county,111.0,178.0,-235.0,42.0,6.0,-290.0,-67.0,-229.0,10758.0,10.2,16.3,-21.6,0.6,-6.1,-21.0,6.0,,,,,,,
"desha county, ar",,,,,,,,,,,,,,,,,4885.0,4633.0,74.3,41251.0,252.0,5.2,
desoto county,402.0,465.0,939.0,3123.0,75.0,987.0,-63.0,1014.0,35320.0,11.5,13.4,27.0,2.2,-1.8,29.1,36.0,,,,,,,
"desoto county, fl",,,,,,,,,,,,,,,,,13075.0,12608.0,68.0,47097.0,467.0,3.6,
"desoto county, ms",,,,,,,,,,,,,,,,,93460.0,90508.0,151.5,79967.0,2952.0,3.2,
deuel county,18.0,18.0,50.0,0.0,0.0,54.0,0.0,50.0,1901.0,9.6,9.6,26.7,0.0,0.0,26.7,4.0,,,,,,,
"deuel county, ne",,,,,,,,,,,,,,,,,1022.0,999.0,80.3,56099.0,23.0,2.3,
"deuel county, sd",,,,,,,,,,,,,,,,,2303.0,2238.0,110.1,77694.0,65.0,2.8,
dewey county,63.0,85.0,8.0,58.0,1.0,-14.0,-22.0,9.0,4404.0,14.3,19.3,1.8,0.2,-5.0,2.0,-1.0,,,,,,,
"dewey county, ok",,,,,,,,,,,,,,,,,2998.0,2938.0,93.0,55444.0,60.0,2.0,
"dewey county, sd",,,,,,,,,,,,,,,,,2277.0,2149.0,70.9,50048.0,128.0,5.6,
dewitt county,211.0,292.0,-119.0,1531.0,4.0,-195.0,-81.0,-115.0,19754.0,10.6,14.7,-6.0,0.2,-4.1,-5.8,1.0,,,,,,,
"dewitt county, tx",,,,,,,,,,,,,,,,,9156.0,8840.0,76.8,55525.0,316.0,3.5,
dickens county,20.0,30.0,8.0,4.0,3.0,2.0,-10.0,11.0,1736.0,11.5,17.3,4.6,1.7,-5.8,6.3,1.0,,,,,,,
"dickens county, tx",,,,,,,,,,,,,,,,,682.0,649.0,65.1,47074.0,33.0,4.8,
dickenson county,109.0,230.0,-4.0,402.0,5.0,-127.0,-121.0,1.0,13733.0,7.9,16.7,-0.3,0.4,-8.8,0.1,-7.0,,,,,,,
"dickenson county, va",,,,,,,,,,,,,,,,,4514.0,4324.0,50.4,43271.0,190.0,4.2,
dickey county,64.0,71.0,30.0,352.0,8.0,27.0,-7.0,38.0,4928.0,13.0,14.4,6.1,1.6,-1.4,7.7,-4.0,,,,,,,
"dickey county, nd",,,,,,,,,,,,,,,,,2236.0,2199.0,76.9,56326.0,37.0,1.7,
dickinson county,157.0,221.0,227.0,314.0,18.0,180.0,-64.0,245.0,18048.0,8.7,12.3,12.6,1.0,-3.6,13.6,-1.0,,,,,,,
"dickinson county, ia",,,,,,,,,,,,,,,,,10739.0,10433.0,108.2,75406.0,306.0,2.8,
"dickinson county, ks",,,,,,,,,,,,,,,,,8669.0,8431.0,91.7,63136.0,238.0,2.7,
"dickinson county, mi",,,,,,,,,,,,,,,,,12256.0,11737.0,84.2,56349.0,519.0,4.2,
dickson county,647.0,784.0,670.0,739.0,16.0,553.0,-137.0,686.0,55727.0,11.7,14.1,12.1,0.3,-2.5,12.4,4.0,,,,,,,
"dickson county, tn",,,,,,,,,,,,,,,,,27999.0,27170.0,107.6,70192.0,829.0,3.0,
dillingham census area,79.0,55.0,-111.0,40.0,12.0,-72.0,24.0,-99.0,4724.0,16.6,11.6,-23.3,2.5,5.0,-20.8,3.0,,,,,,,
"dillingham census area, ak",,,,,,,,,,,,,,,,,1656.0,1559.0,79.2,69716.0,97.0,5.9,
dillon county,385.0,507.0,-129.0,353.0,37.0,-223.0,-122.0,-92.0,27747.0,13.8,18.2,-4.6,1.3,-4.4,-3.3,-9.0,,,,,,,
"dillon county, sc",,,,,,,,,,,,,,,,,12869.0,12285.0,58.8,37752.0,584.0,4.5,
dimmit county,138.0,157.0,-102.0,181.0,-2.0,-119.0,-19.0,-104.0,8360.0,16.4,18.6,-12.1,-0.2,-2.3,-12.4,4.0,,,,,,,
"dimmit county, tx",,,,,,,,,,,,,,,,,6180.0,5942.0,61.3,44312.0,238.0,3.9,
dinwiddie county,182.0,372.0,265.0,411.0,23.0,102.0,-190.0,288.0,28099.0,6.5,13.3,9.4,0.8,-6.8,10.3,4.0,,,,,,,
"dinwiddie county, va",,,,,,,,,,,,,,,,,13785.0,13350.0,84.7,72695.0,435.0,3.2,
district of columbia,8399.0,5572.0,-4917.0,36723.0,4527.0,1912.0,2827.0,-390.0,670949.0,12.5,8.3,-7.3,6.8,4.2,-0.6,-525.0,388387.0,369952.0,100.0,99897.0,18435.0,4.7,
divide county,20.0,31.0,-1.0,41.0,0.0,-13.0,-11.0,-1.0,2169.0,9.2,14.2,-0.5,0.0,-5.1,-0.5,-1.0,,,,,,,
"divide county, nd",,,,,,,,,,,,,,,,,1430.0,1412.0,96.3,70513.0,18.0,1.3,
dixie county,155.0,304.0,326.0,1652.0,1.0,187.0,-149.0,327.0,17120.0,9.1,17.9,19.1,0.1,-8.8,19.2,9.0,,,,,,,
"dixie county, fl",,,,,,,,,,,,,,,,,5833.0,5636.0,58.6,40587.0,197.0,3.4,
dixon county,57.0,60.0,-71.0,79.0,20.0,-54.0,-3.0,-51.0,5516.0,10.3,10.8,-12.8,3.6,-0.5,-9.2,0.0,,,,,,,
"dixon county, ne",,,,,,,,,,,,,,,,,3029.0,2969.0,87.6,61144.0,60.0,2.0,
doddridge county,64.0,97.0,15.0,1116.0,-2.0,-26.0,-33.0,13.0,7712.0,8.3,12.6,1.9,-0.3,-4.3,1.7,-6.0,,,,,,,
"doddridge county, wv",,,,,,,,,,,,,,,,,3733.0,3616.0,88.3,47755.0,117.0,3.1,
dodge county,187.0,320.0,252.0,1834.0,16.0,139.0,-133.0,268.0,19873.0,9.4,16.2,12.7,0.8,-6.7,13.5,4.0,,,,,,,
"dodge county, ga",,,,,,,,,,,,,,,,,6854.0,6588.0,60.2,43783.0,266.0,3.9,
"dodge county, mn",,,,,,,,,,,,,,,,,11890.0,11589.0,108.1,88994.0,301.0,2.5,
"dodge county, ne",,,,,,,,,,,,,,,,,20685.0,20273.0,97.8,68267.0,412.0,2.0,
"dodge county, wi",,,,,,,,,,,,,,,,,47639.0,46412.0,98.1,69681.0,1227.0,2.6,
dolores county,16.0,36.0,100.0,260.0,0.0,85.0,-20.0,100.0,2460.0,6.6,14.9,41.4,0.0,-8.3,41.4,5.0,,,,,,,
"dolores county, co",,,,,,,,,,,,,,,,,1136.0,1102.0,63.6,56695.0,34.0,3.0,
"dona ana county, nm",,,,,,,,,,,,,,,,,99295.0,94887.0,86.9,52011.0,4408.0,4.4,
doniphan county,78.0,115.0,51.0,385.0,7.0,19.0,-37.0,58.0,7475.0,10.4,15.4,6.8,0.9,-5.0,7.8,-2.0,,,,,,,
"doniphan county, ks",,,,,,,,,,,,,,,,,4023.0,3921.0,93.9,64608.0,102.0,2.5,
donley county,34.0,63.0,-51.0,293.0,5.0,-72.0,-29.0,-46.0,3289.0,10.2,18.9,-15.3,1.5,-8.7,-13.8,3.0,,,,,,,
"donley county, tx",,,,,,,,,,,,,,,,,1492.0,1439.0,62.1,44866.0,53.0,3.6,
dooly county,97.0,169.0,-242.0,1462.0,15.0,-284.0,-72.0,-227.0,10585.0,9.0,15.8,-22.6,1.4,-6.7,-21.2,15.0,,,,,,,
"dooly county, ga",,,,,,,,,,,,,,,,,4726.0,4531.0,63.5,46191.0,195.0,4.1,
door county,217.0,402.0,292.0,310.0,19.0,126.0,-185.0,311.0,30551.0,7.1,13.2,9.6,0.6,-6.1,10.2,0.0,,,,,,,
"door county, wi",,,,,,,,,,,,,,,,,15244.0,14766.0,101.8,72296.0,478.0,3.1,
dorado municipio,,,,,,,,,35640.0,,,,,,,,,,,,,,
"dorado municipio, pr",,,,,,,,,,,,,,,,,14664.0,14038.0,,,626.0,4.3,
dorchester county,337.0,495.0,134.0,380.0,21.0,-11.0,-158.0,155.0,32583.0,10.3,15.2,4.1,0.6,-4.8,4.8,-8.0,,,,,,,
"dorchester county, md",,,,,,,,,,,,,,,,,15725.0,15195.0,57.1,54206.0,530.0,3.4,
"dorchester county, sc",,,,,,,,,,,,,,,,,80039.0,77734.0,116.4,74730.0,2305.0,2.9,
dougherty county,1061.0,1186.0,681.0,2356.0,49.0,660.0,-125.0,730.0,82895.0,12.9,14.4,8.2,0.6,-1.5,8.8,55.0,,,,,,,
"dougherty county, ga",,,,,,,,,,,,,,,,,36387.0,34767.0,58.6,42629.0,1620.0,4.5,
douglas county,3835.0,2132.0,3942.0,1626.0,562.0,6154.0,1703.0,4504.0,375937.0,10.3,5.7,10.6,1.5,4.6,12.1,-53.0,,,,,,,
"douglas county, co",,,,,,,,,,,,,,,,,207198.0,201951.0,158.0,140768.0,5247.0,2.5,
"douglas county, ga",,,,,,,,,,,,,,,,,74978.0,72462.0,108.9,79242.0,2516.0,3.4,
"douglas county, il",,,,,,,,,,,,,,,,,10107.0,9759.0,88.3,67796.0,348.0,3.4,
"douglas county, ks",,,,,,,,,,,,,,,,,65477.0,63789.0,98.0,67482.0,1688.0,2.6,
"douglas county, mn",,,,,,,,,,,,,,,,,21538.0,21057.0,89.3,73521.0,481.0,2.2,
"douglas county, mo",,,,,,,,,,,,,,,,,5094.0,4951.0,67.4,43694.0,143.0,2.8,
"douglas county, ne",,,,,,,,,,,,,,,,,303746.0,296286.0,106.6,74424.0,7460.0,2.5,
"douglas county, nv",,,,,,,,,,,,,,,,,22290.0,21431.0,127.1,91960.0,859.0,3.9,
"douglas county, or",,,,,,,,,,,,,,,,,47438.0,45091.0,73.8,55837.0,2347.0,4.9,
"douglas county, sd",,,,,,,,,,,,,,,,,1504.0,1475.0,104.7,73934.0,29.0,1.9,
"douglas county, wa",,,,,,,,,,,,,,,,,21681.0,20583.0,91.9,83870.0,1098.0,5.1,
"douglas county, wi",,,,,,,,,,,,,,,,,22761.0,21832.0,93.1,66180.0,929.0,4.1,
doña ana county,2465.0,2365.0,1004.0,4602.0,762.0,1798.0,100.0,1766.0,223530.0,11.1,10.6,4.5,3.4,0.4,7.9,-68.0,,,,,,,
drew county,195.0,233.0,-112.0,588.0,8.0,-145.0,-38.0,-104.0,16912.0,11.5,13.7,-6.6,0.5,-2.2,-6.1,-3.0,,,,,,,
"drew county, ar",,,,,,,,,,,,,,,,,7369.0,7054.0,87.6,48635.0,315.0,4.3,
dubois county,500.0,539.0,-62.0,711.0,43.0,-73.0,-39.0,-19.0,43492.0,11.5,12.4,-1.4,1.0,-0.9,-0.4,-15.0,,,,,,,
"dubois county, in",,,,,,,,,,,,,,,,,21833.0,21335.0,106.6,71171.0,498.0,2.3,
dubuque county,1109.0,1113.0,-274.0,4214.0,183.0,-139.0,-4.0,-91.0,98715.0,11.2,11.3,-2.8,1.9,0.0,-0.9,-44.0,,,,,,,
"dubuque county, ia",,,,,,,,,,,,,,,,,56127.0,54482.0,105.4,73492.0,1645.0,2.9,
duchesne county,283.0,187.0,249.0,183.0,0.0,350.0,96.0,249.0,20142.0,14.2,9.4,12.5,0.0,4.8,12.5,5.0,,,,,,,
"duchesne county, ut",,,,,,,,,,,,,,,,,8007.0,7744.0,76.0,67256.0,263.0,3.3,
dukes county,183.0,172.0,-334.0,84.0,154.0,-165.0,11.0,-180.0,20962.0,8.7,8.2,-15.9,7.3,0.5,-8.6,4.0,,,,,,,
"dukes county, ma",,,,,,,,,,,,,,,,,9745.0,9255.0,94.3,89136.0,490.0,5.0,
dundy county,14.0,23.0,-30.0,20.0,0.0,-38.0,-9.0,-30.0,1595.0,8.7,14.3,-18.6,0.0,-5.6,-18.6,1.0,,,,,,,
"dundy county, ne",,,,,,,,,,,,,,,,,1178.0,1161.0,83.7,58441.0,17.0,1.4,
dunklin county,345.0,515.0,-161.0,704.0,3.0,-332.0,-170.0,-158.0,27411.0,12.5,18.7,-5.8,0.1,-6.2,-5.7,-4.0,,,,,,,
"dunklin county, mo",,,,,,,,,,,,,,,,,10845.0,10390.0,61.3,39688.0,455.0,4.2,
dunn county,71.0,43.0,-65.0,80.0,11.0,-24.0,28.0,-54.0,3994.0,17.7,10.7,-16.2,2.7,7.0,-13.5,2.0,,,,,,,
"dunn county, nd",,,,,,,,,,,,,,,,,3188.0,3146.0,112.6,82490.0,42.0,1.3,
"dunn county, wi",,,,,,,,,,,,,,,,,24020.0,23272.0,100.5,71434.0,748.0,3.1,
dupage county,9719.0,7356.0,-11346.0,13863.0,3576.0,-5184.0,2363.0,-7770.0,921664.0,10.5,8.0,-12.3,3.9,2.6,-8.4,223.0,,,,,,,
"dupage county, il",,,,,,,,,,,,,,,,,518658.0,500306.0,133.4,102383.0,18352.0,3.5,
duplin county,729.0,699.0,157.0,424.0,202.0,376.0,30.0,359.0,48934.0,15.0,14.3,3.2,4.1,0.6,7.4,-13.0,,,,,,,
"duplin county, nc",,,,,,,,,,,,,,,,,24833.0,23919.0,75.9,51270.0,914.0,3.7,
durham county,4202.0,2444.0,-330.0,17811.0,2162.0,3443.0,1758.0,1832.0,333292.0,12.7,7.4,-1.0,6.5,5.3,5.5,-147.0,,,,,,,
"durham county, nc",,,,,,,,,,,,,,,,,179018.0,173285.0,117.8,79524.0,5733.0,3.2,
dutchess county,2726.0,3059.0,-1266.0,18060.0,502.0,-1167.0,-333.0,-764.0,297609.0,9.1,10.3,-4.2,1.7,-1.1,-2.6,-70.0,,,,,,,
"dutchess county, ny",,,,,,,,,,,,,,,,,145356.0,140829.0,114.2,90740.0,4527.0,3.1,
duval county,12724.0,11195.0,8817.0,24374.0,3680.0,14237.0,1529.0,12497.0,1017011.0,12.6,11.1,8.7,3.6,1.5,12.4,211.0,,,,,,,
"duval county, fl",,,,,,,,,,,,,,,,,508205.0,492202.0,101.3,70203.0,16003.0,3.1,
"duval county, tx",,,,,,,,,,,,,,,,,5069.0,4841.0,56.1,40539.0,228.0,4.5,
dyer county,495.0,641.0,3.0,487.0,-4.0,-169.0,-146.0,-1.0,36440.0,13.6,17.5,0.1,-0.1,-4.0,0.0,-22.0,,,,,,,
"dyer county, tn",,,,,,,,,,,,,,,,,16565.0,15970.0,82.3,53715.0,595.0,3.6,
eagle county,520.0,187.0,-975.0,100.0,68.0,-556.0,333.0,-907.0,55218.0,9.4,3.4,-17.6,1.2,6.0,-16.3,18.0,,,,,,,
"eagle county, co",,,,,,,,,,,,,,,,,34657.0,33739.0,118.8,105813.0,918.0,2.6,
early county,113.0,187.0,4.0,181.0,0.0,-75.0,-74.0,4.0,10560.0,10.7,17.6,0.4,0.0,-7.0,0.4,-5.0,,,,,,,
"early county, ga",,,,,,,,,,,,,,,,,4252.0,4088.0,59.7,43417.0,164.0,3.9,
east baton rouge parish,5573.0,4983.0,-5635.0,17283.0,1481.0,-3505.0,590.0,-4154.0,450091.0,12.3,11.0,-12.5,3.3,1.3,-9.2,59.0,,,,,,,
"east baton rouge parish, la",,,,,,,,,,,,,,,,,232508.0,224477.0,110.7,61376.0,8031.0,3.5,
east carroll parish,62.0,117.0,-241.0,1663.0,-1.0,-290.0,-55.0,-242.0,6939.0,8.8,16.5,-34.0,-0.1,-7.8,-34.2,7.0,,,,,,,
"east carroll parish, la",,,,,,,,,,,,,,,,,1650.0,1522.0,55.3,30688.0,128.0,7.8,
east feliciana parish,179.0,297.0,-33.0,2839.0,0.0,-165.0,-118.0,-33.0,19208.0,9.3,15.4,-1.7,0.0,-6.1,-1.7,-14.0,,,,,,,
"east feliciana parish, la",,,,,,,,,,,,,,,,,7854.0,7606.0,102.5,56830.0,248.0,3.2,
eastland county,222.0,381.0,200.0,728.0,23.0,67.0,-159.0,223.0,17893.0,12.4,21.3,11.2,1.3,-8.9,12.5,3.0,,,,,,,
"eastland county, tx",,,,,,,,,,,,,,,,,6733.0,6424.0,73.8,53351.0,309.0,4.6,
eaton county,1105.0,1346.0,135.0,1904.0,123.0,-54.0,-241.0,258.0,108854.0,10.1,12.4,1.2,1.1,-2.2,2.4,-71.0,,,,,,,
"eaton county, mi",,,,,,,,,,,,,,,,,56161.0,53741.0,106.8,71499.0,2420.0,4.3,
eau claire county,1078.0,1034.0,668.0,4764.0,61.0,769.0,44.0,729.0,106786.0,10.1,9.7,6.3,0.6,0.4,6.9,-4.0,,,,,,,
"eau claire county, wi",,,,,,,,,,,,,,,,,59637.0,58133.0,99.3,70564.0,1504.0,2.5,
echols county,49.0,36.0,-26.0,0.0,2.0,-12.0,13.0,-24.0,3686.0,13.3,9.8,-7.0,0.5,3.5,-6.5,-1.0,,,,,,,
"echols county, ga",,,,,,,,,,,,,,,,,1857.0,1810.0,64.9,47195.0,47.0,2.5,
ector county,2923.0,1593.0,-2007.0,2496.0,945.0,299.0,1330.0,-1062.0,161057.0,18.2,9.9,-12.5,5.9,8.3,-6.6,31.0,,,,,,,
"ector county, tx",,,,,,,,,,,,,,,,,83257.0,79976.0,89.7,64868.0,3281.0,3.9,
eddy county,752.0,793.0,-699.0,945.0,70.0,-652.0,-41.0,-629.0,60203.0,12.4,13.1,-11.5,1.2,-0.7,-10.4,18.0,,,,,,,
"eddy county, nd",,,,,,,,,,,,,,,,,1193.0,1160.0,80.3,58848.0,33.0,2.8,
"eddy county, nm",,,,,,,,,,,,,,,,,31250.0,30199.0,108.7,65063.0,1051.0,3.4,
edgar county,140.0,279.0,-48.0,367.0,2.0,-191.0,-139.0,-46.0,16385.0,8.5,16.9,-2.9,0.1,-8.4,-2.8,-6.0,,,,,,,
"edgar county, il",,,,,,,,,,,,,,,,,9072.0,8746.0,82.7,63430.0,326.0,3.6,
edgecombe county,598.0,757.0,186.0,654.0,50.0,56.0,-159.0,236.0,48389.0,12.4,15.7,3.8,1.0,-3.3,4.9,-21.0,,,,,,,
"edgecombe county, nc",,,,,,,,,,,,,,,,,20203.0,18862.0,72.2,48770.0,1341.0,6.6,
edgefield county,197.0,325.0,709.0,2391.0,75.0,685.0,-128.0,784.0,26959.0,7.4,12.2,26.6,2.8,-4.8,29.5,29.0,,,,,,,
"edgefield county, sc",,,,,,,,,,,,,,,,,10336.0,10002.0,95.5,61318.0,334.0,3.2,
edmonson county,110.0,190.0,141.0,116.0,0.0,65.0,-80.0,141.0,12302.0,9.0,15.5,11.5,0.0,-6.5,11.5,4.0,,,,,,,
"edmonson county, ky",,,,,,,,,,,,,,,,,4695.0,4461.0,86.8,51402.0,234.0,5.0,
edmunds county,59.0,54.0,25.0,212.0,7.0,37.0,5.0,32.0,4071.0,14.6,13.3,6.2,1.7,1.2,7.9,0.0,,,,,,,
"edmunds county, sd",,,,,,,,,,,,,,,,,1995.0,1958.0,102.0,72004.0,37.0,1.9,
edwards county,44.0,88.0,18.0,20.0,2.0,-26.0,-44.0,20.0,6058.0,7.2,14.5,3.0,0.3,-7.2,3.3,-2.0,,,,,,,
"edwards county, il",,,,,,,,,,,,,,,,,2425.0,2315.0,76.1,58387.0,110.0,4.5,
"edwards county, ks",,,,,,,,,,,,,,,,,1390.0,1359.0,81.0,55777.0,31.0,2.2,
"edwards county, tx",,,,,,,,,,,,,,,,,1193.0,1158.0,70.2,50752.0,35.0,2.9,
effingham county,848.0,666.0,2008.0,335.0,11.0,2270.0,182.0,2019.0,69034.0,12.5,9.8,29.6,0.2,2.7,29.7,69.0,,,,,,,
"effingham county, ga",,,,,,,,,,,,,,,,,33627.0,32741.0,121.1,88111.0,886.0,2.6,
"effingham county, il",,,,,,,,,,,,,,,,,19655.0,19042.0,97.5,74800.0,613.0,3.1,
el dorado county,1594.0,1808.0,-817.0,1160.0,173.0,-917.0,-214.0,-644.0,192787.0,8.2,9.4,-4.2,0.9,-1.1,-3.3,-59.0,,,,,,,
"el dorado county, ca",,,,,,,,,,,,,,,,,92350.0,89173.0,114.6,104859.0,3177.0,3.4,
el paso county,9193.0,6161.0,9.0,19642.0,538.0,3309.0,3032.0,547.0,740596.0,12.4,8.3,0.0,0.7,4.1,0.7,-270.0,,,,,,,
"el paso county, co",,,,,,,,,,,,,,,,,357312.0,345539.0,92.3,82248.0,11773.0,3.3,
"el paso county, tx",,,,,,,,,,,,,,,,,370182.0,354166.0,73.9,53441.0,16016.0,4.3,
elbert county,263.0,219.0,629.0,63.0,1.0,683.0,44.0,630.0,27842.0,9.6,8.0,22.9,0.0,1.6,22.9,9.0,,,,,,,
"elbert county, co",,,,,,,,,,,,,,,,,15958.0,15567.0,135.1,120394.0,391.0,2.5,
"elbert county, ga",,,,,,,,,,,,,,,,,7844.0,7543.0,67.7,49220.0,301.0,3.8,
elk county,19.0,52.0,41.0,4.0,0.0,9.0,-33.0,41.0,2448.0,7.8,21.3,16.8,0.0,-13.5,16.8,1.0,,,,,,,
"elk county, ks",,,,,,,,,,,,,,,,,1176.0,1145.0,68.4,47094.0,31.0,2.6,
"elk county, pa",,,,,,,,,,,,,,,,,14669.0,14000.0,80.2,57570.0,669.0,4.6,
elkhart county,2915.0,2138.0,-1329.0,2427.0,419.0,-181.0,777.0,-910.0,206873.0,14.1,10.3,-6.4,2.0,3.8,-4.4,-48.0,,,,,,,
"elkhart county, in",,,,,,,,,,,,,,,,,117325.0,114309.0,95.5,63777.0,3016.0,2.6,
elko county,619.0,515.0,32.0,434.0,14.0,127.0,104.0,46.0,53979.0,11.5,9.6,0.6,0.3,1.9,0.9,-23.0,,,,,,,
"elko county, nv",,,,,,,,,,,,,,,,,25746.0,24942.0,122.7,88757.0,804.0,3.1,
elliott county,52.0,97.0,-17.0,1114.0,0.0,-69.0,-45.0,-17.0,7292.0,7.1,13.2,-2.3,0.0,-6.1,-2.3,-7.0,,,,,,,
"elliott county, ky",,,,,,,,,,,,,,,,,1875.0,1719.0,68.0,40312.0,156.0,8.3,
ellis county,267.0,244.0,-41.0,1836.0,20.0,-10.0,23.0,-21.0,28840.0,9.3,8.5,-1.4,0.7,0.8,-0.7,-12.0,,,,,,,
"ellis county, ks",,,,,,,,,,,,,,,,,17065.0,16733.0,89.6,61675.0,332.0,1.9,
"ellis county, ok",,,,,,,,,,,,,,,,,2113.0,2064.0,90.7,54087.0,49.0,2.3,
"ellis county, tx",,,,,,,,,,,,,,,,,103397.0,99752.0,123.6,89314.0,3645.0,3.5,
ellsworth county,55.0,88.0,93.0,1166.0,0.0,59.0,-33.0,93.0,6383.0,8.7,13.9,14.6,0.0,-5.2,14.6,-1.0,,,,,,,
"ellsworth county, ks",,,,,,,,,,,,,,,,,2630.0,2570.0,92.5,63636.0,60.0,2.3,
elmore county,931.0,1051.0,915.0,5592.0,21.0,811.0,-120.0,936.0,89600.0,10.4,11.8,10.3,0.2,-1.3,10.5,-5.0,,,,,,,
"elmore county, al",,,,,,,,,,,,,,,,,38045.0,37230.0,119.7,71463.0,815.0,2.1,
"elmore county, id",,,,,,,,,,,,,,,,,12285.0,11904.0,86.7,63009.0,381.0,3.1,
emanuel county,287.0,385.0,132.0,1380.0,10.0,47.0,-98.0,142.0,22946.0,12.5,16.8,5.8,0.4,-4.3,6.2,3.0,,,,,,,
"emanuel county, ga",,,,,,,,,,,,,,,,,8684.0,8318.0,64.6,46975.0,366.0,4.2,
emery county,120.0,129.0,131.0,61.0,7.0,128.0,-9.0,138.0,10093.0,12.0,12.9,13.1,0.7,-0.9,13.8,-1.0,,,,,,,
"emery county, ut",,,,,,,,,,,,,,,,,4524.0,4373.0,73.0,64651.0,151.0,3.3,
emmet county,107.0,135.0,-88.0,378.0,-4.0,-120.0,-28.0,-92.0,9214.0,11.5,14.6,-9.5,-0.4,-3.0,-9.9,0.0,,,,,,,
"emmet county, ia",,,,,,,,,,,,,,,,,4907.0,4762.0,81.5,56834.0,145.0,3.0,
"emmet county, mi",,,,,,,,,,,,,,,,,16905.0,15991.0,104.3,69805.0,914.0,5.4,
emmons county,36.0,51.0,13.0,47.0,0.0,-3.0,-15.0,13.0,3254.0,11.1,15.7,4.0,0.0,-4.6,4.0,-1.0,,,,,,,
"emmons county, nd",,,,,,,,,,,,,,,,,1450.0,1391.0,83.2,60952.0,59.0,4.1,
emporia city,70.0,104.0,-77.0,196.0,3.0,-105.0,-34.0,-74.0,5533.0,12.5,18.6,-13.8,0.5,-6.1,-13.2,3.0,,,,,,,
"emporia city, va",,,,,,,,,,,,,,,,,2323.0,2216.0,50.7,43496.0,107.0,4.6,
erath county,496.0,459.0,393.0,3741.0,20.0,456.0,37.0,413.0,43837.0,11.4,10.5,9.0,0.5,0.8,9.5,6.0,,,,,,,
"erath county, tx",,,,,,,,,,,,,,,,,21227.0,20481.0,83.1,60093.0,746.0,3.5,
erie county,9588.0,10636.0,-5441.0,26947.0,2210.0,-4489.0,-1048.0,-3231.0,948423.0,10.1,11.2,-5.7,2.3,-1.1,-3.4,-210.0,,,,,,,
"erie county, ny",,,,,,,,,,,,,,,,,443121.0,426888.0,88.0,69888.0,16233.0,3.7,
"erie county, oh",,,,,,,,,,,,,,,,,36512.0,34733.0,103.3,67925.0,1779.0,4.9,
"erie county, pa",,,,,,,,,,,,,,,,,125838.0,120023.0,78.7,56489.0,5815.0,4.6,
escambia county,420.0,644.0,207.0,2067.0,1.0,-24.0,-224.0,208.0,36636.0,11.5,17.6,5.6,0.0,-6.1,5.7,-8.0,,,,,,,
"escambia county, al",,,,,,,,,,,,,,,,,14198.0,13769.0,80.0,47792.0,429.0,3.0,
"escambia county, fl",,,,,,,,,,,,,,,,,149271.0,144613.0,89.0,61634.0,4658.0,3.1,
esmeralda county,4.0,12.0,17.0,1.0,1.0,12.0,-8.0,18.0,747.0,5.4,16.2,22.9,1.3,-10.8,24.3,2.0,,,,,,,
"esmeralda county, nv",,,,,,,,,,,,,,,,,414.0,400.0,79.5,57501.0,14.0,3.4,
essex county,8551.0,7526.0,-6920.0,18312.0,5096.0,-861.0,1025.0,-1824.0,806499.0,10.6,9.3,-8.6,6.3,1.3,-2.3,-62.0,,,,,,,
"essex county, ma",,,,,,,,,,,,,,,,,421534.0,405406.0,97.4,92118.0,16128.0,3.8,
"essex county, nj",,,,,,,,,,,,,,,,,388290.0,369991.0,77.6,74747.0,18299.0,4.7,
"essex county, ny",,,,,,,,,,,,,,,,,16539.0,15937.0,78.5,62376.0,602.0,3.6,
"essex county, va",,,,,,,,,,,,,,,,,5484.0,5300.0,67.8,58214.0,184.0,3.4,
"essex county, vt",,,,,,,,,,,,,,,,,2694.0,2600.0,73.2,54570.0,94.0,3.5,
estill county,125.0,267.0,76.0,90.0,6.0,-62.0,-142.0,82.0,14024.0,8.9,19.0,5.4,0.4,-10.1,5.8,-2.0,,,,,,,
"estill county, ky",,,,,,,,,,,,,,,,,5148.0,4890.0,66.5,39402.0,258.0,5.0,
etowah county,1156.0,1813.0,522.0,1570.0,64.0,-107.0,-657.0,586.0,102903.0,11.2,17.6,5.1,0.6,-6.4,5.7,-36.0,,,,,,,
"etowah county, al",,,,,,,,,,,,,,,,,39123.0,37967.0,92.9,55487.0,1156.0,3.0,
eureka county,19.0,28.0,-43.0,0.0,7.0,-45.0,-9.0,-36.0,1863.0,10.1,14.9,-22.8,3.7,-4.8,-19.1,0.0,,,,,,,
"eureka county, nv",,,,,,,,,,,,,,,,,1006.0,978.0,111.0,80291.0,28.0,2.8,
evangeline parish,449.0,490.0,-232.0,1436.0,98.0,-180.0,-41.0,-134.0,32033.0,14.0,15.3,-7.2,3.1,-1.3,-4.2,-5.0,,,,,,,
"evangeline parish, la",,,,,,,,,,,,,,,,,11972.0,11484.0,73.8,40933.0,488.0,4.1,
evans county,120.0,146.0,-10.0,556.0,3.0,-38.0,-26.0,-7.0,10659.0,11.2,13.7,-0.9,0.3,-2.4,-0.7,-5.0,,,,,,,
"evans county, ga",,,,,,,,,,,,,,,,,5032.0,4880.0,62.1,45163.0,152.0,3.0,
fairbanks north star borough,1448.0,684.0,-1356.0,3300.0,204.0,-391.0,764.0,-1152.0,95202.0,15.2,7.2,-14.2,2.1,8.0,-12.1,-3.0,,,,,,,
"fairbanks north star borough, ak",,,,,,,,,,,,,,,,,45088.0,43353.0,95.6,84166.0,1735.0,3.8,
fairfax city,600.0,308.0,-283.0,323.0,380.0,399.0,292.0,97.0,24752.0,24.4,12.5,-11.5,15.5,11.9,4.0,10.0,,,,,,,
"fairfax city, va",,,,,,,,,,,,,,,,,12903.0,12598.0,143.0,122790.0,305.0,2.4,
fairfax county,12580.0,5721.0,-21564.0,11565.0,11254.0,-2894.0,6859.0,-10310.0,1139309.0,11.0,5.0,-18.9,9.9,6.0,-9.0,557.0,,,,,,,
"fairfax county, va",,,,,,,,,,,,,,,,,638265.0,623085.0,168.5,144632.0,15180.0,2.4,
fairfield county,1730.0,1843.0,1687.0,3321.0,235.0,1747.0,-113.0,1922.0,162956.0,10.7,11.4,10.4,1.4,-0.7,11.9,-62.0,,,,,,,
"fairfield county, ct",,,,,,,,,,,,,,,,,482886.0,463244.0,,,19642.0,4.1,
"fairfield county, oh",,,,,,,,,,,,,,,,,80029.0,77231.0,125.3,82447.0,2798.0,3.5,
"fairfield county, sc",,,,,,,,,,,,,,,,,9281.0,8849.0,79.0,50743.0,432.0,4.7,
fajardo municipio,,,,,,,,,31351.0,,,,,,,,,,,,,,
"fajardo municipio, pr",,,,,,,,,,,,,,,,,11403.0,10676.0,,,727.0,6.4,
fall river county,48.0,147.0,272.0,232.0,-1.0,184.0,-99.0,271.0,7397.0,6.6,20.1,37.2,-0.1,-13.6,37.1,12.0,,,,,,,
"fall river county, sd",,,,,,,,,,,,,,,,,3054.0,2983.0,80.7,56976.0,71.0,2.3,
fallon county,34.0,34.0,42.0,46.0,-1.0,39.0,0.0,41.0,3050.0,11.2,11.2,13.9,-0.3,0.0,13.5,-2.0,,,,,,,
"fallon county, mt",,,,,,,,,,,,,,,,,1643.0,1616.0,96.6,65637.0,27.0,1.6,
falls church city,170.0,175.0,-88.0,177.0,63.0,-27.0,-5.0,-25.0,14489.0,11.7,12.1,-6.1,4.3,-0.3,-1.7,3.0,,,,,,,
"falls church city, va",,,,,,,,,,,,,,,,,8555.0,8374.0,166.0,142513.0,181.0,2.1,
falls county,173.0,246.0,-106.0,1791.0,17.0,-157.0,-73.0,-89.0,16956.0,10.2,14.4,-6.2,1.0,-4.3,-5.2,5.0,,,,,,,
"falls county, tx",,,,,,,,,,,,,,,,,6827.0,6545.0,65.8,47534.0,282.0,4.1,
fannin county,185.0,476.0,222.0,83.0,-6.0,-64.0,-291.0,216.0,25733.0,7.2,18.5,8.6,-0.2,-11.3,8.4,11.0,,,,,,,
"fannin county, ga",,,,,,,,,,,,,,,,,11927.0,11599.0,83.3,60604.0,328.0,2.8,
"fannin county, tx",,,,,,,,,,,,,,,,,17487.0,16871.0,84.3,60959.0,616.0,3.5,
faribault county,126.0,194.0,95.0,148.0,4.0,24.0,-68.0,99.0,13930.0,9.1,13.9,6.8,0.3,-4.9,7.1,-7.0,,,,,,,
"faribault county, mn",,,,,,,,,,,,,,,,,7057.0,6845.0,81.7,67302.0,212.0,3.0,
faulk county,31.0,35.0,3.0,382.0,0.0,-2.0,-4.0,3.0,2122.0,14.6,16.5,1.4,0.0,-1.9,1.4,-1.0,,,,,,,
"faulk county, sd",,,,,,,,,,,,,,,,,1081.0,1060.0,86.2,60853.0,21.0,1.9,
faulkner county,1469.0,1247.0,1616.0,5099.0,120.0,1957.0,222.0,1736.0,127565.0,11.6,9.9,12.8,0.9,1.8,13.7,-1.0,,,,,,,
"faulkner county, ar",,,,,,,,,,,,,,,,,63082.0,61301.0,114.3,63429.0,1781.0,2.8,
fauquier county,745.0,715.0,550.0,399.0,98.0,622.0,30.0,648.0,74677.0,10.0,9.6,7.4,1.3,0.4,8.7,-56.0,,,,,,,
"fauquier county, va",,,,,,,,,,,,,,,,,37720.0,36790.0,140.1,120301.0,930.0,2.5,
fayette county,177.0,301.0,84.0,303.0,0.0,-45.0,-124.0,84.0,16082.0,11.0,18.7,5.2,0.0,-7.7,5.2,-5.0,,,,,,,
"fayette county, al",,,,,,,,,,,,,,,,,6583.0,6408.0,82.4,49205.0,175.0,2.7,
"fayette county, ga",,,,,,,,,,,,,,,,,59436.0,57837.0,150.3,109358.0,1599.0,2.7,
"fayette county, ia",,,,,,,,,,,,,,,,,10448.0,10113.0,81.2,56599.0,335.0,3.2,
"fayette county, il",,,,,,,,,,,,,,,,,9730.0,9296.0,75.2,57729.0,434.0,4.5,
"fayette county, in",,,,,,,,,,,,,,,,,8316.0,7942.0,82.2,54892.0,374.0,4.5,
"fayette county, ky",,,,,,,,,,,,,,,,,174535.0,168997.0,107.5,63667.0,5538.0,3.2,
"fayette county, oh",,,,,,,,,,,,,,,,,13670.0,13142.0,86.5,56901.0,528.0,3.9,
"fayette county, pa",,,,,,,,,,,,,,,,,54802.0,51670.0,71.7,51494.0,3132.0,5.7,
"fayette county, tn",,,,,,,,,,,,,,,,,19250.0,18574.0,129.3,84328.0,676.0,3.5,
"fayette county, tx",,,,,,,,,,,,,,,,,11997.0,11576.0,97.5,70476.0,421.0,3.5,
"fayette county, wv",,,,,,,,,,,,,,,,,15638.0,14909.0,90.0,48710.0,729.0,4.7,
fentress county,209.0,387.0,649.0,229.0,1.0,500.0,-178.0,650.0,19335.0,11.0,20.3,34.0,0.1,-9.3,34.1,28.0,,,,,,,
"fentress county, tn",,,,,,,,,,,,,,,,,7714.0,7421.0,63.1,41147.0,293.0,3.8,
fergus county,105.0,176.0,117.0,454.0,4.0,50.0,-71.0,121.0,11672.0,9.0,15.1,10.0,0.3,-6.1,10.4,0.0,,,,,,,
"fergus county, mt",,,,,,,,,,,,,,,,,5854.0,5683.0,89.0,60466.0,171.0,2.9,
ferry county,68.0,135.0,221.0,85.0,10.0,178.0,-67.0,231.0,7468.0,9.2,18.3,29.9,1.4,-9.1,31.3,14.0,,,,,,,
"ferry county, wa",,,,,,,,,,,,,,,,,2289.0,2083.0,62.5,57064.0,206.0,9.0,
fillmore county,246.0,258.0,120.0,415.0,18.0,123.0,-12.0,138.0,21454.0,11.5,12.1,5.6,0.8,-0.6,6.5,-3.0,,,,,,,
"fillmore county, mn",,,,,,,,,,,,,,,,,11408.0,11124.0,87.5,72065.0,284.0,2.5,
"fillmore county, ne",,,,,,,,,,,,,,,,,3331.0,3273.0,98.1,68532.0,58.0,1.7,
finney county,548.0,343.0,-867.0,559.0,193.0,-440.0,205.0,-674.0,37639.0,14.5,9.1,-22.9,5.1,5.4,-17.8,29.0,,,,,,,
"finney county, ks",,,,,,,,,,,,,,,,,20521.0,20102.0,101.7,69966.0,419.0,2.0,
fisher county,28.0,66.0,-12.0,23.0,4.0,-49.0,-38.0,-8.0,3626.0,7.7,18.1,-3.3,1.1,-10.4,-2.2,-3.0,,,,,,,
"fisher county, tx",,,,,,,,,,,,,,,,,1629.0,1571.0,80.1,57867.0,58.0,3.6,
flagler county,865.0,1864.0,6313.0,781.0,125.0,5784.0,-999.0,6438.0,126758.0,7.0,15.0,51.0,1.0,-8.1,52.0,345.0,,,,,,,
"flagler county, fl",,,,,,,,,,,,,,,,,49941.0,48188.0,105.8,73336.0,1753.0,3.5,
flathead county,1158.0,1277.0,2845.0,1196.0,262.0,3116.0,-119.0,3107.0,111885.0,10.5,11.6,25.8,2.4,-1.1,28.2,128.0,,,,,,,
"flathead county, mt",,,,,,,,,,,,,,,,,51914.0,50269.0,97.8,66395.0,1645.0,3.2,
fleming county,204.0,220.0,34.0,169.0,-2.0,13.0,-16.0,32.0,15278.0,13.4,14.4,2.2,-0.1,-1.0,2.1,-3.0,,,,,,,
"fleming county, ky",,,,,,,,,,,,,,,,,5993.0,5718.0,84.4,50012.0,275.0,4.6,
florence county,1598.0,2076.0,749.0,3125.0,141.0,339.0,-478.0,890.0,136740.0,11.7,15.2,5.5,1.0,-3.5,6.5,-73.0,,,,,,,
"florence county, sc",,,,,,,,,,,,,,,,,66429.0,64295.0,82.0,52650.0,2134.0,3.2,
"florence county, wi",,,,,,,,,,,,,,,,,2153.0,2076.0,90.8,64512.0,77.0,3.6,
florida municipio,,,,,,,,,11538.0,,,,,,,,,,,,,,
"florida municipio, pr",,,,,,,,,,,,,,,,,3535.0,3265.0,,,270.0,7.6,
floyd county,1109.0,1431.0,1057.0,4196.0,199.0,950.0,-322.0,1256.0,99437.0,11.2,14.5,10.7,2.0,-3.3,12.7,16.0,,,,,,,
"floyd county, ga",,,,,,,,,,,,,,,,,44672.0,43261.0,77.9,56651.0,1411.0,3.2,
"floyd county, ia",,,,,,,,,,,,,,,,,8310.0,8059.0,92.6,64553.0,251.0,3.0,
"floyd county, in",,,,,,,,,,,,,,,,,42122.0,41057.0,111.2,74264.0,1065.0,2.5,
"floyd county, ky",,,,,,,,,,,,,,,,,10824.0,10175.0,63.0,37296.0,649.0,6.0,
"floyd county, tx",,,,,,,,,,,,,,,,,2471.0,2368.0,63.3,45784.0,103.0,4.2,
"floyd county, va",,,,,,,,,,,,,,,,,8460.0,8256.0,72.9,62561.0,204.0,2.4,
fluvanna county,260.0,297.0,352.0,1197.0,4.0,320.0,-37.0,356.0,28117.0,9.3,10.6,12.6,0.1,-1.3,12.7,1.0,,,,,,,
"fluvanna county, va",,,,,,,,,,,,,,,,,14205.0,13853.0,102.7,88162.0,352.0,2.5,
foard county,9.0,25.0,22.0,32.0,0.0,7.0,-16.0,22.0,1063.0,8.5,23.6,20.8,0.0,-15.1,20.8,1.0,,,,,,,
"foard county, tx",,,,,,,,,,,,,,,,,568.0,550.0,65.9,47657.0,18.0,3.2,
fond du lac county,1011.0,1235.0,-156.0,3256.0,125.0,-304.0,-224.0,-31.0,103812.0,9.7,11.9,-1.5,1.2,-2.2,-0.3,-49.0,,,,,,,
"fond du lac county, wi",,,,,,,,,,,,,,,,,56254.0,54814.0,100.2,71206.0,1440.0,2.6,
ford county,143.0,224.0,-176.0,307.0,30.0,-223.0,-81.0,-146.0,13256.0,10.7,16.8,-13.2,2.2,-6.1,-10.9,4.0,,,,,,,
"ford county, il",,,,,,,,,,,,,,,,,6282.0,6018.0,87.5,67135.0,264.0,4.2,
"ford county, ks",,,,,,,,,,,,,,,,,17849.0,17482.0,98.4,67714.0,367.0,2.1,
forest county,23.0,117.0,-210.0,2546.0,2.0,-287.0,-94.0,-208.0,6603.0,3.4,17.3,-31.1,0.3,-13.9,-30.8,15.0,,,,,,,
"forest county, pa",,,,,,,,,,,,,,,,,1706.0,1603.0,60.4,43362.0,103.0,6.0,
"forest county, wi",,,,,,,,,,,,,,,,,3867.0,3685.0,79.0,56118.0,182.0,4.7,
forrest county,998.0,1021.0,107.0,5791.0,62.0,107.0,-23.0,169.0,77976.0,12.8,13.1,1.4,0.8,-0.3,2.2,-39.0,,,,,,,
"forrest county, ms",,,,,,,,,,,,,,,,,33275.0,32056.0,97.3,51344.0,1219.0,3.7,
forsyth county,2466.0,1769.0,4845.0,1280.0,970.0,6529.0,697.0,5815.0,267312.0,9.3,6.7,18.3,3.7,2.6,22.0,17.0,,,,,,,
"forsyth county, ga",,,,,,,,,,,,,,,,,129933.0,126811.0,180.0,130909.0,3122.0,2.4,
"forsyth county, nc",,,,,,,,,,,,,,,,,188496.0,181410.0,93.3,62992.0,7086.0,3.8,
fort bend county,9368.0,4761.0,17796.0,4696.0,6016.0,28614.0,4607.0,23812.0,888919.0,10.7,5.4,20.3,6.9,5.3,27.2,195.0,,,,,,,
"fort bend county, tx",,,,,,,,,,,,,,,,,419021.0,402341.0,146.1,105583.0,16680.0,4.0,
foster county,36.0,44.0,26.0,66.0,0.0,16.0,-8.0,26.0,3380.0,10.7,13.0,7.7,0.0,-2.4,7.7,-2.0,,,,,,,
"foster county, nd",,,,,,,,,,,,,,,,,1524.0,1493.0,113.5,83156.0,31.0,2.0,
fountain county,219.0,264.0,181.0,111.0,7.0,140.0,-45.0,188.0,16620.0,13.2,16.0,10.9,0.4,-2.7,11.4,-3.0,,,,,,,
"fountain county, in",,,,,,,,,,,,,,,,,7958.0,7734.0,95.8,63973.0,224.0,2.8,
franklin city,159.0,183.0,144.0,111.0,0.0,122.0,-24.0,144.0,8274.0,19.4,22.3,17.5,0.0,-2.9,17.5,2.0,,,,,,,
"franklin city, va",,,,,,,,,,,,,,,,,3476.0,3342.0,63.6,54594.0,134.0,3.9,
franklin county,430.0,491.0,-48.0,424.0,37.0,-88.0,-61.0,-11.0,31910.0,13.5,15.4,-1.5,1.2,-1.9,-0.3,-16.0,,,,,,,
"franklin county, al",,,,,,,,,,,,,,,,,14532.0,14200.0,83.1,49611.0,332.0,2.3,
"franklin county, ar",,,,,,,,,,,,,,,,,7361.0,7122.0,86.9,48248.0,239.0,3.2,
"franklin county, fl",,,,,,,,,,,,,,,,,4720.0,4583.0,75.3,52180.0,137.0,2.9,
"franklin county, ga",,,,,,,,,,,,,,,,,9983.0,9656.0,68.7,49940.0,327.0,3.3,
"franklin county, ia",,,,,,,,,,,,,,,,,5599.0,5452.0,91.5,63775.0,147.0,2.6,
"franklin county, id",,,,,,,,,,,,,,,,,7123.0,6946.0,98.7,71669.0,177.0,2.5,
"franklin county, il",,,,,,,,,,,,,,,,,15794.0,14942.0,64.0,49108.0,852.0,5.4,
"franklin county, in",,,,,,,,,,,,,,,,,11275.0,10968.0,112.0,74779.0,307.0,2.7,
"franklin county, ks",,,,,,,,,,,,,,,,,14824.0,14465.0,97.7,67263.0,359.0,2.4,
"franklin county, ky",,,,,,,,,,,,,,,,,24961.0,24096.0,98.7,58456.0,865.0,3.5,
"franklin county, ma",,,,,,,,,,,,,,,,,40068.0,38748.0,74.0,69929.0,1320.0,3.3,
"franklin county, me",,,,,,,,,,,,,,,,,13789.0,13316.0,75.1,52159.0,473.0,3.4,
"franklin county, mo",,,,,,,,,,,,,,,,,52534.0,51273.0,101.5,65779.0,1261.0,2.4,
"franklin county, ms",,,,,,,,,,,,,,,,,2629.0,2491.0,89.3,47165.0,138.0,5.2,
"franklin county, nc",,,,,,,,,,,,,,,,,33999.0,32749.0,107.3,72415.0,1250.0,3.7,
"franklin county, ne",,,,,,,,,,,,,,,,,1548.0,1515.0,85.1,59400.0,33.0,2.1,
"franklin county, ny",,,,,,,,,,,,,,,,,18876.0,18184.0,74.5,59192.0,692.0,3.7,
"franklin county, oh",,,,,,,,,,,,,,,,,706390.0,682093.0,106.0,69762.0,24297.0,3.4,
"franklin county, pa",,,,,,,,,,,,,,,,,77884.0,75200.0,102.7,73709.0,2684.0,3.4,
"franklin county, tn",,,,,,,,,,,,,,,,,19369.0,18690.0,94.2,61417.0,679.0,3.5,
"franklin county, tx",,,,,,,,,,,,,,,,,5356.0,5179.0,78.3,56623.0,177.0,3.3,
"franklin county, va",,,,,,,,,,,,,,,,,26456.0,25703.0,79.3,68089.0,753.0,2.8,
"franklin county, vt",,,,,,,,,,,,,,,,,27786.0,27139.0,102.5,76395.0,647.0,2.3,
"franklin county, wa",,,,,,,,,,,,,,,,,43925.0,41354.0,85.3,77820.0,2571.0,5.9,
franklin parish,247.0,315.0,-187.0,338.0,1.0,-251.0,-68.0,-186.0,19358.0,12.7,16.2,-9.6,0.1,-3.5,-9.5,3.0,,,,,,,
"franklin parish, la",,,,,,,,,,,,,,,,,7372.0,7020.0,69.6,38584.0,352.0,4.8,
frederick county,3225.0,2212.0,4997.0,5183.0,840.0,6893.0,1013.0,5837.0,287540.0,11.4,7.8,17.6,3.0,3.6,20.5,43.0,,,,,,,
"frederick county, md",,,,,,,,,,,,,,,,,135039.0,131346.0,123.0,116796.0,3693.0,2.7,
"frederick county, va",,,,,,,,,,,,,,,,,51432.0,50228.0,113.1,97091.0,1204.0,2.3,
fredericksburg city,350.0,314.0,-95.0,2321.0,289.0,211.0,36.0,194.0,28648.0,12.3,11.0,-3.3,10.1,1.3,6.8,-19.0,,,,,,,
"fredericksburg city, va",,,,,,,,,,,,,,,,,14352.0,13889.0,83.0,71217.0,463.0,3.2,
freeborn county,313.0,409.0,-30.0,498.0,21.0,-120.0,-96.0,-9.0,30683.0,10.2,13.3,-1.0,0.7,-3.1,-0.3,-15.0,,,,,,,
"freeborn county, mn",,,,,,,,,,,,,,,,,15904.0,15499.0,79.7,65632.0,405.0,2.5,
freestone county,231.0,256.0,256.0,1591.0,15.0,244.0,-25.0,271.0,20032.0,11.6,12.9,12.9,0.8,-1.3,13.6,-2.0,,,,,,,
"freestone county, tx",,,,,,,,,,,,,,,,,6355.0,6013.0,78.0,56372.0,342.0,5.4,
fremont county,366.0,743.0,703.0,8013.0,1.0,379.0,-377.0,704.0,49616.0,7.4,15.0,14.2,0.0,-7.6,14.2,52.0,,,,,,,
"fremont county, co",,,,,,,,,,,,,,,,,14292.0,13609.0,64.3,57275.0,683.0,4.8,
"fremont county, ia",,,,,,,,,,,,,,,,,3717.0,3625.0,99.0,69018.0,92.0,2.5,
"fremont county, id",,,,,,,,,,,,,,,,,7870.0,7657.0,84.1,61115.0,213.0,2.7,
"fremont county, wy",,,,,,,,,,,,,,,,,18990.0,18260.0,77.3,55125.0,730.0,3.8,
fresno county,14101.0,8900.0,-4302.0,17863.0,1710.0,2256.0,5201.0,-2592.0,1015359.0,13.9,8.8,-4.2,1.7,5.1,-2.6,-353.0,,,,,,,
"fresno county, ca",,,,,,,,,,,,,,,,,450096.0,420893.0,75.1,68693.0,29203.0,6.5,
frio county,228.0,221.0,-9.0,2729.0,184.0,173.0,7.0,175.0,17716.0,12.9,12.5,-0.5,10.4,0.4,9.9,-9.0,,,,,,,
"frio county, tx",,,,,,,,,,,,,,,,,9490.0,9164.0,64.7,46769.0,326.0,3.4,
frontier county,20.0,34.0,79.0,118.0,0.0,67.0,-14.0,79.0,2611.0,7.8,13.2,30.6,0.0,-5.4,30.6,2.0,,,,,,,
"frontier county, ne",,,,,,,,,,,,,,,,,1531.0,1500.0,83.4,58241.0,31.0,2.0,
fulton county,118.0,250.0,328.0,162.0,-1.0,208.0,-132.0,327.0,12355.0,9.6,20.4,26.8,-0.1,-10.8,26.7,13.0,,,,,,,
"fulton county, ar",,,,,,,,,,,,,,,,,4948.0,4785.0,76.7,42588.0,163.0,3.3,
"fulton county, ga",,,,,,,,,,,,,,,,,574466.0,555616.0,123.4,89798.0,18850.0,3.3,
"fulton county, il",,,,,,,,,,,,,,,,,14564.0,13827.0,74.7,57362.0,737.0,5.1,
"fulton county, in",,,,,,,,,,,,,,,,,9494.0,9199.0,93.5,62412.0,295.0,3.1,
"fulton county, ky",,,,,,,,,,,,,,,,,2108.0,2011.0,68.2,40409.0,97.0,4.6,
"fulton county, ny",,,,,,,,,,,,,,,,,22353.0,21450.0,77.4,61512.0,903.0,4.0,
"fulton county, oh",,,,,,,,,,,,,,,,,21626.0,20758.0,114.6,75383.0,868.0,4.0,
"fulton county, pa",,,,,,,,,,,,,,,,,7208.0,6930.0,89.7,64405.0,278.0,3.9,
furnas county,57.0,68.0,-29.0,25.0,3.0,-37.0,-11.0,-26.0,4570.0,12.4,14.8,-6.3,0.7,-2.4,-5.7,0.0,,,,,,,
"furnas county, ne",,,,,,,,,,,,,,,,,2538.0,2491.0,77.6,54213.0,47.0,1.9,
gadsden county,487.0,649.0,-59.0,2044.0,43.0,-206.0,-162.0,-16.0,43393.0,11.2,14.9,-1.4,1.0,-3.7,-0.4,-28.0,,,,,,,
"gadsden county, fl",,,,,,,,,,,,,,,,,18541.0,17789.0,65.9,45628.0,752.0,4.1,
gage county,211.0,341.0,63.0,414.0,5.0,-69.0,-130.0,68.0,21564.0,9.8,15.8,2.9,0.2,-6.0,3.1,-7.0,,,,,,,
"gage county, ne",,,,,,,,,,,,,,,,,10849.0,10594.0,92.2,64406.0,255.0,2.4,
gaines county,467.0,178.0,-80.0,135.0,57.0,262.0,289.0,-23.0,22140.0,21.2,8.1,-3.6,2.6,13.1,-1.0,-4.0,,,,,,,
"gaines county, tx",,,,,,,,,,,,,,,,,10171.0,9864.0,86.4,62465.0,307.0,3.0,
galax city,118.0,176.0,108.0,276.0,-3.0,49.0,-58.0,105.0,6702.0,17.7,26.4,16.2,-0.4,-8.7,15.7,2.0,,,,,,,
"galax city, va",,,,,,,,,,,,,,,,,2844.0,2758.0,52.1,44706.0,86.0,3.0,
gallatin county,34.0,92.0,-13.0,86.0,1.0,-72.0,-58.0,-12.0,4823.0,7.0,18.9,-2.7,0.2,-11.9,-2.5,-2.0,,,,,,,
"gallatin county, il",,,,,,,,,,,,,,,,,2003.0,1898.0,66.9,51367.0,105.0,5.2,
"gallatin county, ky",,,,,,,,,,,,,,,,,3986.0,3838.0,99.9,59175.0,148.0,3.7,
"gallatin county, mt",,,,,,,,,,,,,,,,,76778.0,75302.0,123.0,83520.0,1476.0,1.9,
gallia county,331.0,452.0,-72.0,577.0,6.0,-194.0,-121.0,-66.0,29030.0,11.4,15.5,-2.5,0.2,-4.2,-2.3,-7.0,,,,,,,
"gallia county, oh",,,,,,,,,,,,,,,,,12041.0,11477.0,78.2,51449.0,564.0,4.7,
galveston county,4003.0,3605.0,1150.0,4992.0,448.0,1827.0,398.0,1598.0,357387.0,11.2,10.1,3.2,1.3,1.1,4.5,-169.0,,,,,,,
"galveston county, tx",,,,,,,,,,,,,,,,,169221.0,161693.0,105.1,75947.0,7528.0,4.4,
garden county,16.0,36.0,16.0,25.0,0.0,-3.0,-20.0,16.0,1835.0,8.7,19.6,8.7,0.0,-10.9,8.7,1.0,,,,,,,
"garden county, ne",,,,,,,,,,,,,,,,,1119.0,1098.0,74.1,51734.0,21.0,1.9,
garfield county,717.0,438.0,-249.0,1032.0,148.0,149.0,279.0,-101.0,62256.0,11.5,7.0,-4.0,2.4,4.5,-1.6,-29.0,,,,,,,
"garfield county, co",,,,,,,,,,,,,,,,,30770.0,29835.0,97.2,86566.0,935.0,3.0,
"garfield county, mt",,,,,,,,,,,,,,,,,757.0,735.0,74.7,50762.0,22.0,2.9,
"garfield county, ne",,,,,,,,,,,,,,,,,1140.0,1118.0,73.8,51530.0,22.0,1.9,
"garfield county, ok",,,,,,,,,,,,,,,,,26965.0,26177.0,93.1,55515.0,788.0,2.9,
"garfield county, ut",,,,,,,,,,,,,,,,,2942.0,2765.0,75.4,66786.0,177.0,6.0,
"garfield county, wa",,,,,,,,,,,,,,,,,796.0,743.0,70.6,64413.0,53.0,6.7,
garland county,969.0,1763.0,372.0,1652.0,55.0,-411.0,-794.0,427.0,99982.0,9.7,17.6,3.7,0.5,-7.9,4.3,-44.0,,,,,,,
"garland county, ar",,,,,,,,,,,,,,,,,41483.0,39936.0,95.9,53239.0,1547.0,3.7,
garrard county,173.0,245.0,258.0,140.0,16.0,200.0,-72.0,274.0,17566.0,9.9,14.0,14.8,0.9,-4.1,15.7,-2.0,,,,,,,
"garrard county, ky",,,,,,,,,,,,,,,,,7806.0,7497.0,97.5,57748.0,309.0,4.0,
garrett county,239.0,396.0,1.0,606.0,3.0,-170.0,-157.0,4.0,28588.0,8.3,13.8,0.0,0.1,-5.5,0.1,-17.0,,,,,,,
"garrett county, md",,,,,,,,,,,,,,,,,14829.0,14353.0,62.2,59080.0,476.0,3.2,
garvin county,325.0,461.0,131.0,154.0,14.0,1.0,-136.0,145.0,25771.0,12.6,17.9,5.1,0.5,-5.3,5.6,-8.0,,,,,,,
"garvin county, ok",,,,,,,,,,,,,,,,,12804.0,12432.0,82.6,49245.0,372.0,2.9,
garza county,53.0,64.0,-2002.0,449.0,58.0,-1771.0,-11.0,-1944.0,4498.0,9.8,11.9,-371.9,10.8,-2.0,-361.1,184.0,,,,,,,
"garza county, tx",,,,,,,,,,,,,,,,,1969.0,1886.0,69.5,50255.0,83.0,4.2,
gasconade county,148.0,251.0,99.0,250.0,-1.0,-8.0,-103.0,98.0,14772.0,10.0,17.0,6.7,-0.1,-7.0,6.6,-3.0,,,,,,,
"gasconade county, mo",,,,,,,,,,,,,,,,,7525.0,7348.0,91.5,59287.0,177.0,2.4,
gaston county,2744.0,3127.0,2754.0,3403.0,265.0,2693.0,-383.0,3019.0,233970.0,11.8,13.4,11.8,1.1,-1.6,13.0,57.0,,,,,,,
"gaston county, nc",,,,,,,,,,,,,,,,,114695.0,110438.0,96.9,65430.0,4257.0,3.7,
gates county,96.0,159.0,37.0,117.0,-4.0,-33.0,-63.0,33.0,10370.0,9.2,15.3,3.6,-0.4,-6.1,3.2,-3.0,,,,,,,
"gates county, nc",,,,,,,,,,,,,,,,,5128.0,4947.0,98.6,66561.0,181.0,3.5,
geary county,937.0,282.0,-1369.0,906.0,97.0,-587.0,655.0,-1272.0,35529.0,26.2,7.9,-38.2,2.7,18.3,-35.5,30.0,,,,,,,
"geary county, ks",,,,,,,,,,,,,,,,,11342.0,10921.0,87.2,60026.0,421.0,3.7,
geauga county,920.0,1092.0,-95.0,1199.0,72.0,-217.0,-172.0,-23.0,95491.0,9.6,11.4,-1.0,0.8,-1.8,-0.2,-22.0,,,,,,,
"geauga county, oh",,,,,,,,,,,,,,,,,48394.0,46485.0,154.5,101636.0,1909.0,3.9,
gem county,204.0,289.0,616.0,257.0,90.0,652.0,-85.0,706.0,20454.0,10.1,14.4,30.6,4.5,-4.2,35.1,31.0,,,,,,,
"gem county, id",,,,,,,,,,,,,,,,,8600.0,8332.0,83.7,60771.0,268.0,3.1,
genesee county,4404.0,5610.0,-1604.0,5050.0,251.0,-2704.0,-1206.0,-1353.0,401923.0,10.9,13.9,-4.0,0.6,-3.0,-3.4,-145.0,,,,,,,
"genesee county, mi",,,,,,,,,,,,,,,,,179097.0,169352.0,85.8,57443.0,9745.0,5.4,
"genesee county, ny",,,,,,,,,,,,,,,,,29566.0,28621.0,86.8,68973.0,945.0,3.2,
geneva county,289.0,491.0,328.0,266.0,14.0,140.0,-202.0,342.0,26760.0,10.8,18.4,12.3,0.5,-7.6,12.8,0.0,,,,,,,
"geneva county, al",,,,,,,,,,,,,,,,,11187.0,10925.0,86.4,51585.0,262.0,2.3,
gentry county,78.0,105.0,116.0,145.0,1.0,90.0,-27.0,117.0,6274.0,12.5,16.9,18.6,0.2,-4.3,18.8,0.0,,,,,,,
"gentry county, mo",,,,,,,,,,,,,,,,,3152.0,3082.0,81.3,52653.0,70.0,2.2,
george county,372.0,380.0,402.0,483.0,12.0,411.0,-8.0,414.0,25199.0,14.9,15.2,16.1,0.5,-0.3,16.6,5.0,,,,,,,
"george county, ms",,,,,,,,,,,,,,,,,8741.0,8315.0,117.4,61956.0,426.0,4.9,
georgetown county,486.0,1059.0,1226.0,599.0,45.0,744.0,-573.0,1271.0,64669.0,7.6,16.5,19.1,0.7,-8.9,19.8,46.0,,,,,,,
"georgetown county, sc",,,,,,,,,,,,,,,,,26153.0,25184.0,92.6,59457.0,969.0,3.7,
gibson county,373.0,408.0,67.0,604.0,18.0,37.0,-35.0,85.0,33002.0,11.3,12.4,2.0,0.5,-1.1,2.6,-13.0,,,,,,,
"gibson county, in",,,,,,,,,,,,,,,,,19762.0,19307.0,99.2,66247.0,455.0,2.3,
"gibson county, tn",,,,,,,,,,,,,,,,,21601.0,20836.0,85.2,55608.0,765.0,3.5,
gila county,454.0,1006.0,898.0,825.0,-6.0,373.0,-552.0,892.0,53922.0,8.4,18.7,16.7,-0.1,-10.3,16.6,33.0,,,,,,,
"gila county, az",,,,,,,,,,,,,,,,,20361.0,19518.0,69.8,51928.0,843.0,4.1,
gilchrist county,207.0,279.0,692.0,999.0,39.0,686.0,-72.0,731.0,19002.0,11.1,15.0,37.1,2.1,-3.9,39.2,27.0,,,,,,,
"gilchrist county, fl",,,,,,,,,,,,,,,,,7309.0,7078.0,84.0,58178.0,231.0,3.2,
giles county,303.0,536.0,364.0,751.0,12.0,139.0,-233.0,376.0,30540.0,9.9,17.6,11.9,0.4,-7.6,12.3,-4.0,,,,,,,
"giles county, tn",,,,,,,,,,,,,,,,,14909.0,14419.0,83.8,54684.0,490.0,3.3,
"giles county, va",,,,,,,,,,,,,,,,,8098.0,7853.0,73.1,62716.0,245.0,3.0,
gillespie county,240.0,413.0,265.0,305.0,119.0,208.0,-173.0,384.0,27501.0,8.8,15.1,9.7,4.3,-6.3,14.0,-3.0,,,,,,,
"gillespie county, tx",,,,,,,,,,,,,,,,,14612.0,14222.0,106.5,77013.0,390.0,2.7,
gilliam county,20.0,36.0,12.0,25.0,-1.0,-5.0,-16.0,11.0,2008.0,9.9,17.9,6.0,-0.5,-8.0,5.5,0.0,,,,,,,
"gilliam county, or",,,,,,,,,,,,,,,,,969.0,933.0,91.3,69038.0,36.0,3.7,
gilmer county,304.0,490.0,439.0,242.0,21.0,297.0,-186.0,460.0,32403.0,9.4,15.2,13.6,0.7,-5.8,14.3,23.0,,,,,,,
"gilmer county, ga",,,,,,,,,,,,,,,,,12505.0,12113.0,93.9,68294.0,392.0,3.1,
"gilmer county, wv",,,,,,,,,,,,,,,,,2283.0,2162.0,83.1,44938.0,121.0,5.3,
gilpin county,45.0,41.0,-32.0,42.0,25.0,-7.0,4.0,-7.0,5886.0,7.6,7.0,-5.4,4.2,0.7,-1.2,-4.0,,,,,,,
"gilpin county, co",,,,,,,,,,,,,,,,,3922.0,3813.0,100.8,89805.0,109.0,2.8,
glacier county,166.0,187.0,-50.0,539.0,5.0,-74.0,-21.0,-45.0,13650.0,12.1,13.7,-3.7,0.4,-1.5,-3.3,-8.0,,,,,,,
"glacier county, mt",,,,,,,,,,,,,,,,,5657.0,5365.0,68.1,46270.0,292.0,5.2,
glades county,71.0,165.0,255.0,1938.0,24.0,197.0,-94.0,279.0,12463.0,5.7,13.3,20.6,1.9,-7.6,22.6,12.0,,,,,,,
"glades county, fl",,,,,,,,,,,,,,,,,5202.0,5031.0,73.0,50559.0,171.0,3.3,
gladwin county,230.0,488.0,391.0,195.0,0.0,146.0,-258.0,391.0,25621.0,9.0,19.1,15.3,0.0,-10.1,15.3,13.0,,,,,,,
"gladwin county, mi",,,,,,,,,,,,,,,,,10003.0,9416.0,82.2,55017.0,587.0,5.9,
glascock county,31.0,51.0,47.0,51.0,0.0,27.0,-20.0,47.0,2928.0,10.6,17.5,16.1,0.0,-6.9,16.1,0.0,,,,,,,
"glascock county, ga",,,,,,,,,,,,,,,,,1248.0,1208.0,76.4,55539.0,40.0,3.2,
glasscock county,13.0,12.0,1.0,0.0,1.0,3.0,1.0,2.0,1139.0,11.4,10.5,0.9,0.9,0.9,1.8,0.0,,,,,,,
"glasscock county, tx",,,,,,,,,,,,,,,,,876.0,852.0,133.6,96533.0,24.0,2.7,
glenn county,364.0,329.0,-415.0,168.0,8.0,-358.0,35.0,-407.0,28360.0,12.8,11.5,-14.5,0.3,1.2,-14.3,14.0,,,,,,,
"glenn county, ca",,,,,,,,,,,,,,,,,12756.0,12062.0,69.1,63247.0,694.0,5.4,
gloucester county,3081.0,3093.0,2096.0,7748.0,249.0,2175.0,-12.0,2345.0,306767.0,10.1,10.1,6.9,0.8,0.0,7.7,-158.0,,,,,,,
"gloucester county, nj",,,,,,,,,,,,,,,,,160615.0,154432.0,101.6,97851.0,6183.0,3.8,
"gloucester county, va",,,,,,,,,,,,,,,,,19529.0,19018.0,89.7,76960.0,511.0,2.6,
glynn county,880.0,1160.0,559.0,2120.0,93.0,359.0,-280.0,652.0,85145.0,10.4,13.7,6.6,1.1,-3.3,7.7,-13.0,,,,,,,
"glynn county, ga",,,,,,,,,,,,,,,,,39564.0,38360.0,87.3,63532.0,1204.0,3.0,
gogebic county,98.0,216.0,120.0,282.0,1.0,10.0,-118.0,121.0,14377.0,6.8,15.0,8.3,0.1,-8.2,8.4,7.0,,,,,,,
"gogebic county, mi",,,,,,,,,,,,,,,,,5756.0,5466.0,74.9,50142.0,290.0,5.0,
golden valley county,5.0,17.0,22.0,0.0,0.0,11.0,-12.0,22.0,826.0,6.1,20.7,26.8,0.0,-14.6,26.8,1.0,,,,,,,
"golden valley county, mt",,,,,,,,,,,,,,,,,377.0,365.0,67.2,45622.0,12.0,3.2,
"golden valley county, nd",,,,,,,,,,,,,,,,,849.0,835.0,88.5,64823.0,14.0,1.6,
goliad county,68.0,99.0,25.0,92.0,-2.0,-13.0,-31.0,23.0,7120.0,9.5,13.9,3.5,-0.3,-4.3,3.2,-5.0,,,,,,,
"goliad county, tx",,,,,,,,,,,,,,,,,3188.0,3046.0,86.9,62841.0,142.0,4.5,
gonzales county,287.0,272.0,157.0,272.0,15.0,180.0,15.0,172.0,19816.0,14.5,13.8,8.0,0.8,0.8,8.7,-7.0,,,,,,,
"gonzales county, tx",,,,,,,,,,,,,,,,,9541.0,9227.0,79.6,57523.0,314.0,3.3,
goochland county,211.0,282.0,682.0,920.0,6.0,633.0,-71.0,688.0,26162.0,8.2,10.9,26.4,0.2,-2.7,26.6,16.0,,,,,,,
"goochland county, va",,,,,,,,,,,,,,,,,11830.0,11518.0,132.4,113617.0,312.0,2.6,
goodhue county,495.0,590.0,108.0,763.0,18.0,-1.0,-95.0,126.0,48041.0,10.3,12.3,2.2,0.4,-2.0,2.6,-32.0,,,,,,,
"goodhue county, mn",,,,,,,,,,,,,,,,,26623.0,25969.0,99.7,82091.0,654.0,2.5,
gooding county,220.0,178.0,37.0,107.0,13.0,86.0,42.0,50.0,15879.0,13.9,11.2,2.3,0.8,2.7,3.2,-6.0,,,,,,,
"gooding county, id",,,,,,,,,,,,,,,,,8102.0,7873.0,82.4,59838.0,229.0,2.8,
gordon county,655.0,759.0,673.0,491.0,46.0,616.0,-104.0,719.0,58855.0,11.2,13.0,11.5,0.8,-1.8,12.3,1.0,,,,,,,
"gordon county, ga",,,,,,,,,,,,,,,,,28906.0,28062.0,87.9,63946.0,844.0,2.9,
goshen county,119.0,192.0,142.0,1127.0,1.0,68.0,-73.0,143.0,12636.0,9.4,15.2,11.3,0.1,-5.8,11.3,-2.0,,,,,,,
"goshen county, wy",,,,,,,,,,,,,,,,,6547.0,6362.0,82.4,58720.0,185.0,2.8,
gosper county,16.0,26.0,17.0,32.0,0.0,6.0,-10.0,17.0,1835.0,8.7,14.2,9.3,0.0,-5.5,9.3,-1.0,,,,,,,
"gosper county, ne",,,,,,,,,,,,,,,,,1205.0,1183.0,96.9,67697.0,22.0,1.8,
gove county,33.0,45.0,6.0,44.0,1.0,-5.0,-12.0,7.0,2742.0,12.0,16.4,2.2,0.4,-4.4,2.6,0.0,,,,,,,
"gove county, ks",,,,,,,,,,,,,,,,,1370.0,1341.0,93.0,64037.0,29.0,2.1,
grady county,298.0,351.0,192.0,150.0,17.0,144.0,-53.0,209.0,25994.0,11.5,13.5,7.4,0.7,-2.0,8.1,-12.0,,,,,,,
"grady county, ga",,,,,,,,,,,,,,,,,10878.0,10540.0,66.7,48548.0,338.0,3.1,
"grady county, ok",,,,,,,,,,,,,,,,,27613.0,26847.0,112.2,66930.0,766.0,2.8,
grafton county,697.0,995.0,2404.0,7567.0,340.0,2636.0,-298.0,2744.0,93131.0,7.6,10.8,26.2,3.7,-3.2,29.9,190.0,,,,,,,
"grafton county, nh",,,,,,,,,,,,,,,,,48551.0,47531.0,89.5,81205.0,1020.0,2.1,
graham county,502.0,445.0,-169.0,2021.0,-2.0,-99.0,57.0,-171.0,38822.0,12.9,11.4,-4.3,-0.1,1.5,-4.4,15.0,,,,,,,
"graham county, az",,,,,,,,,,,,,,,,,16158.0,15585.0,85.8,63797.0,573.0,3.5,
"graham county, ks",,,,,,,,,,,,,,,,,1191.0,1164.0,77.3,53233.0,27.0,2.3,
"graham county, nc",,,,,,,,,,,,,,,,,2953.0,2793.0,74.5,50301.0,160.0,5.4,
grainger county,263.0,404.0,501.0,101.0,0.0,385.0,-141.0,501.0,24185.0,11.0,16.8,20.9,0.0,-5.9,20.9,25.0,,,,,,,
"grainger county, tn",,,,,,,,,,,,,,,,,9751.0,9377.0,79.6,51951.0,374.0,3.8,
grand county,118.0,108.0,-146.0,213.0,27.0,-117.0,10.0,-119.0,15734.0,7.5,6.8,-9.2,1.7,0.6,-7.5,-8.0,,,,,,,
"grand county, co",,,,,,,,,,,,,,,,,9242.0,8991.0,98.8,88059.0,251.0,2.7,
"grand county, ut",,,,,,,,,,,,,,,,,6957.0,6727.0,75.9,67218.0,230.0,3.3,
grand forks county,860.0,580.0,-554.0,4299.0,154.0,-165.0,280.0,-400.0,72421.0,11.9,8.0,-7.6,2.1,3.9,-5.5,-45.0,,,,,,,
"grand forks county, nd",,,,,,,,,,,,,,,,,37592.0,36911.0,88.6,64914.0,681.0,1.8,
grand isle county,64.0,100.0,96.0,0.0,1.0,62.0,-36.0,97.0,7490.0,8.6,13.4,12.9,0.1,-4.8,13.0,1.0,,,,,,,
"grand isle county, vt",,,,,,,,,,,,,,,,,4140.0,4019.0,102.3,76260.0,121.0,2.9,
grand traverse county,897.0,1138.0,544.0,2020.0,48.0,329.0,-241.0,592.0,96298.0,9.3,11.8,5.7,0.5,-2.5,6.2,-22.0,,,,,,,
"grand traverse county, mi",,,,,,,,,,,,,,,,,49730.0,47908.0,111.7,74746.0,1822.0,3.7,
granite county,30.0,39.0,134.0,99.0,0.0,137.0,-9.0,134.0,3497.0,8.8,11.4,39.1,0.0,-2.6,39.1,12.0,,,,,,,
"granite county, mt",,,,,,,,,,,,,,,,,1666.0,1600.0,85.7,58186.0,66.0,4.0,
grant county,183.0,284.0,107.0,152.0,7.0,6.0,-101.0,114.0,18129.0,10.1,15.7,5.9,0.4,-5.6,6.3,-7.0,,,,,,,
"grant county, ar",,,,,,,,,,,,,,,,,8457.0,8205.0,114.4,63512.0,252.0,3.0,
"grant county, in",,,,,,,,,,,,,,,,,31378.0,30332.0,76.5,51053.0,1046.0,3.3,
"grant county, ks",,,,,,,,,,,,,,,,,2806.0,2726.0,95.9,66022.0,80.0,2.9,
"grant county, ky",,,,,,,,,,,,,,,,,11639.0,11185.0,112.2,66458.0,454.0,3.9,
"grant county, mn",,,,,,,,,,,,,,,,,3265.0,3174.0,83.0,68381.0,91.0,2.8,
"grant county, nd",,,,,,,,,,,,,,,,,1217.0,1194.0,60.1,43988.0,23.0,1.9,
"grant county, ne",,,,,,,,,,,,,,,,,416.0,410.0,90.9,63469.0,6.0,1.4,
"grant county, nm",,,,,,,,,,,,,,,,,11589.0,11108.0,78.7,47099.0,481.0,4.2,
"grant county, ok",,,,,,,,,,,,,,,,,2796.0,2742.0,93.3,55657.0,54.0,1.9,
"grant county, or",,,,,,,,,,,,,,,,,3204.0,3018.0,77.1,58348.0,186.0,5.8,
"grant county, sd",,,,,,,,,,,,,,,,,4383.0,4275.0,99.7,70409.0,108.0,2.5,
"grant county, wa",,,,,,,,,,,,,,,,,48734.0,45944.0,69.9,63809.0,2790.0,5.7,
"grant county, wi",,,,,,,,,,,,,,,,,27067.0,26326.0,89.0,63247.0,741.0,2.7,
"grant county, wv",,,,,,,,,,,,,,,,,5906.0,5687.0,107.5,58150.0,219.0,3.7,
grant parish,264.0,285.0,-215.0,2953.0,17.0,-216.0,-21.0,-198.0,22040.0,11.9,12.9,-9.7,0.8,-0.9,-8.9,3.0,,,,,,,
"grant parish, la",,,,,,,,,,,,,,,,,8197.0,7911.0,95.3,52832.0,286.0,3.5,
granville county,644.0,725.0,424.0,3725.0,5.0,337.0,-81.0,429.0,61702.0,10.5,11.8,6.9,0.1,-1.3,7.0,-11.0,,,,,,,
"granville county, nc",,,,,,,,,,,,,,,,,30234.0,29262.0,109.8,74120.0,972.0,3.2,
gratiot county,352.0,541.0,24.0,5646.0,9.0,-182.0,-189.0,33.0,41104.0,8.5,13.1,0.6,0.2,-4.6,0.8,-26.0,,,,,,,
"gratiot county, mi",,,,,,,,,,,,,,,,,17396.0,16609.0,86.8,58074.0,787.0,4.5,
graves county,467.0,572.0,-61.0,366.0,7.0,-180.0,-105.0,-54.0,36493.0,12.8,15.6,-1.7,0.2,-2.9,-1.5,-21.0,,,,,,,
"graves county, ky",,,,,,,,,,,,,,,,,15417.0,14695.0,90.1,53408.0,722.0,4.7,
gray county,82.0,67.0,18.0,82.0,17.0,47.0,15.0,35.0,5711.0,14.4,11.8,3.2,3.0,2.6,6.2,-3.0,,,,,,,
"gray county, ks",,,,,,,,,,,,,,,,,3174.0,3113.0,113.0,77761.0,61.0,1.9,
"gray county, tx",,,,,,,,,,,,,,,,,7700.0,7352.0,70.1,50648.0,348.0,4.5,
grays harbor county,685.0,1186.0,655.0,2743.0,39.0,203.0,-501.0,694.0,77041.0,8.9,15.4,8.5,0.5,-6.5,9.0,10.0,,,,,,,
"grays harbor county, wa",,,,,,,,,,,,,,,,,28799.0,26954.0,68.2,62258.0,1845.0,6.4,
grayson county,373.0,451.0,148.0,752.0,0.0,60.0,-78.0,148.0,26643.0,14.0,16.9,5.6,0.0,-2.9,5.6,-10.0,,,,,,,
"grayson county, ky",,,,,,,,,,,,,,,,,10366.0,9878.0,88.0,52130.0,488.0,4.7,
"grayson county, tx",,,,,,,,,,,,,,,,,67033.0,64573.0,91.5,66141.0,2460.0,3.7,
"grayson county, va",,,,,,,,,,,,,,,,,7974.0,7769.0,52.9,45414.0,205.0,2.6,
greater bridgeport planning region,3429.0,2568.0,-2603.0,10550.0,2117.0,373.0,861.0,-486.0,327125.0,10.5,7.9,-8.0,6.5,2.6,-1.5,-2.0,,,,,,,
"greater bridgeport planning region, ct",,,,,,,,,,,,,,,,,,,91.9,81042.0,,,
greeley county,17.0,27.0,-43.0,24.0,0.0,-50.0,-10.0,-43.0,1232.0,13.5,21.5,-34.2,0.0,-8.0,-34.2,3.0,,,,,,,
"greeley county, ks",,,,,,,,,,,,,,,,,789.0,777.0,105.0,72300.0,12.0,1.5,
"greeley county, ne",,,,,,,,,,,,,,,,,1245.0,1222.0,83.9,58561.0,23.0,1.8,
green county,115.0,171.0,119.0,100.0,0.0,67.0,-56.0,119.0,11392.0,10.1,15.1,10.5,0.0,-4.9,10.5,4.0,,,,,,,
"green county, ky",,,,,,,,,,,,,,,,,5052.0,4861.0,77.9,46169.0,191.0,3.8,
"green county, wi",,,,,,,,,,,,,,,,,20880.0,20374.0,111.7,79337.0,506.0,2.4,
green lake county,204.0,299.0,57.0,234.0,8.0,-41.0,-95.0,65.0,19208.0,10.6,15.5,3.0,0.4,-4.9,3.4,-11.0,,,,,,,
"green lake county, wi",,,,,,,,,,,,,,,,,9118.0,8811.0,93.0,66070.0,307.0,3.4,
greenbrier county,306.0,665.0,43.0,399.0,25.0,-312.0,-359.0,68.0,32375.0,9.4,20.4,1.3,0.8,-11.0,2.1,-21.0,,,,,,,
"greenbrier county, wv",,,,,,,,,,,,,,,,,15300.0,14719.0,83.4,45137.0,581.0,3.8,
greene county,84.0,135.0,-113.0,60.0,0.0,-162.0,-51.0,-113.0,7452.0,11.2,17.9,-15.0,0.0,-6.8,-15.0,2.0,,,,,,,
"greene county, al",,,,,,,,,,,,,,,,,2757.0,2641.0,59.4,35449.0,116.0,4.2,
"greene county, ar",,,,,,,,,,,,,,,,,19555.0,18936.0,98.1,54475.0,619.0,3.2,
"greene county, ga",,,,,,,,,,,,,,,,,7353.0,7113.0,102.4,74488.0,240.0,3.3,
"greene county, ia",,,,,,,,,,,,,,,,,5377.0,5262.0,91.2,63562.0,115.0,2.1,
"greene county, il",,,,,,,,,,,,,,,,,5837.0,5584.0,75.8,58196.0,253.0,4.3,
"greene county, in",,,,,,,,,,,,,,,,,13508.0,12983.0,92.4,61663.0,525.0,3.9,
"greene county, mo",,,,,,,,,,,,,,,,,153877.0,150613.0,86.1,55751.0,3264.0,2.1,
"greene county, ms",,,,,,,,,,,,,,,,,4182.0,3947.0,99.6,52585.0,235.0,5.6,
"greene county, nc",,,,,,,,,,,,,,,,,9554.0,9241.0,74.0,49992.0,313.0,3.3,
"greene county, ny",,,,,,,,,,,,,,,,,20246.0,19516.0,89.9,71433.0,730.0,3.6,
"greene county, oh",,,,,,,,,,,,,,,,,81766.0,78826.0,125.8,82769.0,2940.0,3.6,
"greene county, pa",,,,,,,,,,,,,,,,,15525.0,14755.0,87.9,63082.0,770.0,5.0,
"greene county, tn",,,,,,,,,,,,,,,,,28926.0,27775.0,77.3,50410.0,1151.0,4.0,
"greene county, va",,,,,,,,,,,,,,,,,10635.0,10388.0,96.4,82772.0,247.0,2.3,
greenlee county,119.0,97.0,-124.0,18.0,29.0,-73.0,22.0,-95.0,9327.0,12.7,10.4,-13.2,3.1,2.3,-10.1,0.0,,,,,,,
"greenlee county, az",,,,,,,,,,,,,,,,,4645.0,4510.0,102.7,76338.0,135.0,2.9,
greensville county,93.0,159.0,-147.0,3294.0,0.0,-209.0,-66.0,-147.0,11204.0,8.2,14.1,-13.0,0.0,-5.8,-13.0,4.0,,,,,,,
"greensville county, va",,,,,,,,,,,,,,,,,4310.0,4152.0,55.4,47596.0,158.0,3.7,
greenup county,325.0,594.0,27.0,545.0,-4.0,-268.0,-269.0,23.0,35375.0,9.2,16.7,0.8,-0.1,-7.6,0.6,-22.0,,,,,,,
"greenup county, ky",,,,,,,,,,,,,,,,,12901.0,12132.0,91.9,54462.0,769.0,6.0,
greenville county,6609.0,5835.0,9981.0,10272.0,2144.0,13197.0,774.0,12125.0,547845.0,12.2,10.8,18.4,4.0,1.4,22.4,298.0,,,,,,,
"greenville county, sc",,,,,,,,,,,,,,,,,261642.0,254376.0,111.8,71833.0,7266.0,2.8,
greenwood county,50.0,129.0,64.0,90.0,3.0,-13.0,-79.0,67.0,5908.0,8.5,21.8,10.8,0.5,-13.4,11.3,-1.0,,,,,,,
"greenwood county, ks",,,,,,,,,,,,,,,,,3040.0,2968.0,75.8,52145.0,72.0,2.4,
"greenwood county, sc",,,,,,,,,,,,,,,,,29763.0,28675.0,77.6,49867.0,1088.0,3.7,
greer county,54.0,96.0,104.0,870.0,1.0,66.0,-42.0,105.0,5546.0,9.8,17.4,18.9,0.2,-7.6,19.0,3.0,,,,,,,
"greer county, ok",,,,,,,,,,,,,,,,,1853.0,1788.0,68.0,40545.0,65.0,3.5,
gregg county,1726.0,1803.0,1340.0,3419.0,168.0,1429.0,-77.0,1508.0,125559.0,13.8,14.4,10.7,1.3,-0.6,12.1,-2.0,,,,,,,
"gregg county, tx",,,,,,,,,,,,,,,,,57085.0,54632.0,84.3,60932.0,2453.0,4.3,
gregory county,47.0,52.0,48.0,74.0,1.0,42.0,-5.0,49.0,3999.0,11.8,13.1,12.1,0.3,-1.3,12.3,-2.0,,,,,,,
"gregory county, sd",,,,,,,,,,,,,,,,,2137.0,2098.0,69.7,49239.0,39.0,1.8,
grenada county,243.0,350.0,-90.0,312.0,5.0,-196.0,-107.0,-85.0,21134.0,11.4,16.5,-4.2,0.2,-5.0,-4.0,-4.0,,,,,,,
"grenada county, ms",,,,,,,,,,,,,,,,,8886.0,8565.0,88.5,46718.0,321.0,3.6,
griggs county,25.0,33.0,-24.0,85.0,0.0,-32.0,-8.0,-24.0,2249.0,11.0,14.6,-10.6,0.0,-3.5,-10.6,0.0,,,,,,,
"griggs county, nd",,,,,,,,,,,,,,,,,1013.0,993.0,81.0,59332.0,20.0,2.0,
grimes county,406.0,398.0,968.0,2809.0,-1.0,1025.0,8.0,967.0,31170.0,13.2,13.0,31.6,0.0,0.3,31.5,50.0,,,,,,,
"grimes county, tx",,,,,,,,,,,,,,,,,11498.0,10974.0,84.7,61188.0,524.0,4.6,
grundy county,580.0,536.0,154.0,220.0,25.0,190.0,44.0,179.0,53149.0,10.9,10.1,2.9,0.5,0.8,3.4,-33.0,,,,,,,
"grundy county, ia",,,,,,,,,,,,,,,,,6371.0,6206.0,113.9,79386.0,165.0,2.6,
"grundy county, il",,,,,,,,,,,,,,,,,26209.0,24957.0,122.3,93882.0,1252.0,4.8,
"grundy county, mo",,,,,,,,,,,,,,,,,4008.0,3899.0,74.8,48457.0,109.0,2.7,
"grundy county, tn",,,,,,,,,,,,,,,,,4929.0,4705.0,67.8,44219.0,224.0,4.5,
guadalupe county,23.0,60.0,-97.0,603.0,22.0,-107.0,-37.0,-75.0,4316.0,5.3,13.7,-22.2,5.0,-8.5,-17.2,5.0,,,,,,,
"guadalupe county, nm",,,,,,,,,,,,,,,,,1442.0,1360.0,73.3,43862.0,82.0,5.7,
"guadalupe county, tx",,,,,,,,,,,,,,,,,85569.0,82634.0,119.0,86043.0,2935.0,3.4,
"guanica municipio, pr",,,,,,,,,,,,,,,,,4112.0,3699.0,,,413.0,10.0,
guayama municipio,,,,,,,,,35250.0,,,,,,,,,,,,,,
"guayama municipio, pr",,,,,,,,,,,,,,,,,11448.0,10672.0,,,776.0,6.8,
guayanilla municipio,,,,,,,,,17056.0,,,,,,,,,,,,,,
"guayanilla municipio, pr",,,,,,,,,,,,,,,,,5225.0,4707.0,,,518.0,9.9,
guaynabo municipio,,,,,,,,,89011.0,,,,,,,,,,,,,,
"guaynabo municipio, pr",,,,,,,,,,,,,,,,,41323.0,40027.0,,,1296.0,3.1,
guernsey county,412.0,653.0,36.0,503.0,1.0,-227.0,-241.0,37.0,38060.0,10.8,17.1,0.9,0.0,-6.3,1.0,-23.0,,,,,,,
"guernsey county, oh",,,,,,,,,,,,,,,,,17729.0,16860.0,85.1,56004.0,869.0,4.9,
guilford county,5862.0,5738.0,2131.0,25842.0,1910.0,3962.0,124.0,4041.0,546457.0,10.8,10.5,3.9,3.5,0.2,7.4,-203.0,,,,,,,
"guilford county, nc",,,,,,,,,,,,,,,,,259951.0,249172.0,94.5,63822.0,10779.0,4.1,
gulf county,110.0,247.0,885.0,1803.0,10.0,837.0,-137.0,895.0,15299.0,7.4,16.6,59.5,0.7,-9.2,60.1,79.0,,,,,,,
"gulf county, fl",,,,,,,,,,,,,,,,,5351.0,5200.0,80.7,55909.0,151.0,2.8,
gunnison county,137.0,89.0,-18.0,1059.0,4.0,26.0,48.0,-14.0,17320.0,7.9,5.1,-1.0,0.2,2.8,-0.8,-8.0,,,,,,,
"gunnison county, co",,,,,,,,,,,,,,,,,11316.0,11031.0,99.7,88855.0,285.0,2.5,
gurabo municipio,,,,,,,,,40042.0,,,,,,,,,,,,,,
"gurabo municipio, pr",,,,,,,,,,,,,,,,,20464.0,19619.0,,,845.0,4.1,
guthrie county,96.0,136.0,119.0,96.0,22.0,93.0,-40.0,141.0,10681.0,9.0,12.8,11.2,2.1,-3.8,13.3,-8.0,,,,,,,
"guthrie county, ia",,,,,,,,,,,,,,,,,5639.0,5476.0,104.3,72701.0,163.0,2.9,
guánica municipio,,,,,,,,,12791.0,,,,,,,,,,,,,,
gwinnett county,11385.0,5929.0,276.0,5531.0,5591.0,10835.0,5456.0,5867.0,976173.0,11.7,6.1,0.3,5.8,5.6,6.0,-488.0,,,,,,,
"gwinnett county, ga",,,,,,,,,,,,,,,,,500085.0,486171.0,115.4,83918.0,13914.0,2.8,
haakon county,25.0,26.0,0.0,44.0,0.0,-1.0,-1.0,0.0,1834.0,13.6,14.2,0.0,0.0,-0.5,0.0,0.0,,,,,,,
"haakon county, sd",,,,,,,,,,,,,,,,,1071.0,1051.0,83.3,58799.0,20.0,1.9,
habersham county,530.0,601.0,707.0,2505.0,82.0,717.0,-71.0,789.0,47465.0,11.3,12.8,15.0,1.7,-1.5,16.7,-1.0,,,,,,,
"habersham county, ga",,,,,,,,,,,,,,,,,18689.0,18094.0,85.8,62428.0,595.0,3.2,
haines borough,22.0,19.0,-12.0,22.0,6.0,-4.0,3.0,-6.0,2070.0,10.6,9.2,-5.8,2.9,1.4,-2.9,-1.0,,,,,,,
"haines borough, ak",,,,,,,,,,,,,,,,,1064.0,991.0,80.2,70610.0,73.0,6.9,
hale county,209.0,254.0,-77.0,181.0,0.0,-127.0,-45.0,-77.0,14599.0,14.3,17.3,-5.3,0.0,-3.1,-5.3,-5.0,,,,,,,
"hale county, al",,,,,,,,,,,,,,,,,5940.0,5714.0,74.9,44702.0,226.0,3.8,
"hale county, tx",,,,,,,,,,,,,,,,,11708.0,11125.0,68.6,49571.0,583.0,5.0,
halifax county,531.0,844.0,-373.0,1245.0,39.0,-642.0,-313.0,-334.0,47711.0,11.1,17.6,-7.8,0.8,-6.5,-7.0,5.0,,,,,,,
"halifax county, nc",,,,,,,,,,,,,,,,,19215.0,18119.0,66.4,44804.0,1096.0,5.7,
"halifax county, va",,,,,,,,,,,,,,,,,15390.0,14812.0,58.9,50578.0,578.0,3.8,
hall county,2698.0,2012.0,4217.0,2453.0,477.0,5541.0,686.0,4694.0,212621.0,12.9,9.6,20.1,2.3,3.3,22.4,161.0,,,,,,,
"hall county, ga",,,,,,,,,,,,,,,,,107053.0,104415.0,105.6,76789.0,2638.0,2.5,
"hall county, ne",,,,,,,,,,,,,,,,,32852.0,32117.0,94.9,66277.0,735.0,2.2,
"hall county, tx",,,,,,,,,,,,,,,,,1100.0,1054.0,56.3,40677.0,46.0,4.2,
hamblen county,772.0,1141.0,1077.0,485.0,80.0,807.0,-369.0,1157.0,65167.0,11.9,17.6,16.6,1.2,-5.7,17.9,19.0,,,,,,,
"hamblen county, tn",,,,,,,,,,,,,,,,,28156.0,27128.0,87.0,56734.0,1028.0,3.7,
hamilton county,167.0,220.0,171.0,1541.0,1.0,122.0,-53.0,172.0,13194.0,12.7,16.8,13.0,0.1,-4.0,13.1,3.0,,,,,,,
"hamilton county, fl",,,,,,,,,,,,,,,,,4108.0,3934.0,65.6,45484.0,174.0,4.2,
"hamilton county, ia",,,,,,,,,,,,,,,,,6950.0,6752.0,98.7,68795.0,198.0,2.8,
"hamilton county, il",,,,,,,,,,,,,,,,,4260.0,4106.0,74.3,56984.0,154.0,3.6,
"hamilton county, in",,,,,,,,,,,,,,,,,193855.0,189632.0,175.3,117068.0,4223.0,2.2,
"hamilton county, ks",,,,,,,,,,,,,,,,,1630.0,1603.0,92.2,63442.0,27.0,1.7,
"hamilton county, ne",,,,,,,,,,,,,,,,,4925.0,4830.0,107.9,75369.0,95.0,1.9,
"hamilton county, ny",,,,,,,,,,,,,,,,,2186.0,2090.0,78.2,62149.0,96.0,4.4,
"hamilton county, oh",,,,,,,,,,,,,,,,,416987.0,401963.0,101.9,67033.0,15024.0,3.6,
"hamilton county, tn",,,,,,,,,,,,,,,,,184617.0,178316.0,115.2,75127.0,6301.0,3.4,
"hamilton county, tx",,,,,,,,,,,,,,,,,3884.0,3750.0,82.7,59753.0,134.0,3.5,
hamlin county,142.0,55.0,14.0,99.0,31.0,130.0,87.0,45.0,6394.0,22.4,8.7,2.2,4.9,13.7,7.1,-2.0,,,,,,,
"hamlin county, sd",,,,,,,,,,,,,,,,,3584.0,3516.0,104.8,73995.0,68.0,1.9,
hampden county,4798.0,5133.0,-3056.0,14138.0,1381.0,-2104.0,-335.0,-1675.0,460758.0,10.4,11.1,-6.6,3.0,-0.7,-3.6,-94.0,,,,,,,
"hampden county, ma",,,,,,,,,,,,,,,,,222436.0,211709.0,67.7,64030.0,10727.0,4.8,
hampshire county,939.0,1432.0,-716.0,23899.0,626.0,-610.0,-493.0,-90.0,162518.0,5.8,8.8,-4.4,3.8,-3.0,-0.6,-27.0,,,,,,,
"hampshire county, ma",,,,,,,,,,,,,,,,,88857.0,85916.0,86.6,81878.0,2941.0,3.3,
"hampshire county, wv",,,,,,,,,,,,,,,,,11016.0,10722.0,107.7,58266.0,294.0,2.7,
hampton city,1647.0,1646.0,-54.0,3530.0,234.0,98.0,1.0,180.0,137858.0,12.0,11.9,-0.4,1.7,0.0,1.3,-83.0,,,,,,,
"hampton city, va",,,,,,,,,,,,,,,,,64499.0,62099.0,74.7,64086.0,2400.0,3.7,
hampton county,195.0,296.0,-30.0,1324.0,32.0,-108.0,-101.0,2.0,18136.0,10.7,16.3,-1.6,1.8,-5.6,0.1,-9.0,,,,,,,
"hampton county, sc",,,,,,,,,,,,,,,,,7911.0,7685.0,68.5,43987.0,226.0,2.9,
hancock county,51.0,159.0,-159.0,1152.0,1.0,-260.0,-108.0,-158.0,8417.0,6.0,18.6,-18.6,0.1,-12.6,-18.5,6.0,,,,,,,
"hancock county, ga",,,,,,,,,,,,,,,,,2499.0,2372.0,53.0,38570.0,127.0,5.1,
"hancock county, ia",,,,,,,,,,,,,,,,,5728.0,5592.0,96.8,67498.0,136.0,2.4,
"hancock county, il",,,,,,,,,,,,,,,,,7941.0,7617.0,82.5,63324.0,324.0,4.1,
"hancock county, in",,,,,,,,,,,,,,,,,42473.0,41356.0,131.6,87845.0,1117.0,2.6,
"hancock county, ky",,,,,,,,,,,,,,,,,3787.0,3621.0,111.9,66300.0,166.0,4.4,
"hancock county, me",,,,,,,,,,,,,,,,,28745.0,27778.0,91.9,63879.0,967.0,3.4,
"hancock county, ms",,,,,,,,,,,,,,,,,18973.0,18220.0,113.4,59874.0,753.0,4.0,
"hancock county, oh",,,,,,,,,,,,,,,,,40188.0,38868.0,110.4,72658.0,1320.0,3.3,
"hancock county, tn",,,,,,,,,,,,,,,,,2272.0,2177.0,58.3,38024.0,95.0,4.2,
"hancock county, wv",,,,,,,,,,,,,,,,,12771.0,12137.0,107.4,58077.0,634.0,5.0,
hand county,38.0,59.0,49.0,61.0,5.0,33.0,-21.0,54.0,3112.0,12.3,19.1,15.8,1.6,-6.8,17.4,0.0,,,,,,,
"hand county, sd",,,,,,,,,,,,,,,,,1790.0,1759.0,91.4,64536.0,31.0,1.7,
hanover county,1066.0,1253.0,1249.0,2070.0,55.0,1077.0,-187.0,1304.0,112860.0,9.5,11.2,11.1,0.5,-1.7,11.6,-40.0,,,,,,,
"hanover county, va",,,,,,,,,,,,,,,,,60044.0,58623.0,120.7,103639.0,1421.0,2.4,
hansford county,68.0,62.0,-11.0,57.0,-3.0,-9.0,6.0,-14.0,5111.0,13.3,12.1,-2.2,-0.6,1.2,-2.7,-1.0,,,,,,,
"hansford county, tx",,,,,,,,,,,,,,,,,2907.0,2837.0,95.6,69064.0,70.0,2.4,
hanson county,41.0,32.0,-47.0,216.0,9.0,-31.0,9.0,-38.0,3479.0,11.7,9.2,-13.4,2.6,2.6,-10.9,-2.0,,,,,,,
"hanson county, sd",,,,,,,,,,,,,,,,,1785.0,1740.0,112.6,79488.0,45.0,2.5,
haralson county,346.0,447.0,832.0,179.0,-2.0,760.0,-101.0,830.0,31355.0,11.2,14.4,26.9,-0.1,-3.3,26.8,31.0,,,,,,,
"haralson county, ga",,,,,,,,,,,,,,,,,12994.0,12588.0,79.6,57912.0,406.0,3.1,
hardee county,358.0,351.0,287.0,1917.0,31.0,329.0,7.0,318.0,25651.0,14.0,13.8,11.3,1.2,0.3,12.5,4.0,,,,,,,
"hardee county, fl",,,,,,,,,,,,,,,,,8672.0,8321.0,70.1,48572.0,351.0,4.0,
hardeman county,281.0,390.0,345.0,3729.0,0.0,251.0,-109.0,345.0,25511.0,11.1,15.4,13.6,0.0,-4.3,13.6,15.0,,,,,,,
"hardeman county, tn",,,,,,,,,,,,,,,,,8941.0,8564.0,68.1,44454.0,377.0,4.2,
"hardeman county, tx",,,,,,,,,,,,,,,,,1796.0,1732.0,68.5,49539.0,64.0,3.6,
hardin county,29.0,84.0,-5.0,41.0,-1.0,-63.0,-55.0,-6.0,3572.0,8.0,23.3,-1.4,-0.3,-15.3,-1.7,-2.0,,,,,,,
"hardin county, ia",,,,,,,,,,,,,,,,,7819.0,7580.0,85.5,59622.0,239.0,3.1,
"hardin county, il",,,,,,,,,,,,,,,,,1434.0,1357.0,60.7,46568.0,77.0,5.4,
"hardin county, ky",,,,,,,,,,,,,,,,,46808.0,44821.0,104.5,61920.0,1987.0,4.2,
"hardin county, oh",,,,,,,,,,,,,,,,,13131.0,12579.0,89.4,58844.0,552.0,4.2,
"hardin county, tn",,,,,,,,,,,,,,,,,10144.0,9738.0,65.3,42573.0,406.0,4.0,
"hardin county, tx",,,,,,,,,,,,,,,,,24970.0,23668.0,97.4,70432.0,1302.0,5.2,
harding county,0.0,15.0,4.0,0.0,1.0,-10.0,-15.0,5.0,621.0,0.0,24.0,6.4,1.6,-24.0,8.0,0.0,,,,,,,
"harding county, nm",,,,,,,,,,,,,,,,,281.0,271.0,75.6,45217.0,10.0,3.6,
"harding county, sd",,,,,,,,,,,,,,,,,741.0,727.0,92.3,65168.0,14.0,1.9,
hardy county,128.0,209.0,99.0,71.0,5.0,25.0,-81.0,104.0,14168.0,9.0,14.8,7.0,0.4,-5.7,7.3,2.0,,,,,,,
"hardy county, wv",,,,,,,,,,,,,,,,,5637.0,5408.0,99.6,53876.0,229.0,4.1,
harford county,2643.0,2593.0,542.0,1825.0,84.0,513.0,50.0,626.0,263815.0,10.0,9.8,2.1,0.3,0.2,2.4,-163.0,,,,,,,
"harford county, md",,,,,,,,,,,,,,,,,139568.0,135753.0,105.7,100334.0,3815.0,2.7,
harlan county,284.0,570.0,-214.0,561.0,-1.0,-498.0,-286.0,-215.0,25652.0,11.0,22.0,-8.3,0.0,-11.0,-8.3,3.0,,,,,,,
"harlan county, ky",,,,,,,,,,,,,,,,,6306.0,5897.0,60.8,36022.0,409.0,6.5,
"harlan county, ne",,,,,,,,,,,,,,,,,1810.0,1778.0,88.9,62104.0,32.0,1.8,
harmon county,28.0,47.0,33.0,53.0,0.0,13.0,-19.0,33.0,2416.0,11.6,19.5,13.7,0.0,-7.9,13.7,-1.0,,,,,,,
"harmon county, ok",,,,,,,,,,,,,,,,,1217.0,1184.0,69.0,41170.0,33.0,2.7,
harnett county,1860.0,1418.0,2255.0,2884.0,135.0,2892.0,442.0,2390.0,138478.0,13.6,10.3,16.5,1.0,3.2,17.4,60.0,,,,,,,
"harnett county, nc",,,,,,,,,,,,,,,,,54989.0,52711.0,96.6,65242.0,2278.0,4.1,
harney county,78.0,116.0,-29.0,135.0,-2.0,-70.0,-38.0,-31.0,7532.0,10.3,15.3,-3.8,-0.3,-5.0,-4.1,-1.0,,,,,,,
"harney county, or",,,,,,,,,,,,,,,,,3763.0,3589.0,74.0,56001.0,174.0,4.6,
harper county,79.0,81.0,50.0,101.0,-1.0,45.0,-2.0,49.0,5400.0,14.7,15.1,9.3,-0.2,-0.4,9.1,-2.0,,,,,,,
"harper county, ks",,,,,,,,,,,,,,,,,2782.0,2724.0,76.8,52893.0,58.0,2.1,
"harper county, ok",,,,,,,,,,,,,,,,,1816.0,1780.0,109.4,65228.0,36.0,2.0,
harris county,311.0,364.0,689.0,433.0,17.0,668.0,-53.0,706.0,36257.0,8.7,10.1,19.2,0.5,-1.5,19.7,15.0,,,,,,,
"harris county, ga",,,,,,,,,,,,,,,,,16571.0,16098.0,124.6,90636.0,473.0,2.9,
"harris county, tx",,,,,,,,,,,,,,,,,2341765.0,2241382.0,95.1,68748.0,100383.0,4.3,
harrison county,409.0,551.0,137.0,474.0,17.0,-15.0,-142.0,154.0,39790.0,10.3,13.8,3.4,0.4,-3.6,3.9,-27.0,,,,,,,
"harrison county, ia",,,,,,,,,,,,,,,,,7114.0,6918.0,105.4,73457.0,196.0,2.8,
"harrison county, in",,,,,,,,,,,,,,,,,20406.0,19886.0,108.2,72259.0,520.0,2.5,
"harrison county, ky",,,,,,,,,,,,,,,,,8766.0,8470.0,102.9,60962.0,296.0,3.4,
"harrison county, mo",,,,,,,,,,,,,,,,,3669.0,3577.0,80.1,51910.0,92.0,2.5,
"harrison county, ms",,,,,,,,,,,,,,,,,87323.0,84104.0,105.9,55916.0,3219.0,3.7,
"harrison county, oh",,,,,,,,,,,,,,,,,6463.0,6145.0,83.8,55129.0,318.0,4.9,
"harrison county, tx",,,,,,,,,,,,,,,,,29081.0,27770.0,89.4,64636.0,1311.0,4.5,
"harrison county, wv",,,,,,,,,,,,,,,,,33654.0,32447.0,106.8,57764.0,1207.0,3.6,
harrisonburg city,599.0,371.0,-1163.0,7335.0,564.0,-347.0,228.0,-599.0,51150.0,11.7,7.2,-22.7,11.0,4.4,-11.7,24.0,,,,,,,
"harrisonburg city, va",,,,,,,,,,,,,,,,,24906.0,24078.0,65.3,56057.0,828.0,3.3,
hart county,285.0,424.0,656.0,684.0,7.0,567.0,-139.0,663.0,26886.0,10.7,15.9,24.7,0.3,-5.2,24.9,43.0,,,,,,,
"hart county, ga",,,,,,,,,,,,,,,,,12097.0,11721.0,77.2,56137.0,376.0,3.1,
"hart county, ky",,,,,,,,,,,,,,,,,7608.0,7299.0,79.7,47229.0,309.0,4.1,
"hartford county, ct",,,,,,,,,,,,,,,,,478497.0,458424.0,,,20073.0,4.2,
hartley county,73.0,46.0,-208.0,864.0,6.0,-165.0,27.0,-202.0,5228.0,13.7,8.7,-39.2,1.1,5.1,-38.0,10.0,,,,,,,
"hartley county, tx",,,,,,,,,,,,,,,,,2634.0,2582.0,116.4,84165.0,52.0,2.0,
harvey county,342.0,530.0,88.0,1128.0,4.0,-117.0,-188.0,92.0,33671.0,10.1,15.7,2.6,0.1,-5.6,2.7,-21.0,,,,,,,
"harvey county, ks",,,,,,,,,,,,,,,,,17066.0,16638.0,107.3,73854.0,428.0,2.5,
haskell county,58.0,35.0,-90.0,44.0,9.0,-57.0,23.0,-81.0,3595.0,16.0,9.7,-24.8,2.5,6.3,-22.4,1.0,,,,,,,
"haskell county, ks",,,,,,,,,,,,,,,,,2167.0,2126.0,101.7,69971.0,41.0,1.9,
"haskell county, ok",,,,,,,,,,,,,,,,,4202.0,4019.0,74.7,44536.0,183.0,4.4,
"haskell county, tx",,,,,,,,,,,,,,,,,2772.0,2689.0,67.2,48587.0,83.0,3.0,
hatillo municipio,,,,,,,,,38001.0,,,,,,,,,,,,,,
"hatillo municipio, pr",,,,,,,,,,,,,,,,,15384.0,13641.0,,,1743.0,11.3,
hawaii county,2109.0,2143.0,1757.0,2683.0,742.0,2473.0,-34.0,2499.0,206348.0,10.3,10.4,8.6,3.6,-0.2,12.2,8.0,,,,,,,
"hawaii county, hi",,,,,,,,,,,,,,,,,93707.0,90508.0,75.9,71143.0,3199.0,3.4,
hawkins county,500.0,1057.0,1229.0,414.0,-2.0,701.0,-557.0,1227.0,57903.0,8.7,18.4,21.4,0.0,-9.7,21.3,31.0,,,,,,,
"hawkins county, tn",,,,,,,,,,,,,,,,,23159.0,22254.0,81.0,52819.0,905.0,3.9,
hayes county,11.0,7.0,8.0,0.0,4.0,14.0,4.0,12.0,864.0,12.8,8.2,9.3,4.7,4.7,14.0,-2.0,,,,,,,
"hayes county, ne",,,,,,,,,,,,,,,,,597.0,588.0,86.1,60141.0,9.0,1.5,
hays county,3024.0,1625.0,10729.0,7797.0,408.0,13148.0,1399.0,11137.0,269103.0,11.5,6.2,40.9,1.6,5.3,42.4,612.0,,,,,,,
"hays county, tx",,,,,,,,,,,,,,,,,138727.0,134484.0,123.2,89074.0,4243.0,3.1,
haywood county,524.0,1029.0,569.0,910.0,15.0,93.0,-505.0,584.0,62615.0,8.4,16.4,9.1,0.2,-8.1,9.3,14.0,,,,,,,
"haywood county, nc",,,,,,,,,,,,,,,,,30256.0,29282.0,92.4,62374.0,974.0,3.2,
"haywood county, tn",,,,,,,,,,,,,,,,,7581.0,7237.0,71.1,46351.0,344.0,4.5,
heard county,123.0,180.0,241.0,104.0,0.0,184.0,-57.0,241.0,11716.0,10.6,15.5,20.7,0.0,-4.9,20.7,0.0,,,,,,,
"heard county, ga",,,,,,,,,,,,,,,,,5316.0,5152.0,78.0,56724.0,164.0,3.1,
hemphill county,36.0,24.0,-118.0,71.0,-1.0,-99.0,12.0,-119.0,3225.0,11.0,7.3,-36.0,-0.3,3.7,-36.3,8.0,,,,,,,
"hemphill county, tx",,,,,,,,,,,,,,,,,1627.0,1572.0,101.3,73212.0,55.0,3.4,
hempstead county,309.0,289.0,-209.0,293.0,6.0,-186.0,20.0,-203.0,19481.0,15.8,14.8,-10.7,0.3,1.0,-10.4,-3.0,,,,,,,
"hempstead county, ar",,,,,,,,,,,,,,,,,9259.0,8965.0,83.6,46423.0,294.0,3.2,
henderson county,57.0,101.0,-98.0,40.0,1.0,-138.0,-44.0,-97.0,6168.0,9.1,16.2,-15.7,0.2,-7.1,-15.6,3.0,,,,,,,
"henderson county, il",,,,,,,,,,,,,,,,,3501.0,3355.0,80.6,61892.0,146.0,4.2,
"henderson county, ky",,,,,,,,,,,,,,,,,20479.0,19676.0,93.7,55530.0,803.0,3.9,
"henderson county, nc",,,,,,,,,,,,,,,,,55624.0,53850.0,96.6,65252.0,1774.0,3.2,
"henderson county, tn",,,,,,,,,,,,,,,,,11725.0,11296.0,82.5,53822.0,429.0,3.7,
"henderson county, tx",,,,,,,,,,,,,,,,,39102.0,37594.0,86.9,62843.0,1508.0,3.9,
hendricks county,1890.0,1490.0,2641.0,3725.0,352.0,3319.0,400.0,2993.0,183119.0,10.4,8.2,14.6,1.9,2.2,16.5,-74.0,,,,,,,
"hendricks county, in",,,,,,,,,,,,,,,,,94458.0,92134.0,141.9,94760.0,2324.0,2.5,
hendry county,558.0,433.0,760.0,2258.0,256.0,1176.0,125.0,1016.0,41391.0,13.7,10.6,18.6,6.3,3.1,24.9,35.0,,,,,,,
"hendry county, fl",,,,,,,,,,,,,,,,,15489.0,14732.0,79.8,55308.0,757.0,4.9,
hennepin county,14825.0,10253.0,-22770.0,26932.0,4652.0,-12989.0,4572.0,-18118.0,1257066.0,11.7,8.1,-18.0,3.7,3.6,-14.3,557.0,,,,,,,
"hennepin county, mn",,,,,,,,,,,,,,,,,701738.0,685129.0,108.6,89418.0,16609.0,2.4,
henrico county,3683.0,3444.0,-1865.0,4586.0,1838.0,131.0,239.0,-27.0,334553.0,11.0,10.3,-5.6,5.5,0.7,-0.1,-81.0,,,,,,,
"henrico county, va",,,,,,,,,,,,,,,,,185309.0,180233.0,95.7,82187.0,5076.0,2.7,
henry county,172.0,269.0,333.0,140.0,0.0,237.0,-97.0,333.0,17670.0,9.8,15.3,19.0,0.0,-5.5,19.0,1.0,,,,,,,
"henry county, al",,,,,,,,,,,,,,,,,7003.0,6817.0,95.0,56702.0,186.0,2.7,
"henry county, ga",,,,,,,,,,,,,,,,,120416.0,116498.0,113.2,82379.0,3918.0,3.3,
"henry county, ia",,,,,,,,,,,,,,,,,9593.0,9309.0,91.4,63702.0,284.0,3.0,
"henry county, il",,,,,,,,,,,,,,,,,23568.0,22525.0,91.9,70517.0,1043.0,4.4,
"henry county, in",,,,,,,,,,,,,,,,,22073.0,21361.0,81.9,54714.0,712.0,3.2,
"henry county, ky",,,,,,,,,,,,,,,,,8089.0,7790.0,109.8,65068.0,299.0,3.7,
"henry county, mo",,,,,,,,,,,,,,,,,10081.0,9809.0,83.6,54177.0,272.0,2.7,
"henry county, oh",,,,,,,,,,,,,,,,,12694.0,12119.0,109.6,72122.0,575.0,4.5,
"henry county, tn",,,,,,,,,,,,,,,,,13603.0,13060.0,78.5,51194.0,543.0,4.0,
"henry county, va",,,,,,,,,,,,,,,,,23859.0,23072.0,57.5,49370.0,787.0,3.3,
herkimer county,564.0,828.0,-171.0,1320.0,18.0,-439.0,-264.0,-153.0,59584.0,9.4,13.8,-2.9,0.3,-4.4,-2.6,-22.0,,,,,,,
"herkimer county, ny",,,,,,,,,,,,,,,,,27340.0,26251.0,78.3,62197.0,1089.0,4.0,
hernando county,1656.0,3617.0,7594.0,2099.0,221.0,6242.0,-1961.0,7815.0,206935.0,8.1,17.7,37.3,1.1,-9.6,38.3,388.0,,,,,,,
"hernando county, fl",,,,,,,,,,,,,,,,,76437.0,73603.0,87.4,60582.0,2834.0,3.7,
hertford county,183.0,319.0,-228.0,1412.0,41.0,-319.0,-136.0,-187.0,19634.0,9.2,16.1,-11.5,2.1,-6.9,-9.4,4.0,,,,,,,
"hertford county, nc",,,,,,,,,,,,,,,,,8554.0,8112.0,65.0,43871.0,442.0,5.2,
hettinger county,25.0,30.0,-8.0,121.0,0.0,-14.0,-5.0,-8.0,2411.0,10.3,12.4,-3.3,0.0,-2.1,-3.3,-1.0,,,,,,,
"hettinger county, nd",,,,,,,,,,,,,,,,,1389.0,1366.0,90.4,66192.0,23.0,1.7,
hickman county,45.0,78.0,40.0,120.0,1.0,8.0,-33.0,41.0,4434.0,10.2,17.6,9.0,0.2,-7.4,9.3,0.0,,,,,,,
"hickman county, ky",,,,,,,,,,,,,,,,,1653.0,1580.0,90.9,53838.0,73.0,4.4,
"hickman county, tn",,,,,,,,,,,,,,,,,11773.0,11431.0,87.3,56917.0,342.0,2.9,
hickory county,81.0,204.0,115.0,171.0,1.0,3.0,-123.0,116.0,8575.0,9.4,23.8,13.4,0.1,-14.3,13.5,10.0,,,,,,,
"hickory county, mo",,,,,,,,,,,,,,,,,3979.0,3866.0,67.1,43468.0,113.0,2.8,
hidalgo county,41.0,64.0,-60.0,72.0,6.0,-75.0,-23.0,-54.0,4011.0,10.1,15.8,-14.8,1.5,-5.7,-13.3,2.0,,,,,,,
"hidalgo county, nm",,,,,,,,,,,,,,,,,1894.0,1829.0,72.9,43610.0,65.0,3.4,
"hidalgo county, tx",,,,,,,,,,,,,,,,,371568.0,347089.0,67.6,48825.0,24479.0,6.6,
highland county,556.0,658.0,104.0,402.0,8.0,-18.0,-102.0,112.0,43426.0,12.8,15.1,2.4,0.2,-2.3,2.6,-28.0,,,,,,,
"highland county, oh",,,,,,,,,,,,,,,,,17317.0,16463.0,90.4,59464.0,854.0,4.9,
"highland county, va",,,,,,,,,,,,,,,,,1359.0,1328.0,63.5,54470.0,31.0,2.3,
highlands county,857.0,2092.0,3261.0,1413.0,204.0,2370.0,-1235.0,3465.0,105649.0,8.2,20.0,31.2,2.0,-11.8,33.2,140.0,,,,,,,
"highlands county, fl",,,,,,,,,,,,,,,,,36311.0,34756.0,75.0,51954.0,1555.0,4.3,
hill county,233.0,197.0,-136.0,874.0,-3.0,-102.0,36.0,-139.0,16118.0,14.4,12.2,-8.4,-0.2,2.2,-8.6,1.0,,,,,,,
"hill county, mt",,,,,,,,,,,,,,,,,7512.0,7323.0,74.4,50518.0,189.0,2.5,
"hill county, tx",,,,,,,,,,,,,,,,,17847.0,17145.0,79.6,57566.0,702.0,3.9,
hillsborough county,17359.0,14113.0,15989.0,33896.0,9297.0,28866.0,3246.0,25286.0,1513473.0,11.6,9.4,10.7,6.2,2.2,16.9,334.0,,,,,,,
"hillsborough county, fl",,,,,,,,,,,,,,,,,800950.0,777996.0,106.9,74091.0,22954.0,2.9,
"hillsborough county, nh",,,,,,,,,,,,,,,,,239052.0,233468.0,106.2,96415.0,5584.0,2.3,
hillsdale county,489.0,664.0,296.0,1366.0,11.0,110.0,-175.0,307.0,45735.0,10.7,14.5,6.5,0.2,-3.8,6.7,-22.0,,,,,,,
"hillsdale county, mi",,,,,,,,,,,,,,,,,20127.0,19223.0,89.8,60070.0,904.0,4.5,
hinds county,2741.0,2805.0,-5133.0,8194.0,165.0,-4909.0,-64.0,-4968.0,217555.0,12.5,12.7,-23.3,0.7,-0.3,-22.6,123.0,,,,,,,
"hinds county, ms",,,,,,,,,,,,,,,,,101368.0,97470.0,89.9,47479.0,3898.0,3.8,
hinsdale county,2.0,8.0,3.0,0.0,0.0,-2.0,-6.0,3.0,771.0,2.6,10.4,3.9,0.0,-7.8,3.9,1.0,,,,,,,
"hinsdale county, co",,,,,,,,,,,,,,,,,424.0,413.0,79.3,70675.0,11.0,2.6,
hitchcock county,30.0,46.0,32.0,34.0,0.0,15.0,-16.0,32.0,2614.0,11.5,17.6,12.3,0.0,-6.1,12.3,-1.0,,,,,,,
"hitchcock county, ne",,,,,,,,,,,,,,,,,1299.0,1270.0,78.0,54488.0,29.0,2.2,
hocking county,275.0,433.0,-115.0,192.0,-1.0,-283.0,-158.0,-116.0,27818.0,9.8,15.5,-4.1,0.0,-5.7,-4.1,-9.0,,,,,,,
"hocking county, oh",,,,,,,,,,,,,,,,,12915.0,12384.0,87.2,57353.0,531.0,4.1,
hockley county,282.0,299.0,17.0,291.0,23.0,13.0,-17.0,40.0,21278.0,13.3,14.1,0.8,1.1,-0.8,1.9,-10.0,,,,,,,
"hockley county, tx",,,,,,,,,,,,,,,,,10803.0,10404.0,78.8,56923.0,399.0,3.7,
hodgeman county,11.0,42.0,3.0,18.0,3.0,-27.0,-31.0,6.0,1697.0,6.4,24.6,1.8,1.8,-18.1,3.5,-2.0,,,,,,,
"hodgeman county, ks",,,,,,,,,,,,,,,,,1021.0,1000.0,98.0,67478.0,21.0,2.1,
hoke county,939.0,496.0,44.0,402.0,44.0,512.0,443.0,88.0,53691.0,17.6,9.3,0.8,0.8,8.3,1.6,-19.0,,,,,,,
"hoke county, nc",,,,,,,,,,,,,,,,,20266.0,19258.0,90.2,60903.0,1008.0,5.0,
holmes county,204.0,347.0,455.0,1662.0,0.0,344.0,-143.0,455.0,19653.0,10.5,17.8,23.4,0.0,-7.3,23.4,32.0,,,,,,,
"holmes county, fl",,,,,,,,,,,,,,,,,6958.0,6736.0,72.3,50118.0,222.0,3.2,
"holmes county, ms",,,,,,,,,,,,,,,,,5019.0,4695.0,60.6,31972.0,324.0,6.5,
"holmes county, oh",,,,,,,,,,,,,,,,,21626.0,21012.0,114.3,75226.0,614.0,2.8,
holt county,46.0,82.0,54.0,88.0,7.0,22.0,-36.0,61.0,4254.0,10.8,19.3,12.7,1.6,-8.5,14.4,-3.0,,,,,,,
"holt county, mo",,,,,,,,,,,,,,,,,2407.0,2361.0,79.2,51295.0,46.0,1.9,
"holt county, ne",,,,,,,,,,,,,,,,,5676.0,5578.0,86.6,60502.0,98.0,1.7,
honolulu county,11140.0,9172.0,-15707.0,34230.0,4293.0,-9335.0,1968.0,-11414.0,994828.0,11.1,9.2,-15.7,4.3,2.0,-11.4,111.0,,,,,,,
"honolulu county/city, hi",,,,,,,,,,,,,,,,,455432.0,440638.0,102.8,96304.0,14794.0,3.2,
hood county,682.0,982.0,2276.0,862.0,15.0,2101.0,-300.0,2291.0,66394.0,10.4,15.0,34.8,0.2,-4.6,35.1,110.0,,,,,,,
"hood county, tx",,,,,,,,,,,,,,,,,29898.0,28759.0,104.5,75545.0,1139.0,3.8,
hood river county,228.0,205.0,-80.0,374.0,11.0,-51.0,23.0,-69.0,24035.0,9.5,8.5,-3.3,0.5,1.0,-2.9,-5.0,,,,,,,
"hood river county, or",,,,,,,,,,,,,,,,,14273.0,13793.0,100.2,75818.0,480.0,3.4,
hooker county,7.0,16.0,-43.0,3.0,0.0,-50.0,-9.0,-43.0,682.0,9.9,22.6,-60.8,0.0,-12.7,-60.8,2.0,,,,,,,
"hooker county, ne",,,,,,,,,,,,,,,,,407.0,396.0,76.7,53537.0,11.0,2.7,
hoonah-angoon census area,18.0,21.0,-53.0,28.0,4.0,-51.0,-3.0,-49.0,2279.0,7.8,9.1,-23.0,1.7,-1.3,-21.3,1.0,,,,,,,
"hoonah-angoon census area, ak",,,,,,,,,,,,,,,,,1248.0,1176.0,72.9,64181.0,72.0,5.8,
hopewell city,312.0,429.0,-166.0,250.0,15.0,-283.0,-117.0,-151.0,22790.0,13.6,18.7,-7.2,0.7,-5.1,-6.6,-15.0,,,,,,,
"hopewell city, va",,,,,,,,,,,,,,,,,9635.0,9218.0,61.9,53098.0,417.0,4.3,
hopkins county,511.0,751.0,-9.0,979.0,10.0,-263.0,-240.0,1.0,44926.0,11.3,16.7,-0.2,0.2,-5.3,0.0,-24.0,,,,,,,
"hopkins county, ky",,,,,,,,,,,,,,,,,18224.0,17409.0,88.1,52198.0,815.0,4.5,
"hopkins county, tx",,,,,,,,,,,,,,,,,18345.0,17686.0,88.9,64249.0,659.0,3.6,
hormigueros municipio,,,,,,,,,15401.0,,,,,,,,,,,,,,
"hormigueros municipio, pr",,,,,,,,,,,,,,,,,6046.0,5675.0,,,371.0,6.1,
horry county,3237.0,5204.0,17294.0,7937.0,733.0,17054.0,-1967.0,18027.0,383147.0,8.6,13.9,46.2,2.0,-5.3,48.1,994.0,,,,,,,
"horry county, sc",,,,,,,,,,,,,,,,,151771.0,145920.0,95.6,61375.0,5851.0,3.9,
hot spring county,308.0,529.0,292.0,2414.0,-1.0,70.0,-221.0,291.0,33149.0,9.3,16.0,8.8,0.0,-6.7,8.8,0.0,,,,,,,
"hot spring county, ar",,,,,,,,,,,,,,,,,13683.0,13216.0,91.3,50654.0,467.0,3.4,
hot springs county,34.0,88.0,78.0,97.0,0.0,28.0,-54.0,78.0,4623.0,7.4,19.1,16.9,0.0,-11.7,16.9,4.0,,,,,,,
"hot springs county, wy",,,,,,,,,,,,,,,,,2326.0,2261.0,90.8,64734.0,65.0,2.8,
houghton county,370.0,386.0,-462.0,3578.0,110.0,-347.0,-16.0,-352.0,37160.0,9.9,10.3,-12.4,2.9,-0.4,-9.4,21.0,,,,,,,
"houghton county, mi",,,,,,,,,,,,,,,,,16245.0,15477.0,83.1,55623.0,768.0,4.7,
houston county,1299.0,1535.0,766.0,822.0,64.0,577.0,-236.0,830.0,108047.0,12.1,14.2,7.1,0.6,-2.2,7.7,-17.0,,,,,,,
"houston county, al",,,,,,,,,,,,,,,,,47661.0,46452.0,95.2,56842.0,1209.0,2.5,
"houston county, ga",,,,,,,,,,,,,,,,,70326.0,68062.0,97.9,71237.0,2264.0,3.2,
"houston county, mn",,,,,,,,,,,,,,,,,10265.0,10039.0,92.5,76170.0,226.0,2.2,
"houston county, tn",,,,,,,,,,,,,,,,,3171.0,3032.0,92.9,60581.0,139.0,4.4,
"houston county, tx",,,,,,,,,,,,,,,,,10596.0,10216.0,68.8,49741.0,380.0,3.6,
howard county,202.0,182.0,-95.0,172.0,2.0,-73.0,20.0,-93.0,12622.0,16.0,14.4,-7.5,0.2,1.6,-7.3,0.0,,,,,,,
"howard county, ar",,,,,,,,,,,,,,,,,5334.0,5161.0,83.7,46449.0,173.0,3.2,
"howard county, ia",,,,,,,,,,,,,,,,,5242.0,5074.0,96.1,66979.0,168.0,3.2,
"howard county, in",,,,,,,,,,,,,,,,,33950.0,32246.0,85.3,56960.0,1704.0,5.0,
"howard county, md",,,,,,,,,,,,,,,,,187053.0,182520.0,140.1,133068.0,4533.0,2.4,
"howard county, mo",,,,,,,,,,,,,,,,,4683.0,4567.0,83.1,53862.0,116.0,2.5,
"howard county, ne",,,,,,,,,,,,,,,,,3491.0,3423.0,99.4,69423.0,68.0,1.9,
"howard county, tx",,,,,,,,,,,,,,,,,13143.0,12471.0,82.5,59598.0,672.0,5.1,
howell county,444.0,668.0,815.0,712.0,-6.0,607.0,-224.0,809.0,40623.0,11.0,16.6,20.2,-0.1,-5.6,20.1,22.0,,,,,,,
"howell county, mo",,,,,,,,,,,,,,,,,15786.0,15303.0,69.2,44858.0,483.0,3.1,
hubbard county,222.0,248.0,226.0,269.0,12.0,214.0,-26.0,238.0,21963.0,10.2,11.3,10.3,0.5,-1.2,10.9,2.0,,,,,,,
"hubbard county, mn",,,,,,,,,,,,,,,,,10149.0,9744.0,82.3,67797.0,405.0,4.0,
hudson county,9125.0,4292.0,-13043.0,8083.0,7422.0,-1067.0,4833.0,-5621.0,702381.0,13.0,6.1,-18.6,10.6,6.9,-8.0,-279.0,,,,,,,
"hudson county, nj",,,,,,,,,,,,,,,,,377810.0,363504.0,85.5,82361.0,14306.0,3.8,
hudspeth county,32.0,38.0,42.0,1025.0,104.0,141.0,-6.0,146.0,3416.0,9.6,11.4,12.6,31.1,-1.8,43.6,1.0,,,,,,,
"hudspeth county, tx",,,,,,,,,,,,,,,,,1886.0,1810.0,54.8,39582.0,76.0,4.0,
huerfano county,44.0,140.0,244.0,120.0,-1.0,163.0,-96.0,243.0,7097.0,6.3,20.0,34.8,-0.1,-13.7,34.6,16.0,,,,,,,
"huerfano county, co",,,,,,,,,,,,,,,,,2445.0,2294.0,53.8,47968.0,151.0,6.2,
hughes county,160.0,234.0,114.0,1791.0,-1.0,33.0,-74.0,113.0,13434.0,11.9,17.4,8.5,-0.1,-5.5,8.4,-6.0,,,,,,,
"hughes county, ok",,,,,,,,,,,,,,,,,5175.0,4972.0,73.4,43773.0,203.0,3.9,
"hughes county, sd",,,,,,,,,,,,,,,,,9910.0,9747.0,112.3,79301.0,163.0,1.6,
humacao municipio,,,,,,,,,49896.0,,,,,,,,,,,,,,
"humacao municipio, pr",,,,,,,,,,,,,,,,,18913.0,17716.0,,,1197.0,6.3,
humboldt county,1239.0,1613.0,334.0,3982.0,111.0,47.0,-374.0,445.0,134944.0,9.2,12.0,2.5,0.8,-2.8,3.3,-24.0,,,,,,,
"humboldt county, ca",,,,,,,,,,,,,,,,,59089.0,56694.0,63.0,57660.0,2395.0,4.1,
"humboldt county, ia",,,,,,,,,,,,,,,,,4927.0,4803.0,102.6,71521.0,124.0,2.5,
"humboldt county, nv",,,,,,,,,,,,,,,,,7832.0,7583.0,110.9,80255.0,249.0,3.2,
humphreys county,95.0,145.0,-167.0,73.0,1.0,-212.0,-50.0,-166.0,7354.0,12.7,19.4,-22.4,0.1,-6.7,-22.3,4.0,,,,,,,
"humphreys county, ms",,,,,,,,,,,,,,,,,1949.0,1803.0,62.8,33148.0,146.0,7.5,
"humphreys county, tn",,,,,,,,,,,,,,,,,8697.0,8395.0,90.3,58917.0,302.0,3.5,
hunt county,1349.0,1289.0,4477.0,2978.0,115.0,4847.0,60.0,4592.0,108438.0,12.7,12.2,42.2,1.1,0.6,43.3,195.0,,,,,,,
"hunt county, tx",,,,,,,,,,,,,,,,,46855.0,44995.0,94.1,68019.0,1860.0,4.0,
hunterdon county,1109.0,1039.0,-45.0,3148.0,160.0,134.0,70.0,115.0,129805.0,8.5,8.0,-0.3,1.2,0.5,0.9,-51.0,,,,,,,
"hunterdon county, nj",,,,,,,,,,,,,,,,,68058.0,65989.0,142.5,137334.0,2069.0,3.0,
huntingdon county,420.0,609.0,-500.0,4474.0,9.0,-661.0,-189.0,-491.0,43297.0,9.6,14.0,-11.5,0.2,-4.3,-11.3,19.0,,,,,,,
"huntingdon county, pa",,,,,,,,,,,,,,,,,19258.0,18248.0,81.0,58170.0,1010.0,5.2,
huntington county,409.0,528.0,112.0,1244.0,36.0,12.0,-119.0,148.0,36800.0,11.1,14.4,3.0,1.0,-3.2,4.0,-17.0,,,,,,,
"huntington county, in",,,,,,,,,,,,,,,,,18285.0,17791.0,89.1,59491.0,494.0,2.7,
huron county,278.0,535.0,93.0,413.0,17.0,-162.0,-257.0,110.0,31145.0,8.9,17.1,3.0,0.5,-8.2,3.5,-15.0,,,,,,,
"huron county, mi",,,,,,,,,,,,,,,,,14993.0,14303.0,75.0,50177.0,690.0,4.6,
"huron county, oh",,,,,,,,,,,,,,,,,27659.0,26251.0,93.5,61482.0,1408.0,5.1,
hutchinson county,96.0,115.0,-10.0,826.0,4.0,-26.0,-19.0,-6.0,7351.0,13.0,15.6,-1.4,0.5,-2.6,-0.8,-1.0,,,,,,,
"hutchinson county, sd",,,,,,,,,,,,,,,,,3618.0,3539.0,91.3,64422.0,79.0,2.2,
"hutchinson county, tx",,,,,,,,,,,,,,,,,8470.0,8087.0,90.0,65019.0,383.0,4.5,
hyde county,34.0,53.0,32.0,712.0,-1.0,13.0,-19.0,31.0,4656.0,7.3,11.4,6.9,-0.2,-4.1,6.7,1.0,,,,,,,
"hyde county, nc",,,,,,,,,,,,,,,,,1770.0,1668.0,71.2,48068.0,102.0,5.8,
"hyde county, sd",,,,,,,,,,,,,,,,,659.0,645.0,91.2,64416.0,14.0,2.1,
iberia parish,873.0,926.0,-1033.0,660.0,62.0,-1005.0,-53.0,-971.0,68320.0,12.7,13.5,-15.0,0.9,-0.8,-14.1,19.0,,,,,,,
"iberia parish, la",,,,,,,,,,,,,,,,,27430.0,26279.0,81.3,45077.0,1151.0,4.2,
iberville parish,342.0,440.0,-76.0,2792.0,54.0,-134.0,-98.0,-22.0,29613.0,11.5,14.8,-2.6,1.8,-3.3,-0.7,-14.0,,,,,,,
"iberville parish, la",,,,,,,,,,,,,,,,,13850.0,13240.0,95.9,53205.0,610.0,4.4,
ida county,76.0,100.0,-44.0,163.0,5.0,-64.0,-24.0,-39.0,6905.0,11.0,14.4,-6.3,0.7,-3.5,-5.6,-1.0,,,,,,,
"ida county, ia",,,,,,,,,,,,,,,,,3972.0,3881.0,97.1,67696.0,91.0,2.3,
idaho county,168.0,256.0,628.0,502.0,12.0,578.0,-88.0,640.0,17637.0,9.7,14.8,36.2,0.7,-5.1,36.9,26.0,,,,,,,
"idaho county, id",,,,,,,,,,,,,,,,,7308.0,7027.0,83.9,60907.0,281.0,3.8,
imperial county,2487.0,1449.0,-1417.0,7752.0,182.0,-198.0,1038.0,-1235.0,178940.0,13.9,8.1,-7.9,1.0,5.8,-6.9,-1.0,,,,,,,
"imperial county, ca",,,,,,,,,,,,,,,,,69936.0,59517.0,60.7,55523.0,10419.0,14.9,
independence county,471.0,544.0,243.0,1183.0,1.0,154.0,-73.0,244.0,38254.0,12.3,14.2,6.4,0.0,-1.9,6.4,-17.0,,,,,,,
"independence county, ar",,,,,,,,,,,,,,,,,16433.0,15897.0,103.8,57611.0,536.0,3.3,
indian river county,1256.0,2770.0,4435.0,1441.0,286.0,3398.0,-1514.0,4721.0,167267.0,7.6,16.7,26.8,1.7,-9.1,28.5,191.0,,,,,,,
"indian river county, fl",,,,,,,,,,,,,,,,,68086.0,65703.0,100.3,69462.0,2383.0,3.5,
indiana county,755.0,1132.0,213.0,6024.0,77.0,-137.0,-377.0,290.0,83064.0,9.1,13.6,2.6,0.9,-4.5,3.5,-50.0,,,,,,,
"indiana county, pa",,,,,,,,,,,,,,,,,36691.0,34879.0,73.9,53040.0,1812.0,4.9,
ingham county,2848.0,2798.0,10260.0,17488.0,906.0,12253.0,50.0,11166.0,283477.0,10.3,10.1,37.0,3.3,0.2,40.3,1037.0,,,,,,,
"ingham county, mi",,,,,,,,,,,,,,,,,146731.0,140394.0,90.5,60571.0,6337.0,4.3,
inyo county,166.0,188.0,-152.0,569.0,0.0,-182.0,-22.0,-152.0,18742.0,8.8,10.0,-8.1,0.0,-1.2,-8.1,-8.0,,,,,,,
"inyo county, ca",,,,,,,,,,,,,,,,,8158.0,7849.0,70.3,64332.0,309.0,3.8,
ionia county,672.0,642.0,9.0,6687.0,12.0,13.0,30.0,21.0,66836.0,10.1,9.6,0.1,0.2,0.4,0.3,-38.0,,,,,,,
"ionia county, mi",,,,,,,,,,,,,,,,,30507.0,29354.0,111.2,74391.0,1153.0,3.8,
iosco county,215.0,500.0,387.0,289.0,7.0,123.0,-285.0,394.0,25473.0,8.5,19.7,15.2,0.3,-11.2,15.5,14.0,,,,,,,
"iosco county, mi",,,,,,,,,,,,,,,,,10261.0,9619.0,68.9,46129.0,642.0,6.3,
iowa county,181.0,220.0,-44.0,348.0,-1.0,-89.0,-39.0,-45.0,16497.0,10.9,13.3,-2.7,-0.1,-2.4,-2.7,-5.0,,,,,,,
"iowa county, ia",,,,,,,,,,,,,,,,,9787.0,9535.0,104.6,72948.0,252.0,2.6,
"iowa county, wi",,,,,,,,,,,,,,,,,13636.0,13280.0,107.5,76404.0,356.0,2.6,
iredell county,2038.0,2089.0,3312.0,1678.0,367.0,3688.0,-51.0,3679.0,195874.0,10.5,10.8,17.1,1.9,-0.3,19.0,60.0,,,,,,,
"iredell county, nc",,,,,,,,,,,,,,,,,94619.0,91385.0,108.8,73446.0,3234.0,3.4,
irion county,21.0,24.0,3.0,3.0,0.0,0.0,-3.0,3.0,1534.0,13.7,15.6,2.0,0.0,-2.0,2.0,0.0,,,,,,,
"irion county, tx",,,,,,,,,,,,,,,,,790.0,766.0,107.6,77768.0,24.0,3.0,
iron county,71.0,203.0,221.0,284.0,1.0,95.0,-132.0,222.0,11705.0,6.1,17.4,19.0,0.1,-11.3,19.0,5.0,,,,,,,
"iron county, mi",,,,,,,,,,,,,,,,,4764.0,4486.0,80.9,54149.0,278.0,5.8,
"iron county, mo",,,,,,,,,,,,,,,,,3419.0,3277.0,68.4,44329.0,142.0,4.2,
"iron county, ut",,,,,,,,,,,,,,,,,27768.0,27074.0,75.1,66499.0,694.0,2.5,
"iron county, wi",,,,,,,,,,,,,,,,,2515.0,2385.0,85.4,60694.0,130.0,5.2,
iroquois county,273.0,439.0,-113.0,387.0,2.0,-282.0,-166.0,-111.0,26493.0,10.3,16.5,-4.2,0.1,-6.2,-4.2,-5.0,,,,,,,
"iroquois county, il",,,,,,,,,,,,,,,,,12688.0,12103.0,84.9,65181.0,585.0,4.6,
irwin county,99.0,155.0,-221.0,320.0,2.0,-255.0,-56.0,-219.0,9114.0,10.7,16.8,-23.9,0.2,-6.1,-23.7,20.0,,,,,,,
"irwin county, ga",,,,,,,,,,,,,,,,,3528.0,3384.0,67.7,49224.0,144.0,4.1,
isabela municipio,,,,,,,,,42740.0,,,,,,,,,,,,,,
"isabela municipio, pr",,,,,,,,,,,,,,,,,13333.0,12428.0,,,905.0,6.8,
isabella county,599.0,697.0,211.0,4306.0,50.0,118.0,-98.0,261.0,64366.0,9.3,10.8,3.3,0.8,-1.5,4.1,-45.0,,,,,,,
"isabella county, mi",,,,,,,,,,,,,,,,,32373.0,30860.0,81.6,54642.0,1513.0,4.7,
isanti county,478.0,452.0,694.0,357.0,19.0,749.0,26.0,713.0,42711.0,11.3,10.7,16.4,0.4,0.6,16.8,10.0,,,,,,,
"isanti county, mn",,,,,,,,,,,,,,,,,21643.0,20948.0,101.1,83212.0,695.0,3.2,
island county,778.0,931.0,-755.0,1783.0,71.0,-884.0,-153.0,-684.0,86682.0,8.9,10.7,-8.7,0.8,-1.8,-7.9,-47.0,,,,,,,
"island county, wa",,,,,,,,,,,,,,,,,36599.0,34884.0,90.6,82717.0,1715.0,4.7,
isle of wight county,409.0,482.0,731.0,199.0,78.0,744.0,-73.0,809.0,40135.0,10.3,12.1,18.4,2.0,-1.8,20.3,8.0,,,,,,,
"isle of wight county, va",,,,,,,,,,,,,,,,,19714.0,19179.0,99.3,85227.0,535.0,2.7,
issaquena county,4.0,13.0,-23.0,501.0,0.0,-32.0,-9.0,-23.0,1262.0,3.1,10.2,-18.0,0.0,-7.0,-18.0,0.0,,,,,,,
"issaquena county, ms",,,,,,,,,,,,,,,,,313.0,290.0,69.9,36922.0,23.0,7.3,
itasca county,383.0,706.0,423.0,1024.0,1.0,95.0,-323.0,424.0,45194.0,8.5,15.6,9.4,0.0,-7.2,9.4,-6.0,,,,,,,
"itasca county, mn",,,,,,,,,,,,,,,,,21629.0,20697.0,81.3,66958.0,932.0,4.3,
itawamba county,298.0,357.0,144.0,1437.0,1.0,86.0,-59.0,145.0,23971.0,12.5,14.9,6.0,0.0,-2.5,6.1,0.0,,,,,,,
"itawamba county, ms",,,,,,,,,,,,,,,,,10208.0,9867.0,107.0,56484.0,341.0,3.3,
izard county,114.0,259.0,253.0,1162.0,-2.0,108.0,-145.0,251.0,14029.0,8.2,18.5,18.1,-0.1,-10.4,18.0,2.0,,,,,,,
"izard county, ar",,,,,,,,,,,,,,,,,4437.0,4214.0,79.1,43920.0,223.0,5.0,
jack county,91.0,109.0,216.0,905.0,8.0,214.0,-18.0,224.0,8764.0,10.5,12.6,25.0,0.9,-2.1,25.9,8.0,,,,,,,
"jack county, tx",,,,,,,,,,,,,,,,,3454.0,3322.0,74.9,54132.0,132.0,3.8,
jackson county,559.0,957.0,566.0,603.0,27.0,204.0,-398.0,593.0,52923.0,10.6,18.1,10.7,0.5,-7.5,11.2,9.0,,,,,,,
"jackson county, al",,,,,,,,,,,,,,,,,23233.0,22666.0,87.0,51965.0,567.0,2.4,
"jackson county, ar",,,,,,,,,,,,,,,,,5435.0,5173.0,78.5,43579.0,262.0,4.8,
"jackson county, co",,,,,,,,,,,,,,,,,956.0,935.0,70.1,62439.0,21.0,2.2,
"jackson county, fl",,,,,,,,,,,,,,,,,16850.0,16296.0,73.1,50625.0,554.0,3.3,
"jackson county, ga",,,,,,,,,,,,,,,,,48197.0,47224.0,112.9,82138.0,973.0,2.0,
"jackson county, ia",,,,,,,,,,,,,,,,,10673.0,10321.0,92.9,64792.0,352.0,3.3,
"jackson county, il",,,,,,,,,,,,,,,,,26949.0,25771.0,58.3,44756.0,1178.0,4.4,
"jackson county, in",,,,,,,,,,,,,,,,,23405.0,22749.0,99.0,66082.0,656.0,2.8,
"jackson county, ks",,,,,,,,,,,,,,,,,7280.0,7111.0,102.4,70445.0,169.0,2.3,
"jackson county, ky",,,,,,,,,,,,,,,,,4114.0,3875.0,69.2,41007.0,239.0,5.8,
"jackson county, mi",,,,,,,,,,,,,,,,,73988.0,70758.0,91.6,61299.0,3230.0,4.4,
"jackson county, mn",,,,,,,,,,,,,,,,,5423.0,5293.0,81.0,66694.0,130.0,2.4,
"jackson county, mo",,,,,,,,,,,,,,,,,357678.0,347080.0,96.5,62509.0,10598.0,3.0,
"jackson county, ms",,,,,,,,,,,,,,,,,58521.0,56095.0,116.5,61515.0,2426.0,4.1,
"jackson county, nc",,,,,,,,,,,,,,,,,19756.0,18984.0,86.6,58491.0,772.0,3.9,
"jackson county, oh",,,,,,,,,,,,,,,,,12324.0,11712.0,83.4,54893.0,612.0,5.0,
"jackson county, ok",,,,,,,,,,,,,,,,,10824.0,10525.0,89.7,53513.0,299.0,2.8,
"jackson county, or",,,,,,,,,,,,,,,,,105908.0,101237.0,90.2,68239.0,4671.0,4.4,
"jackson county, sd",,,,,,,,,,,,,,,,,1218.0,1182.0,64.0,45190.0,36.0,3.0,
"jackson county, tn",,,,,,,,,,,,,,,,,4792.0,4605.0,66.4,43306.0,187.0,3.9,
"jackson county, tx",,,,,,,,,,,,,,,,,7154.0,6902.0,85.7,61953.0,252.0,3.5,
"jackson county, wi",,,,,,,,,,,,,,,,,9381.0,9021.0,90.6,64344.0,360.0,3.8,
"jackson county, wv",,,,,,,,,,,,,,,,,11875.0,11372.0,101.2,54735.0,503.0,4.2,
jackson parish,121.0,223.0,4.0,705.0,23.0,-84.0,-102.0,27.0,14816.0,8.1,15.0,0.3,1.5,-6.9,1.8,-9.0,,,,,,,
"jackson parish, la",,,,,,,,,,,,,,,,,6903.0,6684.0,79.0,43813.0,219.0,3.2,
james city county,827.0,824.0,1294.0,1397.0,172.0,1492.0,3.0,1466.0,81483.0,10.2,10.2,16.0,2.1,0.0,18.2,23.0,,,,,,,
"james city county, va",,,,,,,,,,,,,,,,,37027.0,35991.0,120.1,103070.0,1036.0,2.8,
jasper county,177.0,212.0,706.0,73.0,9.0,716.0,-35.0,715.0,15979.0,11.3,13.6,45.2,0.6,-2.2,45.8,36.0,,,,,,,
"jasper county, ga",,,,,,,,,,,,,,,,,7186.0,6993.0,87.6,63718.0,193.0,2.7,
"jasper county, ia",,,,,,,,,,,,,,,,,18561.0,17983.0,99.1,69047.0,578.0,3.1,
"jasper county, il",,,,,,,,,,,,,,,,,4797.0,4612.0,86.4,66290.0,185.0,3.9,
"jasper county, in",,,,,,,,,,,,,,,,,15859.0,15322.0,113.4,75738.0,537.0,3.4,
"jasper county, mo",,,,,,,,,,,,,,,,,56628.0,55261.0,82.7,53548.0,1367.0,2.4,
"jasper county, ms",,,,,,,,,,,,,,,,,5825.0,5539.0,84.9,44810.0,286.0,4.9,
"jasper county, sc",,,,,,,,,,,,,,,,,13276.0,12875.0,96.3,61838.0,401.0,3.0,
"jasper county, tx",,,,,,,,,,,,,,,,,12673.0,11853.0,70.2,50763.0,820.0,6.5,
jay county,290.0,301.0,-158.0,253.0,7.0,-164.0,-11.0,-151.0,20118.0,14.4,14.9,-7.8,0.3,-0.5,-7.5,-2.0,,,,,,,
"jay county, in",,,,,,,,,,,,,,,,,8840.0,8598.0,86.4,57690.0,242.0,2.7,
jayuya municipio,,,,,,,,,14486.0,,,,,,,,,,,,,,
"jayuya municipio, pr",,,,,,,,,,,,,,,,,4625.0,4257.0,,,368.0,8.0,
jeff davis county,166.0,220.0,87.0,104.0,2.0,31.0,-54.0,89.0,14891.0,11.2,14.8,5.8,0.1,-3.6,6.0,-4.0,,,,,,,
"jeff davis county, ga",,,,,,,,,,,,,,,,,6148.0,5919.0,63.4,46143.0,229.0,3.7,
"jeff davis county, tx",,,,,,,,,,,,,,,,,1018.0,982.0,80.6,58285.0,36.0,3.5,
jefferson county,7899.0,8754.0,-4468.0,20559.0,633.0,-4906.0,-855.0,-3835.0,665084.0,11.8,13.1,-6.7,0.9,-1.3,-5.7,-216.0,,,,,,,
"jefferson county, al",,,,,,,,,,,,,,,,,321927.0,313808.0,103.8,61996.0,8119.0,2.5,
"jefferson county, ar",,,,,,,,,,,,,,,,,25461.0,24176.0,82.7,45894.0,1285.0,5.0,
"jefferson county, co",,,,,,,,,,,,,,,,,342198.0,332572.0,114.9,102413.0,9626.0,2.8,
"jefferson county, fl",,,,,,,,,,,,,,,,,5642.0,5453.0,82.1,56900.0,189.0,3.3,
"jefferson county, ga",,,,,,,,,,,,,,,,,6556.0,6283.0,61.1,44459.0,273.0,4.2,
"jefferson county, ia",,,,,,,,,,,,,,,,,10365.0,10109.0,85.5,59603.0,256.0,2.5,
"jefferson county, id",,,,,,,,,,,,,,,,,15142.0,14782.0,105.3,76474.0,360.0,2.4,
"jefferson county, il",,,,,,,,,,,,,,,,,16307.0,15513.0,76.4,58623.0,794.0,4.9,
"jefferson county, in",,,,,,,,,,,,,,,,,15000.0,14573.0,96.2,64214.0,427.0,2.8,
"jefferson county, ks",,,,,,,,,,,,,,,,,10373.0,10098.0,110.1,75774.0,275.0,2.7,
"jefferson county, ky",,,,,,,,,,,,,,,,,392345.0,377003.0,109.2,64719.0,15342.0,3.9,
"jefferson county, mo",,,,,,,,,,,,,,,,,117248.0,114377.0,120.9,78297.0,2871.0,2.4,
"jefferson county, ms",,,,,,,,,,,,,,,,,1877.0,1627.0,64.1,33852.0,250.0,13.3,
"jefferson county, mt",,,,,,,,,,,,,,,,,6023.0,5865.0,123.2,83697.0,158.0,2.6,
"jefferson county, ne",,,,,,,,,,,,,,,,,4186.0,4111.0,85.2,59478.0,75.0,1.8,
"jefferson county, ny",,,,,,,,,,,,,,,,,43990.0,42182.0,74.0,58763.0,1808.0,4.1,
"jefferson county, oh",,,,,,,,,,,,,,,,,26933.0,25464.0,82.5,54272.0,1469.0,5.5,
"jefferson county, ok",,,,,,,,,,,,,,,,,2515.0,2436.0,74.1,44188.0,79.0,3.1,
"jefferson county, or",,,,,,,,,,,,,,,,,10208.0,9676.0,86.7,65600.0,532.0,5.2,
"jefferson county, pa",,,,,,,,,,,,,,,,,19526.0,18645.0,75.6,54248.0,881.0,4.5,
"jefferson county, tn",,,,,,,,,,,,,,,,,25023.0,24109.0,93.2,60785.0,914.0,3.7,
"jefferson county, tx",,,,,,,,,,,,,,,,,101423.0,95037.0,76.2,55065.0,6386.0,6.3,
"jefferson county, wa",,,,,,,,,,,,,,,,,12616.0,11953.0,75.8,69176.0,663.0,5.3,
"jefferson county, wi",,,,,,,,,,,,,,,,,46089.0,44849.0,110.8,78728.0,1240.0,2.7,
"jefferson county, wv",,,,,,,,,,,,,,,,,30400.0,29641.0,161.3,87259.0,759.0,2.5,
jefferson davis county,116.0,199.0,6.0,103.0,-1.0,-84.0,-83.0,5.0,11079.0,10.4,17.9,0.5,-0.1,-7.5,0.4,-6.0,,,,,,,
"jefferson davis county, ms",,,,,,,,,,,,,,,,,3875.0,3685.0,69.4,36642.0,190.0,4.9,
jefferson davis parish,429.0,517.0,-355.0,662.0,-3.0,-444.0,-88.0,-358.0,31929.0,13.3,16.1,-11.0,-0.1,-2.7,-11.1,2.0,,,,,,,
"jefferson davis parish, la",,,,,,,,,,,,,,,,,12284.0,11856.0,94.5,52414.0,428.0,3.5,
jefferson parish,5218.0,4984.0,-10958.0,2936.0,2322.0,-8104.0,234.0,-8636.0,426030.0,12.1,11.6,-25.5,5.4,0.5,-20.1,298.0,,,,,,,
"jefferson parish, la",,,,,,,,,,,,,,,,,208950.0,201513.0,110.3,61157.0,7437.0,3.6,
jenkins county,96.0,137.0,-74.0,1223.0,7.0,-109.0,-41.0,-67.0,8655.0,11.0,15.7,-8.5,0.8,-4.7,-7.7,-1.0,,,,,,,
"jenkins county, ga",,,,,,,,,,,,,,,,,3286.0,3141.0,57.5,41830.0,145.0,4.4,
jennings county,299.0,355.0,44.0,293.0,2.0,-29.0,-56.0,46.0,27484.0,10.9,12.9,1.6,0.1,-2.0,1.7,-19.0,,,,,,,
"jennings county, in",,,,,,,,,,,,,,,,,13534.0,13083.0,95.3,63597.0,451.0,3.3,
jerauld county,19.0,14.0,10.0,29.0,2.0,17.0,5.0,12.0,1662.0,11.5,8.5,6.0,1.2,3.0,7.3,0.0,,,,,,,
"jerauld county, sd",,,,,,,,,,,,,,,,,1327.0,1309.0,81.5,57560.0,18.0,1.4,
jerome county,363.0,248.0,267.0,207.0,121.0,506.0,115.0,388.0,25244.0,14.5,9.9,10.7,4.8,4.6,15.5,3.0,,,,,,,
"jerome county, id",,,,,,,,,,,,,,,,,11916.0,11560.0,84.7,61509.0,356.0,3.0,
jersey county,165.0,316.0,-7.0,706.0,11.0,-158.0,-151.0,4.0,21191.0,7.8,14.9,-0.3,0.5,-7.1,0.2,-11.0,,,,,,,
"jersey county, il",,,,,,,,,,,,,,,,,10559.0,10172.0,94.3,72363.0,387.0,3.7,
jessamine county,615.0,615.0,592.0,1414.0,45.0,633.0,0.0,637.0,54236.0,11.4,11.4,11.0,0.8,0.0,11.8,-4.0,,,,,,,
"jessamine county, ky",,,,,,,,,,,,,,,,,26424.0,25540.0,116.8,69216.0,884.0,3.3,
jewell county,32.0,61.0,-30.0,15.0,1.0,-57.0,-29.0,-29.0,2885.0,11.0,20.9,-10.3,0.3,-10.0,-10.0,1.0,,,,,,,
"jewell county, ks",,,,,,,,,,,,,,,,,1194.0,1164.0,81.6,56144.0,30.0,2.5,
jim hogg county,80.0,71.0,-25.0,77.0,0.0,-16.0,9.0,-25.0,4774.0,16.7,14.8,-5.2,0.0,1.9,-5.2,0.0,,,,,,,
"jim hogg county, tx",,,,,,,,,,,,,,,,,1809.0,1711.0,60.6,43782.0,98.0,5.4,
jim wells county,499.0,588.0,-65.0,333.0,5.0,-164.0,-89.0,-60.0,38729.0,12.9,15.2,-1.7,0.1,-2.3,-1.5,-15.0,,,,,,,
"jim wells county, tx",,,,,,,,,,,,,,,,,15440.0,14546.0,66.8,48252.0,894.0,5.8,
jo daviess county,162.0,281.0,1.0,207.0,4.0,-127.0,-119.0,5.0,21845.0,7.4,12.8,0.0,0.2,-5.4,0.2,-13.0,,,,,,,
"jo daviess county, il",,,,,,,,,,,,,,,,,10481.0,10078.0,87.6,67217.0,403.0,3.8,
johnson county,298.0,357.0,70.0,541.0,18.0,13.0,-59.0,88.0,25970.0,11.5,13.8,2.7,0.7,-2.3,3.4,-16.0,,,,,,,
"johnson county, ar",,,,,,,,,,,,,,,,,9966.0,9565.0,84.1,46660.0,401.0,4.0,
"johnson county, ga",,,,,,,,,,,,,,,,,4023.0,3904.0,58.6,42603.0,119.0,3.0,
"johnson county, ia",,,,,,,,,,,,,,,,,86408.0,84386.0,107.5,74909.0,2022.0,2.3,
"johnson county, il",,,,,,,,,,,,,,,,,4071.0,3843.0,77.9,59794.0,228.0,5.6,
"johnson county, in",,,,,,,,,,,,,,,,,86284.0,84183.0,124.4,83036.0,2101.0,2.4,
"johnson county, ks",,,,,,,,,,,,,,,,,349354.0,341423.0,144.1,99174.0,7931.0,2.3,
"johnson county, ky",,,,,,,,,,,,,,,,,6584.0,6183.0,72.4,42877.0,401.0,6.1,
"johnson county, mo",,,,,,,,,,,,,,,,,22634.0,22013.0,92.7,60086.0,621.0,2.7,
"johnson county, ne",,,,,,,,,,,,,,,,,2013.0,1960.0,86.7,60549.0,53.0,2.6,
"johnson county, tn",,,,,,,,,,,,,,,,,7533.0,7277.0,69.7,45495.0,256.0,3.4,
"johnson county, tx",,,,,,,,,,,,,,,,,88975.0,85823.0,106.2,76747.0,3152.0,3.5,
"johnson county, wy",,,,,,,,,,,,,,,,,4339.0,4196.0,98.3,70067.0,143.0,3.3,
johnston county,2825.0,2109.0,6262.0,2080.0,365.0,7600.0,716.0,6627.0,234902.0,12.2,9.1,27.1,1.6,3.1,28.7,257.0,,,,,,,
"johnston county, nc",,,,,,,,,,,,,,,,,108034.0,104427.0,119.4,80612.0,3607.0,3.3,
"johnston county, ok",,,,,,,,,,,,,,,,,3881.0,3738.0,81.3,48452.0,143.0,3.7,
jones county,282.0,395.0,227.0,283.0,0.0,106.0,-113.0,227.0,28512.0,9.9,13.9,8.0,0.0,-4.0,8.0,-8.0,,,,,,,
"jones county, ga",,,,,,,,,,,,,,,,,13245.0,12842.0,90.1,65515.0,403.0,3.0,
"jones county, ia",,,,,,,,,,,,,,,,,10385.0,10044.0,101.4,70671.0,341.0,3.3,
"jones county, ms",,,,,,,,,,,,,,,,,24820.0,23820.0,109.9,58000.0,1000.0,4.0,
"jones county, nc",,,,,,,,,,,,,,,,,4310.0,4161.0,83.1,56079.0,149.0,3.5,
"jones county, sd",,,,,,,,,,,,,,,,,526.0,514.0,86.2,60864.0,12.0,2.3,
"jones county, tx",,,,,,,,,,,,,,,,,5829.0,5575.0,71.8,51894.0,254.0,4.4,
josephine county,827.0,1560.0,-101.0,1502.0,43.0,-837.0,-733.0,-58.0,87800.0,9.4,17.7,-1.1,0.5,-8.3,-0.7,-46.0,,,,,,,
"josephine county, or",,,,,,,,,,,,,,,,,36322.0,34411.0,72.7,54983.0,1911.0,5.3,
juab county,206.0,86.0,259.0,101.0,2.0,381.0,120.0,261.0,12586.0,16.6,6.9,20.9,0.2,9.7,21.1,0.0,,,,,,,
"juab county, ut",,,,,,,,,,,,,,,,,6410.0,6281.0,106.4,94181.0,129.0,2.0,
"juana diaz municipio, pr",,,,,,,,,,,,,,,,,16835.0,15703.0,,,1132.0,6.7,
juana díaz municipio,,,,,,,,,45941.0,,,,,,,,,,,,,,
judith basin county,19.0,23.0,42.0,83.0,0.0,41.0,-4.0,42.0,2079.0,9.2,11.2,20.4,0.0,-1.9,20.4,3.0,,,,,,,
"judith basin county, mt",,,,,,,,,,,,,,,,,966.0,942.0,89.3,60677.0,24.0,2.5,
juncos municipio,,,,,,,,,36645.0,,,,,,,,,,,,,,
"juncos municipio, pr",,,,,,,,,,,,,,,,,13513.0,12666.0,,,847.0,6.3,
"juneau borough/city, ak",,,,,,,,,,,,,,,,,17267.0,16765.0,115.9,102097.0,502.0,2.9,
juneau city and borough,286.0,237.0,-412.0,901.0,124.0,-239.0,49.0,-288.0,31740.0,9.0,7.4,-12.9,3.9,1.5,-9.0,0.0,,,,,,,
juneau county,223.0,395.0,178.0,1569.0,9.0,12.0,-172.0,187.0,26775.0,8.3,14.8,6.6,0.3,-6.4,7.0,-3.0,,,,,,,
"juneau county, wi",,,,,,,,,,,,,,,,,13286.0,12856.0,87.1,61904.0,430.0,3.2,
juniata county,282.0,358.0,-14.0,268.0,29.0,-74.0,-76.0,15.0,23281.0,12.1,15.4,-0.6,1.2,-3.3,0.6,-13.0,,,,,,,
"juniata county, pa",,,,,,,,,,,,,,,,,12459.0,11962.0,87.3,62661.0,497.0,4.0,
kalamazoo county,2751.0,2681.0,-288.0,7439.0,733.0,369.0,70.0,445.0,260892.0,10.6,10.3,-1.1,2.8,0.3,1.7,-146.0,,,,,,,
"kalamazoo county, mi",,,,,,,,,,,,,,,,,132130.0,127053.0,104.1,69689.0,5077.0,3.8,
kalawao county,0.0,0.0,0.0,18.0,0.0,0.0,0.0,0.0,81.0,0.0,0.0,0.0,0.0,0.0,0.0,0.0,,,,,,,
kalkaska county,185.0,257.0,306.0,215.0,3.0,250.0,-72.0,309.0,18244.0,10.2,14.2,16.9,0.2,-4.0,17.1,13.0,,,,,,,
"kalkaska county, mi",,,,,,,,,,,,,,,,,7909.0,7449.0,88.4,59160.0,460.0,5.8,
kanabec county,166.0,218.0,327.0,287.0,0.0,279.0,-52.0,327.0,16449.0,10.2,13.4,20.0,0.0,-3.2,20.0,4.0,,,,,,,
"kanabec county, mn",,,,,,,,,,,,,,,,,9181.0,8770.0,84.5,69588.0,411.0,4.5,
kanawha county,1729.0,3180.0,-958.0,3093.0,278.0,-2209.0,-1451.0,-680.0,175864.0,9.8,18.0,-5.4,1.6,-8.2,-3.8,-78.0,,,,,,,
"kanawha county, wv",,,,,,,,,,,,,,,,,80845.0,77870.0,102.0,55160.0,2975.0,3.7,
kandiyohi county,528.0,458.0,-318.0,1028.0,219.0,-38.0,70.0,-99.0,43771.0,12.1,10.5,-7.3,5.0,1.6,-2.3,-9.0,,,,,,,
"kandiyohi county, mn",,,,,,,,,,,,,,,,,23290.0,22654.0,87.8,72281.0,636.0,2.7,
kane county,5581.0,4043.0,-4123.0,5494.0,416.0,-2153.0,1538.0,-3707.0,514139.0,10.8,7.8,-8.0,0.8,3.0,-7.2,16.0,,,,,,,
"kane county, il",,,,,,,,,,,,,,,,,263858.0,251431.0,121.8,93475.0,12427.0,4.7,
"kane county, ut",,,,,,,,,,,,,,,,,4119.0,4014.0,75.2,66609.0,105.0,2.5,
kankakee county,1145.0,1339.0,-493.0,3873.0,105.0,-607.0,-194.0,-388.0,105998.0,10.8,12.6,-4.6,1.0,-1.8,-3.6,-25.0,,,,,,,
"kankakee county, il",,,,,,,,,,,,,,,,,51704.0,48849.0,91.9,70494.0,2855.0,5.5,
karnes county,156.0,178.0,129.0,3189.0,106.0,213.0,-22.0,235.0,14945.0,10.5,12.0,8.7,7.1,-1.5,15.8,0.0,,,,,,,
"karnes county, tx",,,,,,,,,,,,,,,,,6645.0,6423.0,85.6,61860.0,222.0,3.3,
kauai county,800.0,655.0,-409.0,916.0,245.0,-46.0,145.0,-164.0,73783.0,10.8,8.9,-5.5,3.3,2.0,-2.2,-27.0,,,,,,,
"kauai county, hi",,,,,,,,,,,,,,,,,36491.0,35256.0,87.5,81939.0,1235.0,3.4,
kaufman county,2359.0,1458.0,12616.0,1564.0,166.0,14298.0,901.0,12782.0,172611.0,14.3,8.8,76.2,1.0,5.4,77.3,615.0,,,,,,,
"kaufman county, tx",,,,,,,,,,,,,,,,,75163.0,72313.0,128.4,92814.0,2850.0,3.8,
kay county,552.0,692.0,174.0,1102.0,6.0,23.0,-140.0,180.0,43738.0,12.6,15.8,4.0,0.1,-3.2,4.1,-17.0,,,,,,,
"kay county, ok",,,,,,,,,,,,,,,,,18735.0,18075.0,89.0,53066.0,660.0,3.5,
kearney county,77.0,67.0,-1.0,55.0,16.0,23.0,10.0,15.0,6706.0,11.5,10.0,-0.1,2.4,1.5,2.2,-2.0,,,,,,,
"kearney county, ne",,,,,,,,,,,,,,,,,3731.0,3667.0,107.0,74686.0,64.0,1.7,
kearny county,72.0,49.0,-58.0,69.0,3.0,-32.0,23.0,-55.0,3865.0,18.6,12.6,-14.9,0.8,5.9,-14.2,0.0,,,,,,,
"kearny county, ks",,,,,,,,,,,,,,,,,2004.0,1966.0,110.1,75773.0,38.0,1.9,
keith county,76.0,133.0,-17.0,49.0,0.0,-74.0,-57.0,-17.0,8179.0,9.3,16.2,-2.1,0.0,-6.9,-2.1,0.0,,,,,,,
"keith county, ne",,,,,,,,,,,,,,,,,4674.0,4593.0,86.8,60608.0,81.0,1.7,
kemper county,77.0,134.0,-68.0,846.0,-2.0,-131.0,-57.0,-70.0,8670.0,8.8,15.3,-7.8,-0.2,-6.5,-8.0,-4.0,,,,,,,
"kemper county, ms",,,,,,,,,,,,,,,,,3236.0,3049.0,75.5,39856.0,187.0,5.8,
kenai peninsula borough,634.0,605.0,599.0,1808.0,48.0,665.0,29.0,647.0,60611.0,10.5,10.0,9.9,0.8,0.5,10.7,-11.0,,,,,,,
"kenai peninsula borough, ak",,,,,,,,,,,,,,,,,27944.0,26624.0,86.6,76254.0,1320.0,4.7,
kendall county,1572.0,787.0,1557.0,370.0,172.0,2479.0,785.0,1729.0,137494.0,11.5,5.8,11.4,1.3,5.8,12.7,-35.0,,,,,,,
"kendall county, il",,,,,,,,,,,,,,,,,72451.0,69607.0,133.6,102509.0,2844.0,3.9,
"kendall county, tx",,,,,,,,,,,,,,,,,23735.0,22983.0,166.4,120238.0,752.0,3.2,
kenedy county,2.0,2.0,14.0,3.0,0.0,15.0,0.0,14.0,354.0,5.8,5.8,40.4,0.0,0.0,40.4,1.0,,,,,,,
"kenedy county, tx",,,,,,,,,,,,,,,,,145.0,136.0,59.9,43274.0,9.0,6.2,
kennebec county,1109.0,1700.0,1226.0,4309.0,132.0,783.0,-591.0,1358.0,126535.0,8.8,13.5,9.7,1.0,-4.7,10.8,16.0,,,,,,,
"kennebec county, me",,,,,,,,,,,,,,,,,61727.0,60056.0,90.9,63191.0,1671.0,2.7,
kenosha county,1693.0,1787.0,-801.0,4021.0,156.0,-777.0,-94.0,-645.0,167637.0,10.1,10.6,-4.8,0.9,-0.6,-3.8,-38.0,,,,,,,
"kenosha county, wi",,,,,,,,,,,,,,,,,90351.0,87396.0,105.7,75067.0,2955.0,3.3,
kent county,2157.0,2274.0,2541.0,5266.0,283.0,2715.0,-117.0,2824.0,187758.0,11.6,12.2,13.6,1.5,-0.6,15.2,8.0,,,,,,,
"kent county, de",,,,,,,,,,,,,,,,,80608.0,76631.0,87.7,71866.0,3977.0,4.9,
"kent county, md",,,,,,,,,,,,,,,,,9701.0,9378.0,73.4,69695.0,323.0,3.3,
"kent county, mi",,,,,,,,,,,,,,,,,362319.0,350035.0,114.9,76923.0,12284.0,3.4,
"kent county, ri",,,,,,,,,,,,,,,,,93921.0,91231.0,104.2,84230.0,2690.0,2.9,
"kent county, tx",,,,,,,,,,,,,,,,,657.0,644.0,80.4,58118.0,13.0,2.0,
kenton county,2198.0,1733.0,53.0,1800.0,146.0,582.0,465.0,199.0,170280.0,12.9,10.2,0.3,0.9,2.7,1.2,-82.0,,,,,,,
"kenton county, ky",,,,,,,,,,,,,,,,,87314.0,84312.0,130.4,77284.0,3002.0,3.4,
keokuk county,105.0,152.0,29.0,117.0,5.0,-19.0,-47.0,34.0,9883.0,10.6,15.4,2.9,0.5,-4.8,3.4,-6.0,,,,,,,
"keokuk county, ia",,,,,,,,,,,,,,,,,5192.0,5031.0,94.2,65653.0,161.0,3.1,
kern county,12751.0,8070.0,-1383.0,24439.0,1149.0,4042.0,4681.0,-234.0,916751.0,13.9,8.8,-1.5,1.3,5.1,-0.3,-405.0,,,,,,,
"kern county, ca",,,,,,,,,,,,,,,,,389174.0,361729.0,72.1,65981.0,27445.0,7.1,
kerr county,501.0,861.0,907.0,1920.0,27.0,609.0,-360.0,934.0,53784.0,9.4,16.1,17.0,0.5,-6.7,17.5,35.0,,,,,,,
"kerr county, tx",,,,,,,,,,,,,,,,,22340.0,21528.0,82.5,59619.0,812.0,3.6,
kershaw county,740.0,1001.0,1804.0,369.0,48.0,1645.0,-261.0,1852.0,67850.0,11.0,14.9,26.9,0.7,-3.9,27.6,54.0,,,,,,,
"kershaw county, sc",,,,,,,,,,,,,,,,,29556.0,28599.0,95.0,61015.0,957.0,3.2,
ketchikan gateway borough,121.0,121.0,-127.0,381.0,32.0,-94.0,0.0,-95.0,13772.0,8.8,8.8,-9.2,2.3,0.0,-6.9,1.0,,,,,,,
"ketchikan gateway borough, ak",,,,,,,,,,,,,,,,,6763.0,6496.0,93.8,82648.0,267.0,3.9,
kewaunee county,201.0,216.0,80.0,189.0,10.0,64.0,-15.0,90.0,20653.0,9.7,10.5,3.9,0.5,-0.7,4.4,-11.0,,,,,,,
"kewaunee county, wi",,,,,,,,,,,,,,,,,10760.0,10490.0,103.8,73717.0,270.0,2.5,
keweenaw county,10.0,35.0,67.0,4.0,0.0,47.0,-25.0,67.0,2155.0,4.7,16.4,31.4,0.0,-11.7,31.4,5.0,,,,,,,
"keweenaw county, mi",,,,,,,,,,,,,,,,,905.0,851.0,85.3,57103.0,54.0,6.0,
keya paha county,7.0,5.0,8.0,0.0,0.0,9.0,2.0,8.0,805.0,8.7,6.2,10.0,0.0,2.5,10.0,-1.0,,,,,,,
"keya paha county, ne",,,,,,,,,,,,,,,,,548.0,537.0,73.9,51579.0,11.0,2.0,
kidder county,20.0,34.0,42.0,0.0,0.0,27.0,-14.0,42.0,2381.0,8.4,14.4,17.7,0.0,-5.9,17.7,-1.0,,,,,,,
"kidder county, nd",,,,,,,,,,,,,,,,,1317.0,1267.0,77.8,56951.0,50.0,3.8,
kimball county,25.0,46.0,-59.0,66.0,5.0,-75.0,-21.0,-54.0,3336.0,7.4,13.6,-17.5,1.5,-6.2,-16.0,0.0,,,,,,,
"kimball county, ne",,,,,,,,,,,,,,,,,1950.0,1916.0,79.9,55797.0,34.0,1.7,
kimble county,35.0,63.0,95.0,12.0,1.0,72.0,-28.0,96.0,4420.0,8.0,14.4,21.7,0.2,-6.4,21.9,4.0,,,,,,,
"kimble county, tx",,,,,,,,,,,,,,,,,1862.0,1799.0,71.7,51851.0,63.0,3.4,
king and queen county,47.0,104.0,102.0,0.0,0.0,45.0,-57.0,102.0,6714.0,7.0,15.5,15.2,0.0,-8.5,15.2,0.0,,,,,,,
"king and queen county, va",,,,,,,,,,,,,,,,,3896.0,3796.0,72.4,62180.0,100.0,2.6,
king county,2.0,0.0,-25.0,0.0,0.0,-22.0,2.0,-25.0,234.0,8.2,0.0,-102.0,0.0,8.2,-102.0,1.0,,,,,,,
"king county, tx",,,,,,,,,,,,,,,,,572.0,567.0,121.6,87856.0,5.0,0.9,
"king county, wa",,,,,,,,,,,,,,,,,1318942.0,1279356.0,127.2,116044.0,39586.0,3.0,
king george county,319.0,201.0,234.0,202.0,32.0,377.0,118.0,266.0,27918.0,11.5,7.2,8.4,1.2,4.3,9.6,-7.0,,,,,,,
"king george county, va",,,,,,,,,,,,,,,,,14453.0,14093.0,116.6,100092.0,360.0,2.5,
king william county,246.0,223.0,241.0,70.0,11.0,286.0,23.0,252.0,18529.0,13.4,12.1,13.1,0.6,1.3,13.7,11.0,,,,,,,
"king william county, va",,,,,,,,,,,,,,,,,9568.0,9321.0,96.4,82715.0,247.0,2.6,
kingfisher county,154.0,178.0,-14.0,266.0,48.0,5.0,-24.0,34.0,15228.0,10.1,11.7,-0.9,3.2,-1.6,2.2,-5.0,,,,,,,
"kingfisher county, ok",,,,,,,,,,,,,,,,,9022.0,8841.0,122.5,73023.0,181.0,2.0,
kingman county,78.0,277.0,86.0,111.0,0.0,-117.0,-199.0,86.0,7174.0,10.8,38.3,11.9,0.0,-27.5,11.9,-4.0,,,,,,,
"kingman county, ks",,,,,,,,,,,,,,,,,3267.0,3188.0,95.3,65597.0,79.0,2.4,
kings county,2118.0,1184.0,-691.0,15625.0,55.0,212.0,934.0,-636.0,152987.0,13.9,7.7,-4.5,0.4,6.1,-4.2,-86.0,,,,,,,
"kings county, ca",,,,,,,,,,,,,,,,,56169.0,52180.0,69.6,63683.0,3989.0,7.1,
"kings county, ny",,,,,,,,,,,,,,,,,1207908.0,1136159.0,92.2,73244.0,71749.0,5.9,
kingsbury county,66.0,78.0,84.0,213.0,6.0,78.0,-12.0,90.0,5279.0,12.6,14.9,16.0,1.1,-2.3,17.2,0.0,,,,,,,
"kingsbury county, sd",,,,,,,,,,,,,,,,,2803.0,2751.0,91.0,64215.0,52.0,1.9,
kinney county,25.0,54.0,24.0,459.0,14.0,9.0,-29.0,38.0,3131.0,8.0,17.3,7.7,4.5,-9.3,12.2,0.0,,,,,,,
"kinney county, tx",,,,,,,,,,,,,,,,,1262.0,1201.0,72.8,52609.0,61.0,4.8,
kiowa county,18.0,21.0,-18.0,31.0,1.0,-20.0,-3.0,-17.0,1434.0,12.5,14.5,-12.5,0.7,-2.1,-11.8,0.0,,,,,,,
"kiowa county, co",,,,,,,,,,,,,,,,,885.0,868.0,62.4,55573.0,17.0,1.9,
"kiowa county, ks",,,,,,,,,,,,,,,,,1207.0,1181.0,89.6,61700.0,26.0,2.2,
"kiowa county, ok",,,,,,,,,,,,,,,,,3692.0,3572.0,75.4,44959.0,120.0,3.3,
kit carson county,96.0,99.0,33.0,91.0,30.0,56.0,-3.0,63.0,6983.0,13.8,14.2,4.7,4.3,-0.4,9.1,-4.0,,,,,,,
"kit carson county, co",,,,,,,,,,,,,,,,,4087.0,4006.0,63.7,56720.0,81.0,2.0,
kitsap county,2827.0,2695.0,766.0,9970.0,428.0,1224.0,132.0,1194.0,277813.0,10.2,9.7,2.8,1.5,0.5,4.3,-102.0,,,,,,,
"kitsap county, wa",,,,,,,,,,,,,,,,,127917.0,122423.0,102.8,93794.0,5494.0,4.3,
kittitas county,401.0,398.0,442.0,291.0,18.0,477.0,3.0,460.0,45122.0,8.9,8.9,9.8,0.4,0.1,10.2,14.0,,,,,,,
"kittitas county, wa",,,,,,,,,,,,,,,,,22421.0,21182.0,78.6,71737.0,1239.0,5.5,
kittson county,38.0,63.0,-75.0,109.0,8.0,-92.0,-25.0,-67.0,4086.0,9.2,15.2,-18.2,1.9,-6.1,-16.2,0.0,,,,,,,
"kittson county, mn",,,,,,,,,,,,,,,,,2240.0,2180.0,79.2,65244.0,60.0,2.7,
klamath county,769.0,1088.0,290.0,1035.0,-3.0,-56.0,-319.0,287.0,70190.0,11.0,15.5,4.1,0.0,-4.5,4.1,-24.0,,,,,,,
"klamath county, or",,,,,,,,,,,,,,,,,30074.0,28373.0,72.7,54961.0,1701.0,5.7,
kleberg county,359.0,334.0,-340.0,1308.0,60.0,-249.0,25.0,-280.0,30376.0,11.8,11.0,-11.1,2.0,0.8,-9.2,6.0,,,,,,,
"kleberg county, tx",,,,,,,,,,,,,,,,,13104.0,12469.0,71.0,51342.0,635.0,4.8,
klickitat county,209.0,277.0,87.0,637.0,114.0,136.0,-68.0,201.0,23303.0,9.0,11.9,3.7,4.9,-2.9,8.7,3.0,,,,,,,
"klickitat county, wa",,,,,,,,,,,,,,,,,9760.0,9221.0,77.1,70371.0,539.0,5.5,
knott county,107.0,277.0,-12.0,526.0,4.0,-185.0,-170.0,-8.0,13847.0,7.7,19.9,-0.9,0.3,-12.2,-0.6,-7.0,,,,,,,
"knott county, ky",,,,,,,,,,,,,,,,,4228.0,3963.0,64.9,38456.0,265.0,6.3,
knox county,470.0,747.0,-554.0,3623.0,136.0,-690.0,-277.0,-418.0,48620.0,9.6,15.3,-11.3,2.8,-5.7,-8.5,5.0,,,,,,,
"knox county, il",,,,,,,,,,,,,,,,,19876.0,18800.0,75.1,57666.0,1076.0,5.4,
"knox county, in",,,,,,,,,,,,,,,,,17983.0,17494.0,87.2,58238.0,489.0,2.7,
"knox county, ky",,,,,,,,,,,,,,,,,9868.0,9329.0,61.7,36573.0,539.0,5.5,
"knox county, me",,,,,,,,,,,,,,,,,20021.0,19447.0,94.4,65615.0,574.0,2.9,
"knox county, mo",,,,,,,,,,,,,,,,,1678.0,1633.0,76.5,49552.0,45.0,2.7,
"knox county, ne",,,,,,,,,,,,,,,,,4668.0,4570.0,78.6,54880.0,98.0,2.1,
"knox county, oh",,,,,,,,,,,,,,,,,30837.0,29760.0,103.9,68334.0,1077.0,3.5,
"knox county, tn",,,,,,,,,,,,,,,,,251747.0,244518.0,107.3,70013.0,7229.0,2.9,
"knox county, tx",,,,,,,,,,,,,,,,,1483.0,1423.0,65.3,47207.0,60.0,4.0,
kodiak island borough,160.0,85.0,-429.0,457.0,98.0,-239.0,75.0,-331.0,12639.0,12.5,6.7,-33.6,7.7,5.9,-25.9,17.0,,,,,,,
"kodiak island borough, ak",,,,,,,,,,,,,,,,,5941.0,5671.0,94.5,83222.0,270.0,4.5,
koochiching county,102.0,189.0,-1.0,227.0,1.0,-95.0,-87.0,0.0,11848.0,8.6,15.9,-0.1,0.1,-7.3,0.0,-8.0,,,,,,,
"koochiching county, mn",,,,,,,,,,,,,,,,,5847.0,5623.0,76.6,63035.0,224.0,3.8,
kootenai county,1893.0,2065.0,3366.0,1748.0,-56.0,3232.0,-172.0,3310.0,183290.0,10.4,11.4,18.5,-0.3,-0.9,18.2,94.0,,,,,,,
"kootenai county, id",,,,,,,,,,,,,,,,,85447.0,82545.0,104.1,75583.0,2902.0,3.4,
kosciusko county,925.0,935.0,252.0,1530.0,127.0,327.0,-10.0,379.0,80564.0,11.5,11.6,3.1,1.6,-0.1,4.7,-42.0,,,,,,,
"kosciusko county, in",,,,,,,,,,,,,,,,,40564.0,39520.0,107.3,71611.0,1044.0,2.6,
kossuth county,163.0,210.0,-8.0,315.0,10.0,-50.0,-47.0,2.0,14465.0,11.2,14.5,-0.6,0.7,-3.2,0.1,-5.0,,,,,,,
"kossuth county, ia",,,,,,,,,,,,,,,,,8289.0,8093.0,94.0,65510.0,196.0,2.4,
kusilvak census area,219.0,87.0,-307.0,14.0,1.0,-163.0,132.0,-306.0,8214.0,26.4,10.5,-37.0,0.1,15.9,-36.9,11.0,,,,,,,
"kusilvak census area, ak",,,,,,,,,,,,,,,,,2245.0,1942.0,47.5,41824.0,303.0,13.5,
la crosse county,1112.0,1185.0,948.0,4844.0,44.0,921.0,-73.0,992.0,120252.0,9.3,9.9,7.9,0.4,-0.6,8.3,2.0,,,,,,,
"la crosse county, wi",,,,,,,,,,,,,,,,,65448.0,63805.0,98.6,70075.0,1643.0,2.5,
la paz county,165.0,400.0,294.0,176.0,84.0,150.0,-235.0,378.0,16535.0,10.0,24.3,17.9,5.1,-14.3,23.0,7.0,,,,,,,
"la paz county, az",,,,,,,,,,,,,,,,,8869.0,8454.0,72.5,53925.0,415.0,4.7,
la plata county,426.0,462.0,371.0,1879.0,27.0,384.0,-36.0,398.0,56553.0,7.6,8.2,6.6,0.5,-0.6,7.1,22.0,,,,,,,
"la plata county, co",,,,,,,,,,,,,,,,,30534.0,29602.0,89.1,79358.0,932.0,3.1,
la salle county,76.0,86.0,-185.0,1433.0,34.0,-152.0,-10.0,-151.0,6556.0,11.5,13.0,-27.9,5.1,-1.5,-22.8,9.0,,,,,,,
"la salle county, tx",,,,,,,,,,,,,,,,,4116.0,3997.0,56.1,40555.0,119.0,2.9,
labette county,215.0,317.0,-110.0,415.0,7.0,-212.0,-102.0,-103.0,19702.0,10.9,16.0,-5.6,0.4,-5.1,-5.2,-7.0,,,,,,,
"labette county, ks",,,,,,,,,,,,,,,,,9441.0,9157.0,76.0,52318.0,284.0,3.0,
lac qui parle county,66.0,106.0,-2.0,130.0,0.0,-44.0,-40.0,-2.0,6656.0,9.9,15.9,-0.3,0.0,-6.0,-0.3,-2.0,,,,,,,
"lac qui parle county, mn",,,,,,,,,,,,,,,,,3391.0,3304.0,82.0,67556.0,87.0,2.6,
lackawanna county,2110.0,2954.0,271.0,8466.0,402.0,-293.0,-844.0,673.0,215750.0,9.8,13.7,1.3,1.9,-3.9,3.1,-122.0,,,,,,,
"lackawanna county, pa",,,,,,,,,,,,,,,,,104935.0,100315.0,85.2,61168.0,4620.0,4.4,
laclede county,471.0,552.0,266.0,378.0,13.0,189.0,-81.0,279.0,36345.0,13.0,15.2,7.3,0.4,-2.2,7.7,-9.0,,,,,,,
"laclede county, mo",,,,,,,,,,,,,,,,,16341.0,15912.0,82.2,53224.0,429.0,2.6,
lafayette county,68.0,106.0,-6.0,59.0,18.0,-30.0,-38.0,12.0,6129.0,11.1,17.3,-1.0,2.9,-6.2,2.0,-4.0,,,,,,,
"lafayette county, ar",,,,,,,,,,,,,,,,,2289.0,2183.0,76.5,42437.0,106.0,4.6,
"lafayette county, fl",,,,,,,,,,,,,,,,,2823.0,2734.0,73.3,50775.0,89.0,3.2,
"lafayette county, mo",,,,,,,,,,,,,,,,,16627.0,16174.0,108.8,70457.0,453.0,2.7,
"lafayette county, ms",,,,,,,,,,,,,,,,,28016.0,27149.0,117.0,61736.0,867.0,3.1,
"lafayette county, wi",,,,,,,,,,,,,,,,,10222.0,9974.0,94.7,67311.0,248.0,2.4,
lafayette parish,3362.0,2391.0,1371.0,2781.0,592.0,2834.0,971.0,1963.0,247714.0,13.7,9.7,5.6,2.4,3.9,8.0,-100.0,,,,,,,
"lafayette parish, la",,,,,,,,,,,,,,,,,115683.0,112040.0,105.7,58641.0,3643.0,3.1,
lafourche parish,1120.0,1216.0,-1822.0,2427.0,28.0,-1848.0,-96.0,-1794.0,95751.0,11.6,12.6,-18.8,0.3,-1.0,-18.6,42.0,,,,,,,
"lafourche parish, la",,,,,,,,,,,,,,,,,40406.0,39042.0,107.4,59575.0,1364.0,3.4,
lagrange county,704.0,315.0,-64.0,168.0,19.0,327.0,389.0,-45.0,40854.0,17.3,7.7,-1.6,0.5,9.6,-1.1,-17.0,,,,,,,
"lagrange county, in",,,,,,,,,,,,,,,,,21442.0,20970.0,121.3,81010.0,472.0,2.2,
lajas municipio,,,,,,,,,22929.0,,,,,,,,,,,,,,
"lajas municipio, pr",,,,,,,,,,,,,,,,,5652.0,5092.0,,,560.0,9.9,
lake and peninsula borough,18.0,14.0,-48.0,31.0,1.0,-42.0,4.0,-47.0,1377.0,12.9,10.0,-34.3,0.7,2.9,-33.6,1.0,,,,,,,
"lake and peninsula borough, ak",,,,,,,,,,,,,,,,,647.0,609.0,71.6,63038.0,38.0,5.9,
lake county,683.0,977.0,-183.0,561.0,39.0,-473.0,-294.0,-144.0,68172.0,10.0,14.3,-2.7,0.6,-4.3,-2.1,-35.0,,,,,,,
"lake county, ca",,,,,,,,,,,,,,,,,28370.0,26937.0,56.7,51848.0,1433.0,5.1,
"lake county, co",,,,,,,,,,,,,,,,,4772.0,4646.0,80.1,71326.0,126.0,2.6,
"lake county, fl",,,,,,,,,,,,,,,,,171178.0,165847.0,97.6,67637.0,5331.0,3.1,
"lake county, il",,,,,,,,,,,,,,,,,362741.0,346849.0,132.4,101621.0,15892.0,4.4,
"lake county, in",,,,,,,,,,,,,,,,,226746.0,216160.0,99.1,66169.0,10586.0,4.7,
"lake county, mi",,,,,,,,,,,,,,,,,3829.0,3562.0,72.5,48545.0,267.0,7.0,
"lake county, mn",,,,,,,,,,,,,,,,,5349.0,5096.0,89.5,73724.0,253.0,4.7,
"lake county, mt",,,,,,,,,,,,,,,,,14275.0,13831.0,84.3,57225.0,444.0,3.1,
"lake county, oh",,,,,,,,,,,,,,,,,124804.0,119559.0,115.8,76163.0,5245.0,4.2,
"lake county, or",,,,,,,,,,,,,,,,,3661.0,3473.0,72.3,54707.0,188.0,5.1,
"lake county, sd",,,,,,,,,,,,,,,,,6711.0,6576.0,105.8,74668.0,135.0,2.0,
"lake county, tn",,,,,,,,,,,,,,,,,1636.0,1554.0,58.4,38088.0,82.0,5.0,
lake of the woods county,38.0,50.0,68.0,27.0,1.0,60.0,-12.0,69.0,3886.0,9.9,13.0,17.6,0.3,-3.1,17.9,3.0,,,,,,,
"lake of the woods county, mn",,,,,,,,,,,,,,,,,2411.0,2337.0,75.5,62143.0,74.0,3.1,
lamar county,168.0,241.0,52.0,152.0,-1.0,-30.0,-73.0,51.0,13706.0,12.2,17.6,3.8,-0.1,-5.3,3.7,-8.0,,,,,,,
"lamar county, al",,,,,,,,,,,,,,,,,5711.0,5561.0,86.3,51523.0,150.0,2.6,
"lamar county, ga",,,,,,,,,,,,,,,,,8370.0,8087.0,84.6,61542.0,283.0,3.4,
"lamar county, ms",,,,,,,,,,,,,,,,,31649.0,30707.0,118.1,62326.0,942.0,3.0,
"lamar county, tx",,,,,,,,,,,,,,,,,24445.0,23382.0,86.6,62620.0,1063.0,4.3,
lamb county,168.0,176.0,-155.0,173.0,39.0,-123.0,-8.0,-116.0,12786.0,13.1,13.7,-12.1,3.0,-0.6,-9.0,1.0,,,,,,,
"lamb county, tx",,,,,,,,,,,,,,,,,5277.0,5065.0,73.3,53008.0,212.0,4.0,
lamoille county,217.0,256.0,-37.0,626.0,45.0,-46.0,-39.0,8.0,26103.0,8.3,9.8,-1.4,1.7,-1.5,0.3,-15.0,,,,,,,
"lamoille county, vt",,,,,,,,,,,,,,,,,14147.0,13725.0,87.4,65190.0,422.0,3.0,
lamoure county,51.0,47.0,-7.0,247.0,0.0,-3.0,4.0,-7.0,4076.0,12.5,11.5,-1.7,0.0,1.0,-1.7,0.0,,,,,,,
"lamoure county, nd",,,,,,,,,,,,,,,,,2098.0,2061.0,106.1,77744.0,37.0,1.8,
lampasas county,213.0,329.0,641.0,190.0,14.0,566.0,-116.0,655.0,22790.0,9.5,14.6,28.5,0.6,-5.2,29.1,27.0,,,,,,,
"lampasas county, tx",,,,,,,,,,,,,,,,,9415.0,9062.0,94.0,67917.0,353.0,3.7,
lancaster county,3653.0,2768.0,-585.0,13202.0,870.0,1030.0,885.0,285.0,324434.0,11.3,8.5,-1.8,2.7,2.7,0.9,-140.0,,,,,,,
"lancaster county, ne",,,,,,,,,,,,,,,,,179486.0,175851.0,97.9,68358.0,3635.0,2.0,
"lancaster county, pa",,,,,,,,,,,,,,,,,289525.0,280002.0,114.8,82434.0,9523.0,3.3,
"lancaster county, sc",,,,,,,,,,,,,,,,,43866.0,42310.0,109.2,70113.0,1556.0,3.5,
"lancaster county, va",,,,,,,,,,,,,,,,,5387.0,5199.0,70.9,60857.0,188.0,3.5,
lander county,63.0,76.0,14.0,42.0,1.0,0.0,-13.0,15.0,5761.0,10.9,13.2,2.4,0.2,-2.3,2.6,-2.0,,,,,,,
"lander county, nv",,,,,,,,,,,,,,,,,3038.0,2939.0,124.7,90190.0,99.0,3.3,
lane county,18.0,33.0,-1.0,16.0,0.0,-17.0,-15.0,-1.0,1544.0,11.6,21.3,-0.6,0.0,-9.7,-0.6,-1.0,,,,,,,
"lane county, ks",,,,,,,,,,,,,,,,,725.0,704.0,94.3,64934.0,21.0,2.9,
"lane county, or",,,,,,,,,,,,,,,,,182468.0,174653.0,84.9,64192.0,7815.0,4.3,
langlade county,175.0,319.0,165.0,264.0,6.0,23.0,-144.0,171.0,19502.0,9.0,16.4,8.5,0.3,-7.4,8.8,-4.0,,,,,,,
"langlade county, wi",,,,,,,,,,,,,,,,,9286.0,8948.0,81.3,57745.0,338.0,3.6,
lanier county,142.0,121.0,44.0,352.0,65.0,126.0,21.0,109.0,10177.0,14.0,12.0,4.4,6.4,2.1,10.8,-4.0,,,,,,,
"lanier county, ga",,,,,,,,,,,,,,,,,3753.0,3620.0,69.7,50671.0,133.0,3.5,
lapeer county,788.0,1216.0,354.0,1560.0,111.0,-30.0,-428.0,465.0,88632.0,8.9,13.7,4.0,1.3,-4.8,5.2,-67.0,,,,,,,
"lapeer county, mi",,,,,,,,,,,,,,,,,40436.0,38693.0,108.7,72737.0,1743.0,4.3,
laporte county,1183.0,1391.0,-468.0,6365.0,27.0,-691.0,-208.0,-441.0,111822.0,10.5,12.4,-4.2,0.2,-1.9,-3.9,-42.0,,,,,,,
"laporte county, in",,,,,,,,,,,,,,,,,46784.0,45021.0,99.4,66336.0,1763.0,3.8,
laramie county,1131.0,1289.0,144.0,1619.0,2.0,-46.0,-158.0,146.0,100781.0,11.2,12.8,1.4,0.0,-1.6,1.4,-34.0,,,,,,,
"laramie county, wy",,,,,,,,,,,,,,,,,48401.0,46734.0,101.0,71956.0,1667.0,3.4,
lares municipio,,,,,,,,,27754.0,,,,,,,,,,,,,,
"lares municipio, pr",,,,,,,,,,,,,,,,,7785.0,6881.0,,,904.0,11.6,
larimer county,3111.0,2968.0,4148.0,12156.0,400.0,4830.0,143.0,4548.0,367577.0,8.5,8.1,11.4,1.1,0.4,12.5,139.0,,,,,,,
"larimer county, co",,,,,,,,,,,,,,,,,210007.0,204240.0,99.1,88338.0,5767.0,2.7,
larue county,157.0,225.0,187.0,157.0,-1.0,123.0,-68.0,186.0,15150.0,10.4,14.9,12.4,-0.1,-4.5,12.3,5.0,,,,,,,
"larue county, ky",,,,,,,,,,,,,,,,,5730.0,5469.0,91.0,53939.0,261.0,4.6,
las animas county,113.0,248.0,91.0,399.0,17.0,-23.0,-135.0,108.0,14311.0,7.9,17.3,6.4,1.2,-9.4,7.5,4.0,,,,,,,
"las animas county, co",,,,,,,,,,,,,,,,,6072.0,5787.0,55.1,49097.0,285.0,4.7,
"las marias municipio, pr",,,,,,,,,,,,,,,,,2809.0,2467.0,,,342.0,12.2,
las marías municipio,,,,,,,,,8704.0,,,,,,,,,,,,,,
las piedras municipio,,,,,,,,,34795.0,,,,,,,,,,,,,,
"las piedras municipio, pr",,,,,,,,,,,,,,,,,12462.0,11713.0,,,749.0,6.0,
lasalle county,1123.0,1449.0,-710.0,2886.0,59.0,-979.0,-326.0,-651.0,108181.0,10.3,13.3,-6.5,0.5,-3.0,-6.0,-2.0,,,,,,,
"lasalle county, il",,,,,,,,,,,,,,,,,51828.0,49181.0,84.3,64711.0,2647.0,5.1,
lasalle parish,168.0,201.0,12.0,1998.0,9.0,-21.0,-33.0,21.0,14821.0,11.3,13.6,0.8,0.6,-2.2,1.4,-9.0,,,,,,,
"lasalle parish, la",,,,,,,,,,,,,,,,,6700.0,6523.0,100.3,55633.0,177.0,2.6,
lassen county,289.0,234.0,-2118.0,6243.0,32.0,-1865.0,55.0,-2086.0,30020.0,9.3,7.6,-68.4,1.0,1.8,-67.4,166.0,,,,,,,
"lassen county, ca",,,,,,,,,,,,,,,,,8701.0,8297.0,65.9,60308.0,404.0,4.6,
latah county,434.0,315.0,310.0,2674.0,121.0,524.0,119.0,431.0,40924.0,10.7,7.7,7.6,3.0,2.9,10.6,-26.0,,,,,,,
"latah county, id",,,,,,,,,,,,,,,,,20273.0,19742.0,82.8,60108.0,531.0,2.6,
latimer county,102.0,173.0,165.0,302.0,1.0,102.0,-71.0,166.0,9556.0,10.7,18.2,17.4,0.1,-7.5,17.5,7.0,,,,,,,
"latimer county, ok",,,,,,,,,,,,,,,,,3175.0,2995.0,71.1,42409.0,180.0,5.7,
lauderdale county,943.0,1312.0,1323.0,4139.0,51.0,1022.0,-369.0,1374.0,95875.0,9.9,13.8,13.9,0.5,-3.9,14.4,17.0,,,,,,,
"lauderdale county, al",,,,,,,,,,,,,,,,,42754.0,41654.0,98.9,59023.0,1100.0,2.6,
"lauderdale county, ms",,,,,,,,,,,,,,,,,28711.0,27574.0,93.5,49351.0,1137.0,4.0,
"lauderdale county, tn",,,,,,,,,,,,,,,,,9404.0,8961.0,72.9,47575.0,443.0,4.7,
laurel county,698.0,919.0,518.0,1082.0,12.0,299.0,-221.0,530.0,62879.0,11.1,14.7,8.3,0.2,-3.5,8.4,-10.0,,,,,,,
"laurel county, ky",,,,,,,,,,,,,,,,,24935.0,23867.0,85.6,50721.0,1068.0,4.3,
laurens county,596.0,777.0,308.0,910.0,69.0,186.0,-181.0,377.0,49710.0,12.0,15.7,6.2,1.4,-3.6,7.6,-10.0,,,,,,,
"laurens county, ga",,,,,,,,,,,,,,,,,19257.0,18496.0,65.9,47918.0,761.0,4.0,
"laurens county, sc",,,,,,,,,,,,,,,,,30273.0,29263.0,83.8,53847.0,1010.0,3.3,
lavaca county,248.0,296.0,167.0,373.0,3.0,115.0,-48.0,170.0,20653.0,12.0,14.4,8.1,0.1,-2.3,8.3,-7.0,,,,,,,
"lavaca county, tx",,,,,,,,,,,,,,,,,9146.0,8835.0,80.8,58400.0,311.0,3.4,
lawrence county,383.0,543.0,273.0,219.0,0.0,114.0,-160.0,273.0,33187.0,11.6,16.4,8.2,0.0,-4.8,8.2,1.0,,,,,,,
"lawrence county, al",,,,,,,,,,,,,,,,,14691.0,14346.0,93.0,55516.0,345.0,2.3,
"lawrence county, ar",,,,,,,,,,,,,,,,,6757.0,6522.0,85.2,47312.0,235.0,3.5,
"lawrence county, il",,,,,,,,,,,,,,,,,5114.0,4817.0,74.9,57460.0,297.0,5.8,
"lawrence county, in",,,,,,,,,,,,,,,,,20524.0,19820.0,90.1,60141.0,704.0,3.4,
"lawrence county, ky",,,,,,,,,,,,,,,,,5582.0,5276.0,72.2,42776.0,306.0,5.5,
"lawrence county, mo",,,,,,,,,,,,,,,,,16923.0,16495.0,89.6,58031.0,428.0,2.5,
"lawrence county, ms",,,,,,,,,,,,,,,,,4760.0,4541.0,87.9,46407.0,219.0,4.6,
"lawrence county, oh",,,,,,,,,,,,,,,,,23346.0,22267.0,77.6,51062.0,1079.0,4.6,
"lawrence county, pa",,,,,,,,,,,,,,,,,39277.0,37299.0,81.8,58730.0,1978.0,5.0,
"lawrence county, sd",,,,,,,,,,,,,,,,,14128.0,13864.0,95.8,67606.0,264.0,1.9,
"lawrence county, tn",,,,,,,,,,,,,,,,,19266.0,18594.0,85.2,55562.0,672.0,3.5,
le flore county,674.0,819.0,526.0,1666.0,23.0,399.0,-145.0,549.0,49002.0,13.8,16.8,10.8,0.5,-3.0,11.2,-5.0,,,,,,,
"le flore county, ok",,,,,,,,,,,,,,,,,19773.0,19035.0,78.9,47026.0,738.0,3.7,
le sueur county,318.0,295.0,186.0,306.0,24.0,224.0,23.0,210.0,29124.0,11.0,10.2,6.4,0.8,0.8,7.2,-9.0,,,,,,,
"le sueur county, mn",,,,,,,,,,,,,,,,,15845.0,15305.0,105.5,86864.0,540.0,3.4,
lea county,930.0,756.0,-1446.0,2129.0,514.0,-719.0,174.0,-932.0,72343.0,12.8,10.4,-19.9,7.1,2.4,-12.8,39.0,,,,,,,
"lea county, nm",,,,,,,,,,,,,,,,,29141.0,27846.0,98.9,59194.0,1295.0,4.4,
leake county,324.0,318.0,-108.0,374.0,56.0,-57.0,6.0,-52.0,21203.0,15.3,15.0,-5.1,2.6,0.3,-2.4,-11.0,,,,,,,
"leake county, ms",,,,,,,,,,,,,,,,,7817.0,7498.0,88.0,46429.0,319.0,4.1,
leavenworth county,900.0,818.0,428.0,6058.0,58.0,524.0,82.0,486.0,82922.0,10.9,9.9,5.2,0.7,1.0,5.9,-44.0,,,,,,,
"leavenworth county, ks",,,,,,,,,,,,,,,,,37437.0,36362.0,115.0,79117.0,1075.0,2.9,
lebanon county,1587.0,1884.0,300.0,3325.0,230.0,143.0,-297.0,530.0,143902.0,11.0,13.1,2.1,1.6,-2.1,3.7,-90.0,,,,,,,
"lebanon county, pa",,,,,,,,,,,,,,,,,73340.0,70790.0,96.8,69490.0,2550.0,3.5,
lee county,1942.0,1461.0,2116.0,5340.0,510.0,3102.0,481.0,2626.0,180698.0,10.8,8.2,11.8,2.8,2.7,14.7,-5.0,,,,,,,
"lee county, al",,,,,,,,,,,,,,,,,78872.0,77053.0,99.9,59637.0,1819.0,2.3,
"lee county, ar",,,,,,,,,,,,,,,,,2552.0,2439.0,63.4,35213.0,113.0,4.4,
"lee county, fl",,,,,,,,,,,,,,,,,369688.0,357585.0,103.3,71607.0,12103.0,3.3,
"lee county, ga",,,,,,,,,,,,,,,,,15010.0,14563.0,115.8,84260.0,447.0,3.0,
"lee county, ia",,,,,,,,,,,,,,,,,14890.0,14193.0,84.7,59017.0,697.0,4.7,
"lee county, il",,,,,,,,,,,,,,,,,16636.0,15948.0,87.8,67371.0,688.0,4.1,
"lee county, ky",,,,,,,,,,,,,,,,,2069.0,1954.0,58.5,34632.0,115.0,5.6,
"lee county, ms",,,,,,,,,,,,,,,,,40555.0,39233.0,110.4,58266.0,1322.0,3.3,
"lee county, nc",,,,,,,,,,,,,,,,,26030.0,24922.0,86.3,58244.0,1108.0,4.3,
"lee county, sc",,,,,,,,,,,,,,,,,6421.0,6125.0,64.7,41583.0,296.0,4.6,
"lee county, tx",,,,,,,,,,,,,,,,,8794.0,8481.0,91.2,65911.0,313.0,3.6,
"lee county, va",,,,,,,,,,,,,,,,,8194.0,7893.0,48.4,41573.0,301.0,3.7,
leelanau county,185.0,324.0,377.0,181.0,10.0,256.0,-139.0,387.0,22883.0,8.1,14.2,16.6,0.4,-6.1,17.0,8.0,,,,,,,
"leelanau county, mi",,,,,,,,,,,,,,,,,10365.0,9935.0,133.0,89007.0,430.0,4.1,
leflore county,381.0,442.0,-740.0,899.0,20.0,-761.0,-61.0,-720.0,26664.0,14.1,16.3,-27.4,0.7,-2.3,-26.6,20.0,,,,,,,
"leflore county, ms",,,,,,,,,,,,,,,,,9365.0,8870.0,67.3,35520.0,495.0,5.3,
lehigh county,3968.0,3984.0,-1208.0,7723.0,1770.0,385.0,-16.0,562.0,376274.0,10.6,10.6,-3.2,4.7,0.0,1.5,-161.0,,,,,,,
"lehigh county, pa",,,,,,,,,,,,,,,,,196923.0,188905.0,101.1,72590.0,8018.0,4.1,
lemhi county,62.0,148.0,202.0,75.0,3.0,124.0,-86.0,205.0,8284.0,7.5,18.0,24.6,0.4,-10.5,24.9,5.0,,,,,,,
"lemhi county, id",,,,,,,,,,,,,,,,,4066.0,3913.0,76.5,55554.0,153.0,3.8,
lenawee county,827.0,1318.0,-432.0,4655.0,126.0,-820.0,-491.0,-306.0,98280.0,8.4,13.4,-4.4,1.3,-5.0,-3.1,-23.0,,,,,,,
"lenawee county, mi",,,,,,,,,,,,,,,,,45179.0,43133.0,100.8,67486.0,2046.0,4.5,
lenoir county,655.0,950.0,119.0,1264.0,25.0,-184.0,-295.0,144.0,54499.0,12.0,17.4,2.2,0.5,-5.4,2.6,-33.0,,,,,,,
"lenoir county, nc",,,,,,,,,,,,,,,,,27614.0,26587.0,68.7,46410.0,1027.0,3.7,
leon county,2805.0,2563.0,527.0,17867.0,711.0,1275.0,242.0,1238.0,297282.0,9.5,8.6,1.8,2.4,0.8,4.2,-205.0,,,,,,,
"leon county, fl",,,,,,,,,,,,,,,,,157537.0,152653.0,88.8,61560.0,4884.0,3.1,
"leon county, tx",,,,,,,,,,,,,,,,,6098.0,5779.0,78.5,56749.0,319.0,5.2,
leslie county,96.0,208.0,-122.0,324.0,0.0,-231.0,-112.0,-122.0,10049.0,9.4,20.5,-12.0,0.0,-11.0,-12.0,3.0,,,,,,,
"leslie county, ky",,,,,,,,,,,,,,,,,2494.0,2325.0,61.9,36666.0,169.0,6.8,
letcher county,180.0,444.0,-130.0,309.0,0.0,-397.0,-264.0,-130.0,20827.0,8.6,21.1,-6.2,0.0,-12.6,-6.2,-3.0,,,,,,,
"letcher county, ky",,,,,,,,,,,,,,,,,5891.0,5521.0,63.9,37854.0,370.0,6.3,
levy county,391.0,732.0,1318.0,279.0,53.0,1097.0,-341.0,1371.0,45253.0,8.7,16.4,29.5,1.2,-7.6,30.7,67.0,,,,,,,
"levy county, fl",,,,,,,,,,,,,,,,,17095.0,16483.0,79.6,55147.0,612.0,3.6,
lewis and clark county,700.0,796.0,1231.0,1527.0,103.0,1277.0,-96.0,1334.0,73784.0,9.6,10.9,16.8,1.4,-1.3,18.2,39.0,,,,,,,
"lewis and clark county, mt",,,,,,,,,,,,,,,,,38130.0,37197.0,106.7,72491.0,933.0,2.4,
lewis county,33.0,67.0,67.0,105.0,1.0,35.0,-34.0,68.0,3725.0,8.9,18.1,18.1,0.3,-9.2,18.3,1.0,,,,,,,
"lewis county, id",,,,,,,,,,,,,,,,,1656.0,1587.0,75.9,55128.0,69.0,4.2,
"lewis county, ky",,,,,,,,,,,,,,,,,4549.0,4212.0,74.4,44098.0,337.0,7.4,
"lewis county, mo",,,,,,,,,,,,,,,,,4699.0,4587.0,88.1,57053.0,112.0,2.4,
"lewis county, ny",,,,,,,,,,,,,,,,,11650.0,11175.0,81.1,64452.0,475.0,4.1,
"lewis county, tn",,,,,,,,,,,,,,,,,5576.0,5374.0,81.5,53189.0,202.0,3.6,
"lewis county, wa",,,,,,,,,,,,,,,,,34539.0,32560.0,74.5,67954.0,1979.0,5.7,
"lewis county, wv",,,,,,,,,,,,,,,,,6155.0,5860.0,98.5,53283.0,295.0,4.8,
lexington city,122.0,75.0,-20.0,2709.0,27.0,51.0,47.0,7.0,7506.0,16.3,10.0,-2.7,3.6,6.3,0.9,-3.0,,,,,,,
"lexington city, va",,,,,,,,,,,,,,,,,2213.0,2124.0,72.7,62382.0,89.0,4.0,
lexington county,3389.0,3292.0,3885.0,2563.0,487.0,4455.0,97.0,4372.0,305105.0,11.2,10.9,12.8,1.6,0.3,14.4,-14.0,,,,,,,
"lexington county, sc",,,,,,,,,,,,,,,,,152183.0,148158.0,113.7,73022.0,4025.0,2.6,
liberty county,73.0,84.0,307.0,1539.0,0.0,323.0,-11.0,307.0,7613.0,9.8,11.3,41.2,0.0,-1.5,41.2,27.0,,,,,,,
"liberty county, fl",,,,,,,,,,,,,,,,,2574.0,2488.0,71.5,49514.0,86.0,3.3,
"liberty county, ga",,,,,,,,,,,,,,,,,26025.0,25141.0,82.2,59807.0,884.0,3.4,
"liberty county, mt",,,,,,,,,,,,,,,,,969.0,945.0,78.9,53601.0,24.0,2.5,
"liberty county, tx",,,,,,,,,,,,,,,,,35332.0,33238.0,85.6,61880.0,2094.0,5.9,
licking county,1927.0,2185.0,1847.0,3795.0,155.0,1744.0,-258.0,2002.0,181765.0,10.7,12.1,10.2,0.9,-1.4,11.1,0.0,,,,,,,
"licking county, oh",,,,,,,,,,,,,,,,,91692.0,88549.0,116.4,76596.0,3143.0,3.4,
limestone county,1189.0,1142.0,3255.0,3076.0,99.0,3565.0,47.0,3354.0,110868.0,10.9,10.5,29.8,0.9,0.4,30.7,164.0,,,,,,,
"limestone county, al",,,,,,,,,,,,,,,,,48438.0,47454.0,139.3,83159.0,984.0,2.0,
"limestone county, tx",,,,,,,,,,,,,,,,,8455.0,8064.0,71.1,51357.0,391.0,4.6,
lincoln county,101.0,178.0,-187.0,3887.0,-1.0,-258.0,-77.0,-188.0,12910.0,7.7,13.7,-14.3,-0.1,-5.9,-14.4,7.0,,,,,,,
"lincoln county, ar",,,,,,,,,,,,,,,,,3680.0,3521.0,87.0,48311.0,159.0,4.3,
"lincoln county, co",,,,,,,,,,,,,,,,,2197.0,2134.0,61.0,54345.0,63.0,2.9,
"lincoln county, ga",,,,,,,,,,,,,,,,,3500.0,3374.0,95.9,69776.0,126.0,3.6,
"lincoln county, id",,,,,,,,,,,,,,,,,2465.0,2363.0,84.9,61658.0,102.0,4.1,
"lincoln county, ks",,,,,,,,,,,,,,,,,1683.0,1644.0,84.3,58049.0,39.0,2.3,
"lincoln county, ky",,,,,,,,,,,,,,,,,9297.0,8843.0,84.1,49814.0,454.0,4.9,
"lincoln county, me",,,,,,,,,,,,,,,,,16780.0,16316.0,104.6,72657.0,464.0,2.8,
"lincoln county, mn",,,,,,,,,,,,,,,,,3025.0,2942.0,78.8,64860.0,83.0,2.7,
"lincoln county, mo",,,,,,,,,,,,,,,,,29069.0,28278.0,120.3,77913.0,791.0,2.7,
"lincoln county, ms",,,,,,,,,,,,,,,,,14764.0,14229.0,92.1,48596.0,535.0,3.6,
"lincoln county, mt",,,,,,,,,,,,,,,,,8586.0,8165.0,71.3,48432.0,421.0,4.9,
"lincoln county, nc",,,,,,,,,,,,,,,,,46385.0,44910.0,116.4,78615.0,1475.0,3.2,
"lincoln county, ne",,,,,,,,,,,,,,,,,18408.0,18031.0,89.4,62442.0,377.0,2.0,
"lincoln county, nm",,,,,,,,,,,,,,,,,8846.0,8487.0,90.8,54344.0,359.0,4.1,
"lincoln county, nv",,,,,,,,,,,,,,,,,2049.0,1971.0,88.4,63978.0,78.0,3.8,
"lincoln county, ok",,,,,,,,,,,,,,,,,16368.0,15863.0,92.1,54922.0,505.0,3.1,
"lincoln county, or",,,,,,,,,,,,,,,,,20917.0,19899.0,75.6,57216.0,1018.0,4.9,
"lincoln county, sd",,,,,,,,,,,,,,,,,37550.0,36946.0,139.4,98387.0,604.0,1.6,
"lincoln county, tn",,,,,,,,,,,,,,,,,16660.0,16123.0,94.4,61591.0,537.0,3.2,
"lincoln county, wa",,,,,,,,,,,,,,,,,4608.0,4373.0,74.9,68318.0,235.0,5.1,
"lincoln county, wi",,,,,,,,,,,,,,,,,14656.0,14204.0,83.9,59637.0,452.0,3.1,
"lincoln county, wv",,,,,,,,,,,,,,,,,6964.0,6612.0,80.8,43727.0,352.0,5.1,
"lincoln county, wy",,,,,,,,,,,,,,,,,9723.0,9406.0,130.5,93044.0,317.0,3.3,
lincoln parish,464.0,491.0,-107.0,5284.0,19.0,-130.0,-27.0,-88.0,47980.0,9.7,10.2,-2.2,0.4,-0.6,-1.8,-15.0,,,,,,,
"lincoln parish, la",,,,,,,,,,,,,,,,,21159.0,20419.0,80.7,44752.0,740.0,3.5,
linn county,2590.0,2295.0,-1529.0,5491.0,769.0,-505.0,295.0,-760.0,228940.0,11.3,10.0,-6.7,3.4,1.3,-3.3,-40.0,,,,,,,
"linn county, ia",,,,,,,,,,,,,,,,,120784.0,116971.0,106.3,74134.0,3813.0,3.2,
"linn county, ks",,,,,,,,,,,,,,,,,4370.0,4201.0,86.7,59651.0,169.0,3.9,
"linn county, mo",,,,,,,,,,,,,,,,,5042.0,4887.0,81.6,52831.0,155.0,3.1,
"linn county, or",,,,,,,,,,,,,,,,,61099.0,58440.0,88.9,67265.0,2659.0,4.4,
lipscomb county,38.0,40.0,-61.0,35.0,10.0,-49.0,-2.0,-51.0,2846.0,13.2,13.9,-21.3,3.5,-0.7,-17.8,4.0,,,,,,,
"lipscomb county, tx",,,,,,,,,,,,,,,,,1467.0,1421.0,97.2,70236.0,46.0,3.1,
"litchfield county, ct",,,,,,,,,,,,,,,,,104825.0,100839.0,,,3986.0,3.8,
little river county,147.0,201.0,-43.0,174.0,-2.0,-108.0,-54.0,-45.0,11865.0,12.3,16.9,-3.6,-0.2,-4.5,-3.8,-9.0,,,,,,,
"little river county, ar",,,,,,,,,,,,,,,,,5140.0,4947.0,88.1,48883.0,193.0,3.8,
live oak county,94.0,159.0,173.0,1644.0,41.0,155.0,-65.0,214.0,11541.0,8.2,13.9,15.1,3.6,-5.7,18.7,6.0,,,,,,,
"live oak county, tx",,,,,,,,,,,,,,,,,4884.0,4678.0,81.0,58576.0,206.0,4.2,
livingston county,384.0,497.0,-147.0,1808.0,17.0,-252.0,-113.0,-130.0,35517.0,10.8,13.9,-4.1,0.5,-3.2,-3.6,-9.0,,,,,,,
"livingston county, il",,,,,,,,,,,,,,,,,15570.0,14931.0,97.0,74418.0,639.0,4.1,
"livingston county, ky",,,,,,,,,,,,,,,,,3626.0,3447.0,93.4,55355.0,179.0,4.9,
"livingston county, mi",,,,,,,,,,,,,,,,,103422.0,100456.0,151.3,101227.0,2966.0,2.9,
"livingston county, mo",,,,,,,,,,,,,,,,,7118.0,6972.0,87.5,56654.0,146.0,2.1,
"livingston county, ny",,,,,,,,,,,,,,,,,30200.0,29184.0,94.5,75077.0,1016.0,3.4,
livingston parish,1864.0,1581.0,1506.0,1046.0,158.0,1935.0,283.0,1664.0,148056.0,12.7,10.7,10.2,1.1,1.9,11.3,-12.0,,,,,,,
"livingston parish, la",,,,,,,,,,,,,,,,,71405.0,69374.0,131.4,72887.0,2031.0,2.8,
llano county,221.0,410.0,687.0,170.0,37.0,567.0,-189.0,724.0,22623.0,9.9,18.4,30.8,1.7,-8.5,32.4,32.0,,,,,,,
"llano county, tx",,,,,,,,,,,,,,,,,9353.0,8993.0,82.4,59528.0,360.0,3.8,
logan county,258.0,386.0,153.0,370.0,1.0,29.0,-128.0,154.0,21258.0,12.1,18.2,7.2,0.0,-6.0,7.2,3.0,,,,,,,
"logan county, ar",,,,,,,,,,,,,,,,,8232.0,7927.0,87.4,48510.0,305.0,3.7,
"logan county, co",,,,,,,,,,,,,,,,,10105.0,9821.0,66.2,58976.0,284.0,2.8,
"logan county, il",,,,,,,,,,,,,,,,,11561.0,11053.0,70.1,53775.0,508.0,4.4,
"logan county, ks",,,,,,,,,,,,,,,,,1624.0,1595.0,91.8,63204.0,29.0,1.8,
"logan county, ky",,,,,,,,,,,,,,,,,12222.0,11779.0,95.9,56823.0,443.0,3.6,
"logan county, nd",,,,,,,,,,,,,,,,,866.0,848.0,82.9,60695.0,18.0,2.1,
"logan county, ne",,,,,,,,,,,,,,,,,483.0,473.0,98.4,68723.0,10.0,2.1,
"logan county, oh",,,,,,,,,,,,,,,,,22525.0,21746.0,94.9,62449.0,779.0,3.5,
"logan county, ok",,,,,,,,,,,,,,,,,23590.0,22946.0,128.0,76331.0,644.0,2.7,
"logan county, wv",,,,,,,,,,,,,,,,,11065.0,10588.0,78.8,42615.0,477.0,4.3,
"loiza municipio, pr",,,,,,,,,,,,,,,,,8999.0,8483.0,,,516.0,5.7,
long county,298.0,153.0,1074.0,295.0,9.0,1287.0,145.0,1083.0,18395.0,16.8,8.6,60.5,0.5,8.2,61.0,59.0,,,,,,,
"long county, ga",,,,,,,,,,,,,,,,,8428.0,8157.0,98.0,71285.0,271.0,3.2,
lonoke county,891.0,861.0,420.0,720.0,26.0,429.0,30.0,446.0,75199.0,11.9,11.5,5.6,0.3,0.4,5.9,-47.0,,,,,,,
"lonoke county, ar",,,,,,,,,,,,,,,,,34233.0,33300.0,119.2,66160.0,933.0,2.7,
lorain county,3192.0,4082.0,2484.0,7980.0,298.0,1815.0,-890.0,2782.0,316031.0,10.1,13.0,7.9,0.9,-2.8,8.8,-77.0,,,,,,,
"lorain county, oh",,,,,,,,,,,,,,,,,154121.0,146477.0,102.0,67124.0,7644.0,5.0,
los alamos county,170.0,146.0,-301.0,65.0,157.0,-117.0,24.0,-144.0,19273.0,8.8,7.6,-15.6,8.1,1.2,-7.4,3.0,,,,,,,
"los alamos county, nm",,,,,,,,,,,,,,,,,10579.0,10345.0,232.6,139217.0,234.0,2.2,
los angeles county,96988.0,77365.0,-143724.0,203386.0,34341.0,-89697.0,19623.0,-109383.0,9719765.0,9.9,7.9,-14.7,3.5,2.0,-11.2,63.0,,,,,,,
"los angeles county, ca",,,,,,,,,,,,,,,,,5013363.0,4764528.0,90.1,82455.0,248835.0,5.0,
loudon county,540.0,854.0,1659.0,501.0,38.0,1459.0,-314.0,1697.0,58244.0,9.4,14.8,28.8,0.7,-5.5,29.5,76.0,,,,,,,
"loudon county, tn",,,,,,,,,,,,,,,,,24444.0,23649.0,122.2,79683.0,795.0,3.3,
loudoun county,5001.0,1759.0,-1770.0,1237.0,2586.0,4028.0,3242.0,816.0,432792.0,11.6,4.1,-4.1,6.0,7.5,1.9,-30.0,,,,,,,
"loudoun county, va",,,,,,,,,,,,,,,,,232059.0,226714.0,195.3,167605.0,5345.0,2.3,
louisa county,109.0,128.0,-132.0,121.0,41.0,-107.0,-19.0,-91.0,10617.0,10.2,12.0,-12.4,3.8,-1.8,-8.5,3.0,,,,,,,
"louisa county, ia",,,,,,,,,,,,,,,,,5901.0,5713.0,101.8,70953.0,188.0,3.2,
"louisa county, va",,,,,,,,,,,,,,,,,20764.0,20218.0,84.5,72569.0,546.0,2.6,
loup county,3.0,4.0,-2.0,0.0,0.0,-3.0,-1.0,-2.0,601.0,5.0,6.6,-3.3,0.0,-1.7,-3.3,0.0,,,,,,,
"loup county, ne",,,,,,,,,,,,,,,,,410.0,400.0,86.6,60487.0,10.0,2.4,
love county,102.0,149.0,-19.0,77.0,9.0,-63.0,-47.0,-10.0,10174.0,10.0,14.6,-1.9,0.9,-4.6,-1.0,-6.0,,,,,,,
"love county, ok",,,,,,,,,,,,,,,,,5920.0,5777.0,108.5,64723.0,143.0,2.4,
loving county,0.0,4.0,-6.0,0.0,0.0,-10.0,-4.0,-6.0,44.0,0.0,81.6,-122.4,0.0,-81.6,-122.4,0.0,,,,,,,
"loving county, tx",,,,,,,,,,,,,,,,,866.0,861.0,131.0,94716.0,5.0,0.6,
lower connecticut river valley planning region,1442.0,1800.0,620.0,6521.0,383.0,552.0,-358.0,1003.0,175982.0,8.2,10.2,3.5,2.2,-2.0,5.7,-93.0,,,,,,,
"lower connecticut river valley planning region, ct",,,,,,,,,,,,,,,,,,,112.9,99557.0,,,
lowndes county,121.0,187.0,-94.0,183.0,0.0,-162.0,-66.0,-94.0,9783.0,12.3,19.0,-9.5,0.0,-6.7,-9.5,-2.0,,,,,,,
"lowndes county, al",,,,,,,,,,,,,,,,,3486.0,3309.0,70.8,42268.0,177.0,5.1,
"lowndes county, ga",,,,,,,,,,,,,,,,,50175.0,48471.0,72.3,52623.0,1704.0,3.4,
"lowndes county, ms",,,,,,,,,,,,,,,,,24478.0,23494.0,93.5,49344.0,984.0,4.0,
loíza municipio,,,,,,,,,22646.0,,,,,,,,,,,,,,
lubbock county,4074.0,3284.0,1624.0,11430.0,832.0,3119.0,790.0,2456.0,317761.0,12.9,10.4,5.1,2.6,2.5,7.8,-127.0,,,,,,,
"lubbock county, tx",,,,,,,,,,,,,,,,,163437.0,157861.0,81.8,59138.0,5576.0,3.4,
lucas county,113.0,131.0,13.0,64.0,5.0,-4.0,-18.0,18.0,8702.0,13.0,15.1,1.5,0.6,-2.1,2.1,-4.0,,,,,,,
"lucas county, ia",,,,,,,,,,,,,,,,,4630.0,4527.0,86.4,60245.0,103.0,2.2,
"lucas county, oh",,,,,,,,,,,,,,,,,202831.0,193865.0,88.1,57971.0,8966.0,4.4,
luce county,56.0,86.0,303.0,1025.0,-1.0,297.0,-30.0,302.0,6274.0,9.1,14.0,49.5,-0.2,-4.9,49.3,25.0,,,,,,,
"luce county, mi",,,,,,,,,,,,,,,,,2142.0,2013.0,73.8,49371.0,129.0,6.0,
lumpkin county,333.0,420.0,1721.0,3872.0,77.0,1863.0,-87.0,1798.0,34706.0,9.9,12.4,51.0,2.3,-2.6,53.2,152.0,,,,,,,
"lumpkin county, ga",,,,,,,,,,,,,,,,,17974.0,17510.0,98.3,71486.0,464.0,2.6,
luna county,328.0,432.0,217.0,788.0,109.0,222.0,-104.0,326.0,25693.0,12.8,16.9,8.5,4.3,-4.1,12.7,0.0,,,,,,,
"luna county, nm",,,,,,,,,,,,,,,,,9845.0,8861.0,64.8,38796.0,984.0,10.0,
lunenburg county,114.0,179.0,49.0,984.0,23.0,1.0,-65.0,72.0,12002.0,9.5,14.9,4.1,1.9,-5.4,6.0,-6.0,,,,,,,
"lunenburg county, va",,,,,,,,,,,,,,,,,5167.0,4994.0,55.5,47660.0,173.0,3.3,
luquillo municipio,,,,,,,,,17438.0,,,,,,,,,,,,,,
"luquillo municipio, pr",,,,,,,,,,,,,,,,,6636.0,6242.0,,,394.0,5.9,
luzerne county,3199.0,4613.0,1202.0,10777.0,953.0,554.0,-1414.0,2155.0,326496.0,9.8,14.1,3.7,2.9,-4.3,6.6,-187.0,,,,,,,
"luzerne county, pa",,,,,,,,,,,,,,,,,157927.0,150080.0,82.7,59358.0,7847.0,5.0,
lycoming county,1011.0,1584.0,7.0,5145.0,106.0,-527.0,-573.0,113.0,113034.0,8.9,14.0,0.1,0.9,-5.1,1.0,-67.0,,,,,,,
"lycoming county, pa",,,,,,,,,,,,,,,,,54945.0,52510.0,86.0,61729.0,2435.0,4.4,
lyman county,65.0,51.0,-90.0,88.0,13.0,-58.0,14.0,-77.0,3705.0,17.4,13.7,-24.1,3.5,3.7,-20.6,5.0,,,,,,,
"lyman county, sd",,,,,,,,,,,,,,,,,1687.0,1645.0,76.8,54199.0,42.0,2.5,
lynchburg city,1192.0,982.0,-207.0,10675.0,170.0,114.0,210.0,-37.0,79228.0,15.1,12.4,-2.6,2.1,2.7,-0.5,-59.0,,,,,,,
"lynchburg city, va",,,,,,,,,,,,,,,,,35533.0,34185.0,58.8,50494.0,1348.0,3.8,
lynn county,84.0,86.0,91.0,38.0,2.0,93.0,-2.0,93.0,5738.0,14.8,15.1,16.0,0.4,-0.4,16.3,2.0,,,,,,,
"lynn county, tx",,,,,,,,,,,,,,,,,2870.0,2767.0,78.5,56754.0,103.0,3.6,
lyon county,190.0,109.0,49.0,176.0,14.0,137.0,81.0,63.0,12177.0,15.7,9.0,4.0,1.2,6.7,5.2,-7.0,,,,,,,
"lyon county, ia",,,,,,,,,,,,,,,,,7078.0,6946.0,106.2,74061.0,132.0,1.9,
"lyon county, ks",,,,,,,,,,,,,,,,,17072.0,16647.0,81.2,55863.0,425.0,2.5,
"lyon county, ky",,,,,,,,,,,,,,,,,3139.0,3001.0,99.5,58938.0,138.0,4.4,
"lyon county, mn",,,,,,,,,,,,,,,,,14375.0,14033.0,86.2,70958.0,342.0,2.4,
"lyon county, nv",,,,,,,,,,,,,,,,,23568.0,22454.0,103.3,74741.0,1114.0,4.7,
mackinac county,83.0,198.0,123.0,122.0,47.0,55.0,-115.0,170.0,10962.0,7.6,18.1,11.2,4.3,-10.5,15.5,0.0,,,,,,,
"mackinac county, mi",,,,,,,,,,,,,,,,,5158.0,4704.0,85.1,56942.0,454.0,8.8,
macomb county,8739.0,10618.0,-2630.0,7729.0,1444.0,-3411.0,-1879.0,-1186.0,874235.0,10.0,12.1,-3.0,1.6,-2.1,-1.4,-346.0,,,,,,,
"macomb county, mi",,,,,,,,,,,,,,,,,443204.0,426693.0,110.5,73927.0,16511.0,3.7,
macon county,162.0,257.0,-287.0,2048.0,8.0,-373.0,-95.0,-279.0,18532.0,8.7,13.7,-15.3,0.4,-5.1,-14.9,1.0,,,,,,,
"macon county, al",,,,,,,,,,,,,,,,,7824.0,7533.0,61.3,36601.0,291.0,3.7,
"macon county, ga",,,,,,,,,,,,,,,,,4523.0,4328.0,55.1,40089.0,195.0,4.3,
"macon county, il",,,,,,,,,,,,,,,,,45550.0,42920.0,79.0,60648.0,2630.0,5.8,
"macon county, mo",,,,,,,,,,,,,,,,,7091.0,6904.0,81.6,52847.0,187.0,2.6,
"macon county, nc",,,,,,,,,,,,,,,,,15986.0,15424.0,79.7,53832.0,562.0,3.5,
"macon county, tn",,,,,,,,,,,,,,,,,11678.0,11320.0,87.1,56817.0,358.0,3.1,
macoupin county,395.0,677.0,-91.0,874.0,20.0,-369.0,-282.0,-71.0,44123.0,8.9,15.3,-2.1,0.5,-6.4,-1.6,-16.0,,,,,,,
"macoupin county, il",,,,,,,,,,,,,,,,,22044.0,21181.0,91.1,69880.0,863.0,3.9,
madera county,2110.0,1458.0,736.0,6555.0,30.0,1363.0,652.0,766.0,160329.0,13.2,9.1,4.6,0.2,4.1,4.8,-55.0,,,,,,,
"madera county, ca",,,,,,,,,,,,,,,,,62934.0,59007.0,77.9,71273.0,3927.0,6.2,
madison county,4412.0,4114.0,5782.0,11112.0,690.0,6934.0,298.0,6472.0,403605.0,11.0,10.3,14.5,1.7,0.7,16.2,164.0,,,,,,,
"madison county, al",,,,,,,,,,,,,,,,,199682.0,195558.0,134.7,80426.0,4124.0,2.1,
"madison county, ar",,,,,,,,,,,,,,,,,7763.0,7577.0,92.3,51233.0,186.0,2.4,
"madison county, fl",,,,,,,,,,,,,,,,,7965.0,7700.0,66.6,46141.0,265.0,3.3,
"madison county, ga",,,,,,,,,,,,,,,,,13371.0,12973.0,80.8,58789.0,398.0,3.0,
"madison county, ia",,,,,,,,,,,,,,,,,8767.0,8486.0,116.0,80887.0,281.0,3.2,
"madison county, id",,,,,,,,,,,,,,,,,23873.0,23408.0,71.9,52224.0,465.0,1.9,
"madison county, il",,,,,,,,,,,,,,,,,130805.0,125657.0,87.9,67441.0,5148.0,3.9,
"madison county, in",,,,,,,,,,,,,,,,,59833.0,57800.0,88.3,58926.0,2033.0,3.4,
"madison county, ky",,,,,,,,,,,,,,,,,46298.0,44569.0,103.0,60994.0,1729.0,3.7,
"madison county, mo",,,,,,,,,,,,,,,,,5312.0,5153.0,72.7,47068.0,159.0,3.0,
"madison county, ms",,,,,,,,,,,,,,,,,53152.0,51524.0,152.8,80641.0,1628.0,3.1,
"madison county, mt",,,,,,,,,,,,,,,,,5102.0,4983.0,106.7,72487.0,119.0,2.3,
"madison county, nc",,,,,,,,,,,,,,,,,10099.0,9751.0,80.2,54137.0,348.0,3.4,
"madison county, ne",,,,,,,,,,,,,,,,,19881.0,19492.0,90.9,63482.0,389.0,2.0,
"madison county, ny",,,,,,,,,,,,,,,,,32611.0,31484.0,87.9,69851.0,1127.0,3.5,
"madison county, oh",,,,,,,,,,,,,,,,,20909.0,20235.0,119.4,78533.0,674.0,3.2,
"madison county, tn",,,,,,,,,,,,,,,,,49138.0,47445.0,87.5,57070.0,1693.0,3.4,
"madison county, tx",,,,,,,,,,,,,,,,,4765.0,4557.0,74.6,53906.0,208.0,4.4,
"madison county, va",,,,,,,,,,,,,,,,,7548.0,7386.0,83.5,71697.0,162.0,2.1,
madison parish,132.0,152.0,-318.0,825.0,3.0,-321.0,-20.0,-315.0,9480.0,13.7,15.8,-33.0,0.3,-2.1,-32.7,14.0,,,,,,,
"madison parish, la",,,,,,,,,,,,,,,,,3463.0,3290.0,60.2,33403.0,173.0,5.0,
magoffin county,131.0,220.0,-48.0,121.0,-2.0,-141.0,-89.0,-50.0,11348.0,11.5,19.3,-4.2,-0.2,-7.8,-4.4,-2.0,,,,,,,
"magoffin county, ky",,,,,,,,,,,,,,,,,3179.0,2836.0,60.2,35669.0,343.0,10.8,
mahaska county,228.0,287.0,37.0,789.0,31.0,-3.0,-59.0,68.0,21971.0,10.4,13.1,1.7,1.4,-2.7,3.1,-12.0,,,,,,,
"mahaska county, ia",,,,,,,,,,,,,,,,,12327.0,12020.0,98.6,68759.0,307.0,2.5,
mahnomen county,64.0,90.0,-40.0,67.0,2.0,-64.0,-26.0,-38.0,5339.0,11.9,16.8,-7.4,0.4,-4.8,-7.1,0.0,,,,,,,
"mahnomen county, mn",,,,,,,,,,,,,,,,,2225.0,2121.0,64.3,52926.0,104.0,4.7,
mahoning county,2361.0,3662.0,558.0,7124.0,264.0,-607.0,-1301.0,822.0,225922.0,10.4,16.2,2.5,1.2,-5.8,3.6,-128.0,,,,,,,
"mahoning county, oh",,,,,,,,,,,,,,,,,97955.0,93256.0,83.3,54774.0,4699.0,4.8,
major county,85.0,122.0,-65.0,97.0,5.0,-100.0,-37.0,-60.0,7536.0,11.2,16.1,-8.6,0.7,-4.9,-7.9,-3.0,,,,,,,
"major county, ok",,,,,,,,,,,,,,,,,3827.0,3736.0,107.1,63840.0,91.0,2.4,
malheur county,386.0,402.0,183.0,3188.0,26.0,181.0,-16.0,209.0,31858.0,12.2,12.7,5.8,0.8,-0.5,6.6,-12.0,,,,,,,
"malheur county, or",,,,,,,,,,,,,,,,,12695.0,12176.0,65.3,49380.0,519.0,4.1,
manassas city,695.0,370.0,-990.0,67.0,556.0,-91.0,325.0,-434.0,42673.0,16.3,8.7,-23.2,13.0,7.6,-10.2,18.0,,,,,,,
"manassas city, va",,,,,,,,,,,,,,,,,21729.0,21178.0,113.8,97722.0,551.0,2.5,
manassas park city,69.0,85.0,-558.0,0.0,156.0,-396.0,-16.0,-402.0,16693.0,4.1,5.0,-33.0,9.2,-0.9,-23.8,22.0,,,,,,,
"manassas park city, va",,,,,,,,,,,,,,,,,9791.0,9550.0,105.8,90816.0,241.0,2.5,
manatee county,3716.0,5348.0,15268.0,6249.0,976.0,15453.0,-1632.0,16244.0,429169.0,8.8,12.7,36.2,2.3,-3.9,38.5,841.0,,,,,,,
"manatee county, fl",,,,,,,,,,,,,,,,,185845.0,180356.0,104.2,72176.0,5489.0,3.0,
"manati municipio, pr",,,,,,,,,,,,,,,,,12200.0,11462.0,,,738.0,6.0,
manatí municipio,,,,,,,,,38741.0,,,,,,,,,,,,,,
manistee county,195.0,379.0,216.0,1261.0,13.0,37.0,-184.0,229.0,25365.0,7.7,15.0,8.5,0.5,-7.3,9.0,-8.0,,,,,,,
"manistee county, mi",,,,,,,,,,,,,,,,,9692.0,9126.0,83.4,55788.0,566.0,5.8,
manitowoc county,732.0,991.0,-88.0,1082.0,82.0,-308.0,-259.0,-6.0,81198.0,9.0,12.2,-1.1,1.0,-3.2,-0.1,-43.0,,,,,,,
"manitowoc county, wi",,,,,,,,,,,,,,,,,40505.0,39374.0,88.5,62910.0,1131.0,2.8,
marathon county,1427.0,1495.0,199.0,1726.0,152.0,200.0,-68.0,351.0,137955.0,10.4,10.8,1.4,1.1,-0.5,2.5,-83.0,,,,,,,
"marathon county, wi",,,,,,,,,,,,,,,,,72542.0,70710.0,99.9,70955.0,1832.0,2.5,
marengo county,226.0,324.0,-90.0,239.0,2.0,-194.0,-98.0,-88.0,18791.0,12.0,17.2,-4.8,0.1,-5.2,-4.7,-8.0,,,,,,,
"marengo county, al",,,,,,,,,,,,,,,,,7626.0,7374.0,76.4,45587.0,252.0,3.3,
maricao municipio,,,,,,,,,4570.0,,,,,,,,,,,,,,
"maricao municipio, pr",,,,,,,,,,,,,,,,,2119.0,1910.0,,,209.0,9.9,
maricopa county,51145.0,43452.0,32979.0,77488.0,15356.0,56395.0,7693.0,48335.0,4555833.0,11.3,9.6,7.3,3.4,1.7,10.7,367.0,,,,,,,
"maricopa county, az",,,,,,,,,,,,,,,,,2371901.0,2293121.0,112.5,83668.0,78780.0,3.3,
maries county,97.0,135.0,47.0,80.0,8.0,15.0,-38.0,55.0,8432.0,11.5,16.0,5.6,0.9,-4.5,6.5,-2.0,,,,,,,
"maries county, mo",,,,,,,,,,,,,,,,,3812.0,3712.0,84.6,54815.0,100.0,2.6,
marin county,2301.0,2168.0,-4319.0,6867.0,940.0,-3124.0,133.0,-3379.0,256154.0,8.9,8.4,-16.8,3.6,0.5,-13.1,122.0,,,,,,,
"marin county, ca",,,,,,,,,,,,,,,,,131097.0,127573.0,148.6,135960.0,3524.0,2.7,
marinette county,357.0,642.0,379.0,685.0,12.0,108.0,-285.0,391.0,41966.0,8.5,15.3,9.0,0.3,-6.8,9.3,2.0,,,,,,,
"marinette county, wi",,,,,,,,,,,,,,,,,19106.0,18388.0,82.4,58554.0,718.0,3.8,
marion county,318.0,474.0,335.0,722.0,0.0,181.0,-156.0,335.0,29182.0,10.9,16.3,11.5,0.0,-5.4,11.5,2.0,,,,,,,
"marion county, al",,,,,,,,,,,,,,,,,13786.0,13452.0,80.0,47742.0,334.0,2.4,
"marion county, ar",,,,,,,,,,,,,,,,,6205.0,5979.0,88.8,49313.0,226.0,3.6,
"marion county, fl",,,,,,,,,,,,,,,,,147268.0,142006.0,78.7,54517.0,5262.0,3.6,
"marion county, ga",,,,,,,,,,,,,,,,,3201.0,3083.0,64.9,47174.0,118.0,3.7,
"marion county, ia",,,,,,,,,,,,,,,,,19129.0,18720.0,105.4,73451.0,409.0,2.1,
"marion county, il",,,,,,,,,,,,,,,,,16733.0,15928.0,76.2,58489.0,805.0,4.8,
"marion county, in",,,,,,,,,,,,,,,,,504140.0,487842.0,94.0,62776.0,16298.0,3.2,
"marion county, ks",,,,,,,,,,,,,,,,,5978.0,5835.0,93.5,64337.0,143.0,2.4,
"marion county, ky",,,,,,,,,,,,,,,,,9296.0,8972.0,90.6,53676.0,324.0,3.5,
"marion county, mo",,,,,,,,,,,,,,,,,13624.0,13291.0,89.0,57635.0,333.0,2.4,
"marion county, ms",,,,,,,,,,,,,,,,,10114.0,9737.0,83.6,44129.0,377.0,3.7,
"marion county, oh",,,,,,,,,,,,,,,,,27290.0,26085.0,89.7,59012.0,1205.0,4.4,
"marion county, or",,,,,,,,,,,,,,,,,168836.0,162048.0,93.7,70861.0,6788.0,4.0,
"marion county, sc",,,,,,,,,,,,,,,,,12663.0,12050.0,58.0,37244.0,613.0,4.8,
"marion county, tn",,,,,,,,,,,,,,,,,12374.0,11894.0,90.0,58686.0,480.0,3.9,
"marion county, tx",,,,,,,,,,,,,,,,,4228.0,4015.0,66.0,47720.0,213.0,5.0,
"marion county, wv",,,,,,,,,,,,,,,,,24962.0,23873.0,108.8,58855.0,1089.0,4.4,
mariposa county,155.0,235.0,-23.0,200.0,34.0,-74.0,-80.0,11.0,17053.0,9.1,13.8,-1.3,2.0,-4.7,0.6,-5.0,,,,,,,
"mariposa county, ca",,,,,,,,,,,,,,,,,7252.0,6923.0,72.7,66513.0,329.0,4.5,
marlboro county,267.0,419.0,-63.0,2591.0,-4.0,-229.0,-152.0,-67.0,26006.0,10.2,16.0,-2.4,-0.2,-5.8,-2.6,-10.0,,,,,,,
"marlboro county, sc",,,,,,,,,,,,,,,,,8090.0,7557.0,61.0,39160.0,533.0,6.6,
marquette county,568.0,806.0,969.0,4164.0,34.0,809.0,-238.0,1003.0,66548.0,8.6,12.2,14.6,0.5,-3.6,15.2,44.0,,,,,,,
"marquette county, mi",,,,,,,,,,,,,,,,,31656.0,30107.0,92.0,61598.0,1549.0,4.9,
"marquette county, wi",,,,,,,,,,,,,,,,,7682.0,7409.0,81.9,58197.0,273.0,3.6,
marshall county,1514.0,1423.0,915.0,1019.0,137.0,1142.0,91.0,1052.0,99428.0,15.3,14.4,9.3,1.4,0.9,10.6,-1.0,,,,,,,
"marshall county, al",,,,,,,,,,,,,,,,,45445.0,44538.0,89.4,53388.0,907.0,2.0,
"marshall county, ia",,,,,,,,,,,,,,,,,17356.0,16420.0,100.2,69818.0,936.0,5.4,
"marshall county, il",,,,,,,,,,,,,,,,,5083.0,4836.0,90.7,69593.0,247.0,4.9,
"marshall county, in",,,,,,,,,,,,,,,,,22943.0,22342.0,106.2,70938.0,601.0,2.6,
"marshall county, ks",,,,,,,,,,,,,,,,,5330.0,5226.0,85.6,58942.0,104.0,2.0,
"marshall county, ky",,,,,,,,,,,,,,,,,14524.0,13917.0,108.7,64395.0,607.0,4.2,
"marshall county, mn",,,,,,,,,,,,,,,,,5358.0,5153.0,85.7,70606.0,205.0,3.8,
"marshall county, ms",,,,,,,,,,,,,,,,,14201.0,13638.0,98.8,52162.0,563.0,4.0,
"marshall county, ok",,,,,,,,,,,,,,,,,7463.0,7233.0,86.1,51341.0,230.0,3.1,
"marshall county, sd",,,,,,,,,,,,,,,,,2474.0,2407.0,93.0,65643.0,67.0,2.7,
"marshall county, tn",,,,,,,,,,,,,,,,,15622.0,15105.0,98.1,64013.0,517.0,3.3,
"marshall county, wv",,,,,,,,,,,,,,,,,12972.0,12323.0,96.0,51934.0,649.0,5.0,
martin county,1278.0,2465.0,2607.0,4791.0,292.0,1790.0,-1187.0,2899.0,161987.0,7.9,15.3,16.2,1.8,-7.4,18.0,78.0,,,,,,,
"martin county, fl",,,,,,,,,,,,,,,,,75433.0,73320.0,116.4,80678.0,2113.0,2.8,
"martin county, in",,,,,,,,,,,,,,,,,5425.0,5274.0,96.2,64216.0,151.0,2.8,
"martin county, ky",,,,,,,,,,,,,,,,,2204.0,2036.0,58.1,34435.0,168.0,7.6,
"martin county, mn",,,,,,,,,,,,,,,,,9646.0,9400.0,75.0,61721.0,246.0,2.6,
"martin county, nc",,,,,,,,,,,,,,,,,8575.0,8190.0,65.8,44445.0,385.0,4.5,
"martin county, tx",,,,,,,,,,,,,,,,,2803.0,2715.0,101.4,73315.0,88.0,3.1,
martinsville city,264.0,306.0,153.0,488.0,54.0,163.0,-42.0,207.0,13697.0,19.4,22.5,11.2,4.0,-3.1,15.2,-2.0,,,,,,,
"martinsville city, va",,,,,,,,,,,,,,,,,5571.0,5321.0,48.3,41500.0,250.0,4.5,
mason county,89.0,219.0,1.0,180.0,3.0,-131.0,-130.0,4.0,12699.0,7.0,17.2,0.1,0.2,-10.2,0.3,-5.0,,,,,,,
"mason county, il",,,,,,,,,,,,,,,,,5896.0,5617.0,79.2,60784.0,279.0,4.7,
"mason county, ky",,,,,,,,,,,,,,,,,6523.0,6200.0,82.8,49029.0,323.0,5.0,
"mason county, mi",,,,,,,,,,,,,,,,,13226.0,12543.0,95.6,64014.0,683.0,5.2,
"mason county, tx",,,,,,,,,,,,,,,,,1830.0,1768.0,81.8,59129.0,62.0,3.4,
"mason county, wa",,,,,,,,,,,,,,,,,25347.0,23836.0,85.5,78029.0,1511.0,6.0,
"mason county, wv",,,,,,,,,,,,,,,,,10085.0,9641.0,88.9,48077.0,444.0,4.4,
massac county,109.0,244.0,31.0,255.0,-6.0,-119.0,-135.0,25.0,13827.0,7.8,17.6,2.2,-0.4,-9.7,1.8,-9.0,,,,,,,
"massac county, il",,,,,,,,,,,,,,,,,5350.0,5081.0,68.9,52880.0,269.0,5.0,
matagorda county,545.0,469.0,-441.0,344.0,146.0,-217.0,76.0,-295.0,36122.0,15.0,12.9,-12.2,4.0,2.1,-8.1,2.0,,,,,,,
"matagorda county, tx",,,,,,,,,,,,,,,,,17202.0,16175.0,80.8,58380.0,1027.0,6.0,
matanuska-susitna borough,1376.0,1006.0,1978.0,2825.0,68.0,2474.0,370.0,2046.0,113472.0,12.3,9.0,17.6,0.6,3.3,18.2,58.0,,,,,,,
"matanuska-susitna borough, ak",,,,,,,,,,,,,,,,,49476.0,47084.0,98.0,86313.0,2392.0,4.8,
mathews county,62.0,178.0,25.0,97.0,0.0,-93.0,-116.0,25.0,8450.0,7.3,20.9,2.9,0.0,-13.7,2.9,-2.0,,,,,,,
"mathews county, va",,,,,,,,,,,,,,,,,4096.0,3982.0,86.0,73827.0,114.0,2.8,
maui county,1697.0,1405.0,-1305.0,2225.0,637.0,-438.0,292.0,-668.0,164359.0,10.3,8.5,-7.9,3.9,1.8,-4.1,-62.0,,,,,,,
"maui county, hi",,,,,,,,,,,,,,,,,87098.0,84270.0,95.8,89794.0,2828.0,3.2,
maunabo municipio,,,,,,,,,10359.0,,,,,,,,,,,,,,
"maunabo municipio, pr",,,,,,,,,,,,,,,,,3090.0,2745.0,,,345.0,11.2,
maury county,1325.0,1235.0,2837.0,1250.0,-6.0,3054.0,90.0,2831.0,107996.0,12.4,11.6,26.6,-0.1,0.8,26.6,133.0,,,,,,,
"maury county, tn",,,,,,,,,,,,,,,,,53113.0,51496.0,107.7,70225.0,1617.0,3.0,
maverick county,955.0,604.0,-537.0,427.0,132.0,-55.0,351.0,-405.0,57628.0,16.6,10.5,-9.3,2.3,6.1,-7.0,-1.0,,,,,,,
"maverick county, tx",,,,,,,,,,,,,,,,,23525.0,21646.0,60.1,43407.0,1879.0,8.0,
"mayaguez municipio, pr",,,,,,,,,,,,,,,,,24131.0,22456.0,,,1675.0,6.9,
mayagüez municipio,,,,,,,,,70588.0,,,,,,,,,,,,,,
mayes county,481.0,659.0,474.0,420.0,1.0,311.0,-178.0,475.0,39570.0,12.2,16.7,12.0,0.0,-4.5,12.1,14.0,,,,,,,
"mayes county, ok",,,,,,,,,,,,,,,,,19954.0,19323.0,84.1,50174.0,631.0,3.2,
mcclain county,455.0,452.0,1797.0,316.0,11.0,1875.0,3.0,1808.0,45410.0,10.2,10.2,40.4,0.2,0.1,40.7,64.0,,,,,,,
"mcclain county, ok",,,,,,,,,,,,,,,,,21136.0,20567.0,126.6,75474.0,569.0,2.7,
mccone county,26.0,26.0,3.0,14.0,0.0,2.0,0.0,3.0,1711.0,15.2,15.2,1.8,0.0,0.0,1.8,-1.0,,,,,,,
"mccone county, mt",,,,,,,,,,,,,,,,,967.0,949.0,87.0,59086.0,18.0,1.9,
mccook county,83.0,77.0,45.0,212.0,0.0,50.0,6.0,45.0,5768.0,14.5,13.4,7.8,0.0,1.0,7.8,-1.0,,,,,,,
"mccook county, sd",,,,,,,,,,,,,,,,,3114.0,3063.0,99.6,70320.0,51.0,1.6,
mccormick county,71.0,178.0,86.0,757.0,0.0,-23.0,-107.0,86.0,9741.0,7.3,18.3,8.8,0.0,-11.0,8.8,-2.0,,,,,,,
"mccormick county, sc",,,,,,,,,,,,,,,,,3447.0,3324.0,88.2,56636.0,123.0,3.6,
mccracken county,696.0,1056.0,208.0,2158.0,4.0,-180.0,-360.0,212.0,67366.0,10.3,15.7,3.1,0.1,-5.3,3.1,-32.0,,,,,,,
"mccracken county, ky",,,,,,,,,,,,,,,,,29715.0,28486.0,101.3,60026.0,1229.0,4.1,
mccreary county,181.0,294.0,90.0,1732.0,4.0,-21.0,-113.0,94.0,16783.0,10.8,17.5,5.4,0.2,-6.7,5.6,-2.0,,,,,,,
"mccreary county, ky",,,,,,,,,,,,,,,,,4679.0,4428.0,59.8,35443.0,251.0,5.4,
mcculloch county,72.0,169.0,45.0,80.0,-1.0,-54.0,-97.0,44.0,7468.0,9.6,22.5,6.0,-0.1,-12.9,5.9,-1.0,,,,,,,
"mcculloch county, tx",,,,,,,,,,,,,,,,,3158.0,3024.0,63.5,45915.0,134.0,4.2,
mccurtain county,398.0,614.0,146.0,291.0,32.0,-51.0,-216.0,178.0,30773.0,12.9,19.9,4.7,1.0,-7.0,5.8,-13.0,,,,,,,
"mccurtain county, ok",,,,,,,,,,,,,,,,,16053.0,15408.0,74.6,44465.0,645.0,4.0,
mcdonald county,324.0,305.0,41.0,118.0,117.0,164.0,19.0,158.0,23593.0,13.8,13.0,1.7,5.0,0.8,6.7,-13.0,,,,,,,
"mcdonald county, mo",,,,,,,,,,,,,,,,,11050.0,10774.0,77.3,50100.0,276.0,2.5,
mcdonough county,244.0,331.0,106.0,2486.0,35.0,34.0,-87.0,141.0,26914.0,9.1,12.3,3.9,1.3,-3.2,5.2,-20.0,,,,,,,
"mcdonough county, il",,,,,,,,,,,,,,,,,12697.0,12147.0,68.8,52812.0,550.0,4.3,
mcdowell county,393.0,702.0,480.0,1325.0,40.0,225.0,-309.0,520.0,44755.0,8.8,15.7,10.8,0.9,-6.9,11.6,14.0,,,,,,,
"mcdowell county, nc",,,,,,,,,,,,,,,,,20251.0,19540.0,80.0,54042.0,711.0,3.5,
"mcdowell county, wv",,,,,,,,,,,,,,,,,4015.0,3758.0,53.6,28972.0,257.0,6.4,
mcduffie county,266.0,314.0,125.0,216.0,-6.0,71.0,-48.0,119.0,21690.0,12.3,14.5,5.8,-0.3,-2.2,5.5,0.0,,,,,,,
"mcduffie county, ga",,,,,,,,,,,,,,,,,8389.0,8005.0,69.6,50593.0,384.0,4.6,
mchenry county,3080.0,2654.0,-381.0,1852.0,60.0,15.0,426.0,-321.0,311558.0,9.9,8.5,-1.2,0.2,1.4,-1.0,-90.0,,,,,,,
"mchenry county, il",,,,,,,,,,,,,,,,,169534.0,162925.0,129.2,99128.0,6609.0,3.9,
"mchenry county, nd",,,,,,,,,,,,,,,,,3113.0,3016.0,89.3,65378.0,97.0,3.1,
mcintosh county,89.0,211.0,242.0,55.0,1.0,129.0,-122.0,243.0,11183.0,8.0,19.0,21.8,0.1,-11.0,21.9,8.0,,,,,,,
"mcintosh county, ga",,,,,,,,,,,,,,,,,6192.0,5994.0,70.7,51411.0,198.0,3.2,
"mcintosh county, nd",,,,,,,,,,,,,,,,,1062.0,1040.0,78.7,57614.0,22.0,2.1,
"mcintosh county, ok",,,,,,,,,,,,,,,,,7351.0,6988.0,73.3,43700.0,363.0,4.9,
mckean county,330.0,630.0,-192.0,2828.0,10.0,-498.0,-300.0,-182.0,39819.0,8.2,15.7,-4.8,0.2,-7.5,-4.5,-16.0,,,,,,,
"mckean county, pa",,,,,,,,,,,,,,,,,16871.0,16027.0,80.9,58112.0,844.0,5.0,
mckenzie county,215.0,93.0,-111.0,94.0,15.0,31.0,122.0,-96.0,13889.0,15.5,6.7,-8.0,1.1,8.8,-6.9,5.0,,,,,,,
"mckenzie county, nd",,,,,,,,,,,,,,,,,9099.0,8932.0,115.0,84206.0,167.0,1.8,
mckinley county,758.0,1074.0,-1329.0,875.0,81.0,-1533.0,-316.0,-1248.0,69931.0,10.7,15.2,-18.8,1.1,-4.5,-17.7,31.0,,,,,,,
"mckinley county, nm",,,,,,,,,,,,,,,,,22516.0,21210.0,73.1,43720.0,1306.0,5.8,
mclean county,1691.0,1455.0,-863.0,8620.0,481.0,-191.0,236.0,-382.0,170918.0,9.9,8.5,-5.0,2.8,1.4,-2.2,-45.0,,,,,,,
"mclean county, il",,,,,,,,,,,,,,,,,88311.0,85015.0,93.6,71825.0,3296.0,3.7,
"mclean county, ky",,,,,,,,,,,,,,,,,3939.0,3759.0,93.8,55555.0,180.0,4.6,
"mclean county, nd",,,,,,,,,,,,,,,,,4757.0,4616.0,109.1,79935.0,141.0,3.0,
mclennan county,3518.0,2891.0,1545.0,9662.0,355.0,2441.0,627.0,1900.0,266162.0,13.3,10.9,5.8,1.3,2.4,7.2,-86.0,,,,,,,
"mclennan county, tx",,,,,,,,,,,,,,,,,126753.0,122139.0,87.4,63160.0,4614.0,3.6,
mcleod county,379.0,433.0,-39.0,661.0,29.0,-81.0,-54.0,-10.0,36734.0,10.3,11.8,-1.1,0.8,-1.5,-0.3,-17.0,,,,,,,
"mcleod county, mn",,,,,,,,,,,,,,,,,19274.0,18745.0,98.2,80874.0,529.0,2.7,
mcminn county,611.0,964.0,1087.0,908.0,2.0,774.0,-353.0,1089.0,54695.0,11.3,17.8,20.0,0.0,-6.5,20.1,38.0,,,,,,,
"mcminn county, tn",,,,,,,,,,,,,,,,,21605.0,20731.0,93.4,60950.0,874.0,4.0,
mcmullen county,4.0,14.0,-15.0,0.0,0.0,-23.0,-10.0,-15.0,569.0,6.9,24.1,-25.8,0.0,-17.2,-25.8,2.0,,,,,,,
"mcmullen county, tx",,,,,,,,,,,,,,,,,851.0,835.0,93.4,67525.0,16.0,1.9,
mcnairy county,303.0,471.0,304.0,288.0,8.0,147.0,-168.0,312.0,25993.0,11.7,18.2,11.7,0.3,-6.5,12.0,3.0,,,,,,,
"mcnairy county, tn",,,,,,,,,,,,,,,,,8383.0,7997.0,76.2,49706.0,386.0,4.6,
mcpherson county,324.0,440.0,13.0,1925.0,12.0,-101.0,-116.0,25.0,30063.0,10.8,14.6,0.4,0.4,-3.9,0.8,-10.0,,,,,,,
"mcpherson county, ks",,,,,,,,,,,,,,,,,17407.0,17078.0,107.2,73766.0,329.0,1.9,
"mcpherson county, ne",,,,,,,,,,,,,,,,,434.0,427.0,75.6,52774.0,7.0,1.6,
"mcpherson county, sd",,,,,,,,,,,,,,,,,979.0,953.0,74.9,52850.0,26.0,2.7,
meade county,49.0,60.0,-84.0,70.0,8.0,-84.0,-11.0,-76.0,3913.0,12.4,15.2,-21.2,2.0,-2.8,-19.2,3.0,,,,,,,
"meade county, ks",,,,,,,,,,,,,,,,,2123.0,2083.0,98.9,68038.0,40.0,1.9,
"meade county, ky",,,,,,,,,,,,,,,,,11561.0,11034.0,117.5,69632.0,527.0,4.6,
"meade county, sd",,,,,,,,,,,,,,,,,14435.0,14142.0,100.7,71106.0,293.0,2.0,
meagher county,22.0,19.0,62.0,14.0,0.0,68.0,3.0,62.0,2026.0,11.0,9.5,31.1,0.0,1.5,31.1,3.0,,,,,,,
"meagher county, mt",,,,,,,,,,,,,,,,,1000.0,977.0,79.1,53724.0,23.0,2.3,
mecklenburg county,15115.0,7884.0,2717.0,17186.0,8170.0,17792.0,7231.0,10887.0,1144075.0,13.3,6.9,2.4,7.2,6.4,9.6,-326.0,,,,,,,
"mecklenburg county, nc",,,,,,,,,,,,,,,,,652325.0,629232.0,119.4,80645.0,23093.0,3.5,
"mecklenburg county, va",,,,,,,,,,,,,,,,,12966.0,12516.0,60.7,52092.0,450.0,3.5,
mecosta county,425.0,481.0,755.0,1005.0,8.0,734.0,-56.0,763.0,40782.0,10.5,11.9,18.7,0.2,-1.4,18.9,27.0,,,,,,,
"mecosta county, mi",,,,,,,,,,,,,,,,,18177.0,17190.0,83.8,56096.0,987.0,5.4,
medina county,1670.0,2031.0,455.0,1713.0,101.0,95.0,-361.0,556.0,183489.0,9.1,11.1,2.5,0.6,-2.0,3.0,-100.0,,,,,,,
"medina county, oh",,,,,,,,,,,,,,,,,97765.0,93925.0,135.5,89108.0,3840.0,3.9,
"medina county, tx",,,,,,,,,,,,,,,,,22675.0,21800.0,97.3,70313.0,875.0,3.9,
meeker county,258.0,252.0,130.0,428.0,4.0,123.0,6.0,134.0,23526.0,11.0,10.7,5.5,0.2,0.3,5.7,-17.0,,,,,,,
"meeker county, mn",,,,,,,,,,,,,,,,,13604.0,13225.0,92.9,76506.0,379.0,2.8,
meigs county,215.0,388.0,46.0,178.0,19.0,-117.0,-173.0,65.0,21961.0,9.8,17.6,2.1,0.9,-7.9,3.0,-9.0,,,,,,,
"meigs county, oh",,,,,,,,,,,,,,,,,8558.0,8056.0,70.5,46393.0,502.0,5.9,
"meigs county, tn",,,,,,,,,,,,,,,,,5180.0,4953.0,83.2,54257.0,227.0,4.4,
mellette county,29.0,34.0,-19.0,43.0,0.0,-25.0,-5.0,-19.0,1873.0,15.4,18.0,-10.1,0.0,-2.7,-10.1,-1.0,,,,,,,
"mellette county, sd",,,,,,,,,,,,,,,,,747.0,725.0,63.3,44702.0,22.0,2.9,
menard county,112.0,160.0,-43.0,95.0,2.0,-95.0,-48.0,-41.0,12072.0,9.2,13.2,-3.5,0.2,-4.0,-3.4,-6.0,,,,,,,
"menard county, il",,,,,,,,,,,,,,,,,6216.0,5983.0,101.8,78115.0,233.0,3.7,
"menard county, tx",,,,,,,,,,,,,,,,,859.0,827.0,61.1,44145.0,32.0,3.7,
mendocino county,907.0,1047.0,-1258.0,1478.0,69.0,-1314.0,-140.0,-1189.0,90007.0,10.0,11.5,-13.9,0.8,-1.5,-13.1,15.0,,,,,,,
"mendocino county, ca",,,,,,,,,,,,,,,,,36991.0,35444.0,69.5,63621.0,1547.0,4.2,
menifee county,72.0,108.0,85.0,56.0,-1.0,51.0,-36.0,84.0,6236.0,11.6,17.4,13.7,-0.2,-5.8,13.5,3.0,,,,,,,
"menifee county, ky",,,,,,,,,,,,,,,,,2365.0,2226.0,73.0,43226.0,139.0,5.9,
menominee county,152.0,334.0,97.0,359.0,3.0,-92.0,-182.0,100.0,23225.0,6.5,14.4,4.2,0.1,-7.8,4.3,-10.0,,,,,,,
"menominee county, mi",,,,,,,,,,,,,,,,,10702.0,10257.0,75.6,50564.0,445.0,4.2,
"menominee county, wi",,,,,,,,,,,,,,,,,1509.0,1427.0,72.7,51623.0,82.0,5.4,
merced county,3897.0,2254.0,3446.0,5333.0,383.0,5600.0,1643.0,3829.0,290210.0,13.6,7.8,12.0,1.3,5.7,13.3,128.0,,,,,,,
"merced county, ca",,,,,,,,,,,,,,,,,115390.0,106429.0,71.3,65253.0,8961.0,7.8,
mercer county,137.0,217.0,42.0,134.0,0.0,-47.0,-80.0,42.0,15533.0,8.8,13.9,2.7,0.0,-5.1,2.7,-9.0,,,,,,,
"mercer county, il",,,,,,,,,,,,,,,,,7517.0,7193.0,91.8,70430.0,324.0,4.3,
"mercer county, ky",,,,,,,,,,,,,,,,,10028.0,9644.0,110.2,65292.0,384.0,3.8,
"mercer county, mo",,,,,,,,,,,,,,,,,1677.0,1634.0,76.7,49715.0,43.0,2.6,
"mercer county, nd",,,,,,,,,,,,,,,,,3632.0,3519.0,123.0,90092.0,113.0,3.1,
"mercer county, nj",,,,,,,,,,,,,,,,,215471.0,208265.0,98.4,94832.0,7206.0,3.3,
"mercer county, oh",,,,,,,,,,,,,,,,,22723.0,22110.0,109.6,72077.0,613.0,2.7,
"mercer county, pa",,,,,,,,,,,,,,,,,47745.0,45520.0,80.4,57702.0,2225.0,4.7,
"mercer county, wv",,,,,,,,,,,,,,,,,20334.0,19424.0,81.2,43917.0,910.0,4.5,
meriwether county,259.0,364.0,263.0,64.0,0.0,165.0,-105.0,263.0,20890.0,12.4,17.5,12.6,0.0,-5.0,12.6,7.0,,,,,,,
"meriwether county, ga",,,,,,,,,,,,,,,,,8969.0,8616.0,72.9,53019.0,353.0,3.9,
merrick county,86.0,99.0,59.0,157.0,6.0,48.0,-13.0,65.0,7715.0,11.2,12.9,7.7,0.8,-1.7,8.5,-4.0,,,,,,,
"merrick county, ne",,,,,,,,,,,,,,,,,4195.0,4119.0,98.5,68754.0,76.0,1.8,
merrimack county,1338.0,1636.0,1834.0,7638.0,288.0,1837.0,-298.0,2122.0,156459.0,8.6,10.5,11.8,1.9,-1.9,13.6,13.0,,,,,,,
"merrimack county, nh",,,,,,,,,,,,,,,,,82076.0,80383.0,93.6,84898.0,1693.0,2.1,
mesa county,1445.0,2004.0,1561.0,4132.0,55.0,1092.0,-559.0,1616.0,158531.0,9.1,12.7,9.9,0.3,-3.5,10.2,35.0,,,,,,,
"mesa county, co",,,,,,,,,,,,,,,,,76276.0,73644.0,78.1,69578.0,2632.0,3.5,
metcalfe county,116.0,164.0,71.0,85.0,-3.0,17.0,-48.0,68.0,10408.0,11.2,15.8,6.8,-0.3,-4.6,6.5,-3.0,,,,,,,
"metcalfe county, ky",,,,,,,,,,,,,,,,,3898.0,3718.0,75.9,44973.0,180.0,4.6,
miami county,351.0,531.0,-282.0,3363.0,6.0,-453.0,-180.0,-276.0,35546.0,9.8,14.8,-7.9,0.2,-5.0,-7.7,3.0,,,,,,,
"miami county, in",,,,,,,,,,,,,,,,,14358.0,13762.0,91.1,60835.0,596.0,4.2,
"miami county, ks",,,,,,,,,,,,,,,,,18029.0,17574.0,120.0,82606.0,455.0,2.5,
"miami county, oh",,,,,,,,,,,,,,,,,53145.0,51250.0,110.8,72887.0,1895.0,3.6,
miami-dade county,29159.0,25316.0,-38132.0,42167.0,37480.0,3308.0,3843.0,-652.0,2673056.0,10.9,9.5,-14.3,14.0,1.4,-0.2,117.0,,,,,,,
"miami-dade county, fl",,,,,,,,,,,,,,,,,1356496.0,1320709.0,96.6,66952.0,35787.0,2.6,
middlesex county,16191.0,12347.0,-18198.0,55960.0,13795.0,-468.0,3844.0,-4403.0,1616794.0,10.0,7.6,-11.3,8.5,2.4,-2.7,91.0,,,,,,,
"middlesex county, ct",,,,,,,,,,,,,,,,,93975.0,90628.0,,,3347.0,3.6,
"middlesex county, ma",,,,,,,,,,,,,,,,,910849.0,883631.0,125.3,118494.0,27218.0,3.0,
"middlesex county, nj",,,,,,,,,,,,,,,,,462334.0,446142.0,105.9,102073.0,16192.0,3.5,
"middlesex county, va",,,,,,,,,,,,,,,,,5250.0,5107.0,80.2,68881.0,143.0,2.7,
midland county,863.0,944.0,357.0,1098.0,59.0,283.0,-81.0,416.0,83762.0,10.3,11.3,4.3,0.7,-1.0,5.0,-52.0,,,,,,,
"midland county, mi",,,,,,,,,,,,,,,,,40151.0,38455.0,115.9,77595.0,1696.0,4.2,
"midland county, tx",,,,,,,,,,,,,,,,,106186.0,103044.0,112.3,81187.0,3142.0,3.0,
mifflin county,543.0,663.0,-45.0,635.0,7.0,-187.0,-120.0,-38.0,45984.0,11.8,14.4,-1.0,0.2,-2.6,-0.8,-29.0,,,,,,,
"mifflin county, pa",,,,,,,,,,,,,,,,,20994.0,20061.0,79.5,57096.0,933.0,4.4,
milam county,294.0,415.0,508.0,409.0,6.0,410.0,-121.0,514.0,25622.0,11.6,16.3,20.0,0.2,-4.8,20.2,17.0,,,,,,,
"milam county, tx",,,,,,,,,,,,,,,,,10394.0,9950.0,75.6,54667.0,444.0,4.3,
millard county,182.0,145.0,116.0,125.0,2.0,151.0,37.0,118.0,13343.0,13.7,10.9,8.7,0.2,2.8,8.9,-4.0,,,,,,,
"millard county, ut",,,,,,,,,,,,,,,,,6256.0,6111.0,76.0,67318.0,145.0,2.3,
mille lacs county,291.0,388.0,466.0,420.0,0.0,382.0,-97.0,466.0,27295.0,10.7,14.3,17.2,0.0,-3.6,17.2,13.0,,,,,,,
"mille lacs county, mn",,,,,,,,,,,,,,,,,12620.0,12078.0,79.3,65294.0,542.0,4.3,
miller county,621.0,641.0,174.0,1467.0,-29.0,114.0,-20.0,145.0,42608.0,14.6,15.1,4.1,-0.7,-0.5,3.4,-11.0,,,,,,,
"miller county, ar",,,,,,,,,,,,,,,,,18528.0,17824.0,87.7,48652.0,704.0,3.8,
"miller county, ga",,,,,,,,,,,,,,,,,2854.0,2776.0,62.1,45201.0,78.0,2.7,
"miller county, mo",,,,,,,,,,,,,,,,,12641.0,12309.0,95.3,61711.0,332.0,2.6,
mills county,133.0,171.0,102.0,288.0,11.0,68.0,-38.0,113.0,14535.0,9.2,11.8,7.0,0.8,-2.6,7.8,-7.0,,,,,,,
"mills county, ia",,,,,,,,,,,,,,,,,7091.0,6922.0,108.8,75835.0,169.0,2.4,
"mills county, tx",,,,,,,,,,,,,,,,,1905.0,1823.0,80.3,58068.0,82.0,4.3,
milwaukee county,11703.0,9975.0,-10100.0,19141.0,2418.0,-6198.0,1728.0,-7682.0,918078.0,12.7,10.8,-11.0,2.6,1.9,-8.3,-244.0,,,,,,,
"milwaukee county, wi",,,,,,,,,,,,,,,,,461542.0,444682.0,82.2,58375.0,16860.0,3.7,
miner county,26.0,37.0,-13.0,65.0,0.0,-26.0,-11.0,-13.0,2285.0,11.3,16.1,-5.7,0.0,-4.8,-5.7,-2.0,,,,,,,
"miner county, sd",,,,,,,,,,,,,,,,,1224.0,1202.0,90.8,64099.0,22.0,1.8,
mineral county,9.0,10.0,3.0,0.0,0.0,2.0,-1.0,3.0,931.0,9.7,10.8,3.2,0.0,-1.1,3.2,0.0,,,,,,,
"mineral county, co",,,,,,,,,,,,,,,,,454.0,441.0,78.3,69794.0,13.0,2.9,
"mineral county, mt",,,,,,,,,,,,,,,,,1848.0,1751.0,82.4,55979.0,97.0,5.2,
"mineral county, nv",,,,,,,,,,,,,,,,,1667.0,1589.0,77.0,55704.0,78.0,4.7,
"mineral county, wv",,,,,,,,,,,,,,,,,12326.0,11858.0,110.3,59669.0,468.0,3.8,
mingo county,243.0,509.0,-346.0,92.0,-3.0,-607.0,-266.0,-349.0,22445.0,10.7,22.4,-15.2,-0.1,-11.7,-15.3,8.0,,,,,,,
"mingo county, wv",,,,,,,,,,,,,,,,,6429.0,6075.0,66.1,35761.0,354.0,5.5,
minidoka county,306.0,235.0,165.0,77.0,35.0,264.0,71.0,200.0,22208.0,13.9,10.6,7.5,1.6,3.2,9.1,-7.0,,,,,,,
"minidoka county, id",,,,,,,,,,,,,,,,,11749.0,11436.0,83.8,60834.0,313.0,2.7,
minnehaha county,2812.0,1730.0,1669.0,5211.0,1128.0,3941.0,1082.0,2797.0,203845.0,13.9,8.6,8.3,5.6,5.4,13.9,62.0,,,,,,,
"minnehaha county, sd",,,,,,,,,,,,,,,,,116619.0,114506.0,107.1,75623.0,2113.0,1.8,
missaukee county,165.0,207.0,98.0,167.0,8.0,59.0,-42.0,106.0,15232.0,10.9,13.6,6.4,0.5,-2.8,7.0,-5.0,,,,,,,
"missaukee county, mi",,,,,,,,,,,,,,,,,6840.0,6504.0,88.5,59230.0,336.0,4.9,
mississippi county,530.0,610.0,-617.0,797.0,16.0,-671.0,-80.0,-601.0,38863.0,13.5,15.6,-15.7,0.4,-2.0,-15.3,10.0,,,,,,,
"mississippi county, ar",,,,,,,,,,,,,,,,,16167.0,15340.0,81.4,45168.0,827.0,5.1,
"mississippi county, mo",,,,,,,,,,,,,,,,,5112.0,4943.0,65.4,42364.0,169.0,3.3,
missoula county,1112.0,1104.0,950.0,3129.0,187.0,1170.0,8.0,1137.0,121011.0,9.2,9.2,7.9,1.6,0.1,9.4,25.0,,,,,,,
"missoula county, mt",,,,,,,,,,,,,,,,,67346.0,65553.0,100.4,68210.0,1793.0,2.7,
mitchell county,234.0,298.0,-53.0,1404.0,-3.0,-126.0,-64.0,-56.0,21192.0,11.0,14.0,-2.5,-0.1,-3.0,-2.6,-6.0,,,,,,,
"mitchell county, ga",,,,,,,,,,,,,,,,,8231.0,7894.0,62.3,45296.0,337.0,4.1,
"mitchell county, ia",,,,,,,,,,,,,,,,,5858.0,5733.0,93.4,65132.0,125.0,2.1,
"mitchell county, ks",,,,,,,,,,,,,,,,,3358.0,3293.0,92.9,63929.0,65.0,1.9,
"mitchell county, nc",,,,,,,,,,,,,,,,,6009.0,5756.0,79.3,53555.0,253.0,4.2,
"mitchell county, tx",,,,,,,,,,,,,,,,,2311.0,2208.0,66.9,48378.0,103.0,4.5,
mobile county,5053.0,5613.0,-1528.0,7686.0,285.0,-1985.0,-560.0,-1243.0,411398.0,12.3,13.6,-3.7,0.7,-1.4,-3.0,-182.0,,,,,,,
"mobile county, al",,,,,,,,,,,,,,,,,189712.0,183641.0,91.0,54315.0,6071.0,3.2,
moca municipio,,,,,,,,,37253.0,,,,,,,,,,,,,,
"moca municipio, pr",,,,,,,,,,,,,,,,,11844.0,10859.0,,,985.0,8.3,
modoc county,71.0,103.0,6.0,173.0,10.0,-22.0,-32.0,16.0,8619.0,8.2,11.9,0.7,1.2,-3.7,1.9,-6.0,,,,,,,
"modoc county, ca",,,,,,,,,,,,,,,,,3176.0,3000.0,55.9,51166.0,176.0,5.5,
moffat county,132.0,137.0,53.0,113.0,-2.0,40.0,-5.0,51.0,13205.0,10.0,10.4,4.0,-0.2,-0.4,3.9,-6.0,,,,,,,
"moffat county, co",,,,,,,,,,,,,,,,,6802.0,6584.0,77.5,69088.0,218.0,3.2,
mohave county,1802.0,4460.0,5991.0,4209.0,90.0,3741.0,-2658.0,6081.0,220905.0,8.2,20.4,27.4,0.4,-12.1,27.8,318.0,,,,,,,
"mohave county, az",,,,,,,,,,,,,,,,,89078.0,85048.0,73.8,54842.0,4030.0,4.5,
moniteau county,201.0,185.0,-70.0,652.0,4.0,-50.0,16.0,-66.0,15260.0,13.2,12.1,-4.6,0.3,1.0,-4.3,0.0,,,,,,,
"moniteau county, mo",,,,,,,,,,,,,,,,,7011.0,6846.0,99.6,64519.0,165.0,2.4,
monmouth county,6291.0,6283.0,-2871.0,6880.0,668.0,-2289.0,8.0,-2203.0,644228.0,9.7,9.7,-4.4,1.0,0.0,-3.4,-94.0,,,,,,,
"monmouth county, nj",,,,,,,,,,,,,,,,,347680.0,335679.0,122.2,117699.0,12001.0,3.5,
mono county,129.0,51.0,-422.0,300.0,66.0,-269.0,78.0,-356.0,13002.0,9.8,3.9,-32.1,5.0,5.9,-27.1,9.0,,,,,,,
"mono county, ca",,,,,,,,,,,,,,,,,8611.0,8284.0,86.4,79105.0,327.0,3.8,
monona county,93.0,159.0,-28.0,152.0,3.0,-92.0,-66.0,-25.0,8506.0,10.9,18.6,-3.3,0.4,-7.7,-2.9,-1.0,,,,,,,
"monona county, ia",,,,,,,,,,,,,,,,,4432.0,4302.0,86.4,60237.0,130.0,2.9,
monongalia county,983.0,857.0,-236.0,8166.0,642.0,457.0,126.0,406.0,106978.0,9.2,8.0,-2.2,6.0,1.2,3.8,-75.0,,,,,,,
"monongalia county, wv",,,,,,,,,,,,,,,,,55032.0,53152.0,109.2,59094.0,1880.0,3.4,
monroe county,233.0,341.0,-21.0,193.0,1.0,-138.0,-108.0,-20.0,19412.0,12.0,17.5,-1.1,0.1,-5.5,-1.0,-10.0,,,,,,,
"monroe county, al",,,,,,,,,,,,,,,,,7267.0,6976.0,79.6,47498.0,291.0,4.0,
"monroe county, ar",,,,,,,,,,,,,,,,,2520.0,2411.0,59.6,33090.0,109.0,4.3,
"monroe county, fl",,,,,,,,,,,,,,,,,48583.0,47641.0,114.7,79459.0,942.0,1.9,
"monroe county, ga",,,,,,,,,,,,,,,,,12721.0,12350.0,105.1,76428.0,371.0,2.9,
"monroe county, ia",,,,,,,,,,,,,,,,,4067.0,3951.0,94.9,66176.0,116.0,2.9,
"monroe county, il",,,,,,,,,,,,,,,,,18614.0,18066.0,130.9,100487.0,548.0,2.9,
"monroe county, in",,,,,,,,,,,,,,,,,70162.0,68140.0,96.3,64299.0,2022.0,2.9,
"monroe county, ky",,,,,,,,,,,,,,,,,4572.0,4416.0,77.4,45872.0,156.0,3.4,
"monroe county, mi",,,,,,,,,,,,,,,,,75015.0,71499.0,107.8,72166.0,3516.0,4.7,
"monroe county, mo",,,,,,,,,,,,,,,,,3707.0,3604.0,77.6,50276.0,103.0,2.8,
"monroe county, ms",,,,,,,,,,,,,,,,,15487.0,14884.0,98.0,51754.0,603.0,3.9,
"monroe county, ny",,,,,,,,,,,,,,,,,363686.0,350887.0,85.8,68169.0,12799.0,3.5,
"monroe county, oh",,,,,,,,,,,,,,,,,5125.0,4798.0,85.7,56384.0,327.0,6.4,
"monroe county, pa",,,,,,,,,,,,,,,,,82054.0,77663.0,111.2,79824.0,4391.0,5.4,
"monroe county, tn",,,,,,,,,,,,,,,,,20975.0,20248.0,85.9,56047.0,727.0,3.5,
"monroe county, wi",,,,,,,,,,,,,,,,,23373.0,22754.0,91.8,65232.0,619.0,2.6,
"monroe county, wv",,,,,,,,,,,,,,,,,6086.0,5878.0,98.3,53154.0,208.0,3.4,
montague county,204.0,373.0,762.0,220.0,7.0,642.0,-169.0,769.0,21079.0,9.8,18.0,36.7,0.3,-8.1,37.0,42.0,,,,,,,
"montague county, tx",,,,,,,,,,,,,,,,,9294.0,8956.0,79.0,57076.0,338.0,3.6,
montcalm county,682.0,822.0,-6.0,5163.0,68.0,-111.0,-140.0,62.0,67209.0,10.1,12.2,-0.1,1.0,-2.1,0.9,-33.0,,,,,,,
"montcalm county, mi",,,,,,,,,,,,,,,,,27971.0,26742.0,92.0,61590.0,1229.0,4.4,
monterey county,5584.0,2982.0,-7930.0,16577.0,816.0,-4274.0,2602.0,-7114.0,432884.0,12.8,6.9,-18.2,1.9,6.0,-16.4,238.0,,,,,,,
"monterey county, ca",,,,,,,,,,,,,,,,,217156.0,203927.0,99.9,91450.0,13229.0,6.1,
montezuma county,243.0,379.0,313.0,259.0,51.0,233.0,-136.0,364.0,26467.0,9.2,14.4,11.9,1.9,-5.2,13.8,5.0,,,,,,,
"montezuma county, co",,,,,,,,,,,,,,,,,12213.0,11746.0,65.5,58345.0,467.0,3.8,
montgomery county,2997.0,2682.0,-1226.0,8546.0,358.0,-634.0,315.0,-868.0,226301.0,13.2,11.8,-5.4,1.6,1.4,-3.8,-81.0,,,,,,,
"montgomery county, al",,,,,,,,,,,,,,,,,106639.0,103432.0,95.2,56862.0,3207.0,3.0,
"montgomery county, ar",,,,,,,,,,,,,,,,,2846.0,2714.0,83.0,46069.0,132.0,4.6,
"montgomery county, ga",,,,,,,,,,,,,,,,,3820.0,3668.0,66.5,48356.0,152.0,4.0,
"montgomery county, ia",,,,,,,,,,,,,,,,,4995.0,4869.0,84.5,58895.0,126.0,2.5,
"montgomery county, il",,,,,,,,,,,,,,,,,11262.0,10731.0,73.5,56381.0,531.0,4.7,
"montgomery county, in",,,,,,,,,,,,,,,,,18819.0,18338.0,99.3,66283.0,481.0,2.6,
"montgomery county, ks",,,,,,,,,,,,,,,,,14585.0,14141.0,79.8,54955.0,444.0,3.0,
"montgomery county, ky",,,,,,,,,,,,,,,,,11852.0,11301.0,94.4,55924.0,551.0,4.6,
"montgomery county, md",,,,,,,,,,,,,,,,,542899.0,528308.0,124.3,118020.0,14591.0,2.7,
"montgomery county, mo",,,,,,,,,,,,,,,,,5761.0,5616.0,87.3,56538.0,145.0,2.5,
"montgomery county, ms",,,,,,,,,,,,,,,,,3893.0,3731.0,79.9,42195.0,162.0,4.2,
"montgomery county, nc",,,,,,,,,,,,,,,,,11238.0,10817.0,81.9,55313.0,421.0,3.7,
"montgomery county, ny",,,,,,,,,,,,,,,,,22175.0,21259.0,73.2,58176.0,916.0,4.1,
"montgomery county, oh",,,,,,,,,,,,,,,,,244612.0,234562.0,95.5,62794.0,10050.0,4.1,
"montgomery county, pa",,,,,,,,,,,,,,,,,466300.0,451148.0,148.7,106743.0,15152.0,3.2,
"montgomery county, tn",,,,,,,,,,,,,,,,,88330.0,85037.0,103.4,67478.0,3293.0,3.7,
"montgomery county, tx",,,,,,,,,,,,,,,,,302110.0,290130.0,131.8,95241.0,11980.0,4.0,
"montgomery county, va",,,,,,,,,,,,,,,,,51821.0,50440.0,81.2,69668.0,1381.0,2.7,
montmorency county,75.0,201.0,353.0,48.0,1.0,255.0,-126.0,354.0,9557.0,8.0,21.3,37.4,0.1,-13.4,37.5,27.0,,,,,,,
"montmorency county, mi",,,,,,,,,,,,,,,,,3021.0,2780.0,75.7,50680.0,241.0,8.0,
montour county,182.0,250.0,4.0,674.0,40.0,-35.0,-68.0,44.0,18054.0,10.1,13.8,0.2,2.2,-3.8,2.4,-11.0,,,,,,,
"montour county, pa",,,,,,,,,,,,,,,,,9216.0,8921.0,106.2,76229.0,295.0,3.2,
montrose county,397.0,597.0,682.0,686.0,68.0,571.0,-200.0,750.0,43807.0,9.1,13.7,15.7,1.6,-4.6,17.2,21.0,,,,,,,
"montrose county, co",,,,,,,,,,,,,,,,,21117.0,20399.0,73.8,65736.0,718.0,3.4,
moody county,94.0,69.0,21.0,79.0,34.0,77.0,25.0,55.0,6382.0,14.8,10.9,3.3,5.4,3.9,8.7,-3.0,,,,,,,
"moody county, sd",,,,,,,,,,,,,,,,,4018.0,3931.0,100.0,70603.0,87.0,2.2,
moore county,1203.0,1456.0,2514.0,950.0,82.0,2447.0,-253.0,2596.0,105491.0,11.5,14.0,24.1,0.8,-2.4,24.9,104.0,,,,,,,
"moore county, nc",,,,,,,,,,,,,,,,,42080.0,40521.0,125.1,84458.0,1559.0,3.7,
"moore county, tn",,,,,,,,,,,,,,,,,3686.0,3595.0,104.4,68086.0,91.0,2.5,
"moore county, tx",,,,,,,,,,,,,,,,,11313.0,11012.0,92.1,66583.0,301.0,2.7,
mora county,28.0,57.0,-12.0,2.0,0.0,-42.0,-29.0,-12.0,4147.0,6.7,13.7,-2.9,0.0,-7.0,-2.9,-1.0,,,,,,,
"mora county, nm",,,,,,,,,,,,,,,,,1937.0,1829.0,75.5,45155.0,108.0,5.6,
morehouse parish,271.0,506.0,-375.0,1159.0,3.0,-607.0,-235.0,-372.0,24414.0,11.0,20.5,-15.2,0.1,-9.5,-15.1,0.0,,,,,,,
"morehouse parish, la",,,,,,,,,,,,,,,,,9804.0,9288.0,71.2,39493.0,516.0,5.3,
morgan county,1437.0,1689.0,1043.0,2139.0,79.0,856.0,-252.0,1122.0,124231.0,11.6,13.6,8.4,0.6,-2.0,9.1,-14.0,,,,,,,
"morgan county, al",,,,,,,,,,,,,,,,,60647.0,59410.0,104.3,62260.0,1237.0,2.0,
"morgan county, co",,,,,,,,,,,,,,,,,15366.0,14864.0,73.6,65599.0,502.0,3.3,
"morgan county, ga",,,,,,,,,,,,,,,,,9673.0,9404.0,102.2,74340.0,269.0,2.8,
"morgan county, il",,,,,,,,,,,,,,,,,15623.0,14970.0,84.5,64842.0,653.0,4.2,
"morgan county, in",,,,,,,,,,,,,,,,,37147.0,36091.0,113.1,75542.0,1056.0,2.8,
"morgan county, ky",,,,,,,,,,,,,,,,,4165.0,3942.0,70.7,41863.0,223.0,5.4,
"morgan county, mo",,,,,,,,,,,,,,,,,8255.0,8001.0,79.8,51700.0,254.0,3.1,
"morgan county, oh",,,,,,,,,,,,,,,,,6761.0,6401.0,89.4,58803.0,360.0,5.3,
"morgan county, tn",,,,,,,,,,,,,,,,,7869.0,7568.0,91.9,59967.0,301.0,3.8,
"morgan county, ut",,,,,,,,,,,,,,,,,5943.0,5822.0,135.0,119482.0,121.0,2.0,
"morgan county, wv",,,,,,,,,,,,,,,,,8441.0,8202.0,103.8,56162.0,239.0,2.8,
morovis municipio,,,,,,,,,28266.0,,,,,,,,,,,,,,
"morovis municipio, pr",,,,,,,,,,,,,,,,,8763.0,8143.0,,,620.0,7.1,
morrill county,59.0,74.0,-40.0,89.0,6.0,-47.0,-15.0,-34.0,4522.0,13.0,16.3,-8.8,1.3,-3.3,-7.5,2.0,,,,,,,
"morrill county, ne",,,,,,,,,,,,,,,,,2660.0,2608.0,84.3,58889.0,52.0,2.0,
morris county,53.0,77.0,36.0,76.0,4.0,14.0,-24.0,40.0,5400.0,9.8,14.3,6.7,0.7,-4.5,7.4,-2.0,,,,,,,
"morris county, ks",,,,,,,,,,,,,,,,,3007.0,2938.0,88.3,60741.0,69.0,2.3,
"morris county, nj",,,,,,,,,,,,,,,,,268634.0,260117.0,136.6,131562.0,8517.0,3.2,
"morris county, tx",,,,,,,,,,,,,,,,,4491.0,4206.0,69.0,49847.0,285.0,6.3,
morrison county,345.0,432.0,253.0,521.0,6.0,158.0,-87.0,259.0,34237.0,10.1,12.6,7.4,0.2,-2.5,7.6,-14.0,,,,,,,
"morrison county, mn",,,,,,,,,,,,,,,,,17239.0,16515.0,78.4,64588.0,724.0,4.2,
morrow county,378.0,416.0,186.0,290.0,1.0,131.0,-38.0,187.0,35336.0,10.7,11.8,5.3,0.0,-1.1,5.3,-18.0,,,,,,,
"morrow county, oh",,,,,,,,,,,,,,,,,16968.0,16305.0,109.2,71835.0,663.0,3.9,
"morrow county, or",,,,,,,,,,,,,,,,,5984.0,5753.0,89.3,67524.0,231.0,3.9,
morton county,30.0,43.0,-72.0,54.0,12.0,-70.0,-13.0,-60.0,2601.0,11.4,16.3,-27.3,4.6,-4.9,-22.8,3.0,,,,,,,
"morton county, ks",,,,,,,,,,,,,,,,,1130.0,1101.0,91.4,62896.0,29.0,2.6,
"morton county, nd",,,,,,,,,,,,,,,,,17156.0,16750.0,102.6,75133.0,406.0,2.4,
motley county,13.0,31.0,-20.0,0.0,0.0,-37.0,-18.0,-20.0,1034.0,12.4,29.5,-19.0,0.0,-17.1,-19.0,1.0,,,,,,,
"motley county, tx",,,,,,,,,,,,,,,,,508.0,487.0,64.1,46320.0,21.0,4.1,
moultrie county,166.0,213.0,-147.0,402.0,5.0,-186.0,-47.0,-142.0,14375.0,11.5,14.7,-10.2,0.3,-3.2,-9.8,3.0,,,,,,,
"moultrie county, il",,,,,,,,,,,,,,,,,7316.0,7069.0,98.4,75505.0,247.0,3.4,
mountrail county,152.0,100.0,-395.0,66.0,6.0,-321.0,52.0,-389.0,9241.0,16.2,10.6,-42.0,0.6,5.5,-41.4,16.0,,,,,,,
"mountrail county, nd",,,,,,,,,,,,,,,,,6438.0,6344.0,101.2,74094.0,94.0,1.5,
mower county,496.0,466.0,-394.0,674.0,192.0,-169.0,30.0,-202.0,40050.0,12.4,11.6,-9.8,4.8,0.7,-5.0,3.0,,,,,,,
"mower county, mn",,,,,,,,,,,,,,,,,20724.0,20222.0,83.5,68718.0,502.0,2.4,
muhlenberg county,327.0,490.0,501.0,1754.0,2.0,373.0,-163.0,503.0,30696.0,10.7,16.1,16.4,0.1,-5.3,16.5,33.0,,,,,,,
"muhlenberg county, ky",,,,,,,,,,,,,,,,,9784.0,9211.0,81.3,48190.0,573.0,5.9,
multnomah county,7548.0,7206.0,-12995.0,22226.0,1931.0,-10756.0,342.0,-11064.0,794563.0,9.4,9.0,-16.2,2.4,0.4,-13.8,-34.0,,,,,,,
"multnomah county, or",,,,,,,,,,,,,,,,,465107.0,447900.0,105.0,79432.0,17207.0,3.7,
murray county,471.0,547.0,520.0,245.0,-6.0,435.0,-76.0,514.0,40410.0,11.7,13.6,12.9,-0.1,-1.9,12.8,-3.0,,,,,,,
"murray county, ga",,,,,,,,,,,,,,,,,15366.0,14735.0,85.4,62109.0,631.0,4.1,
"murray county, mn",,,,,,,,,,,,,,,,,4642.0,4493.0,83.4,68665.0,149.0,3.2,
"murray county, ok",,,,,,,,,,,,,,,,,6179.0,5989.0,101.1,60307.0,190.0,3.1,
muscatine county,464.0,491.0,-341.0,719.0,83.0,-279.0,-27.0,-258.0,42395.0,10.9,11.5,-8.0,2.0,-0.6,-6.1,6.0,,,,,,,
"muscatine county, ia",,,,,,,,,,,,,,,,,20985.0,20341.0,99.1,69096.0,644.0,3.1,
muscogee county,2653.0,2451.0,-3179.0,6192.0,312.0,-2628.0,202.0,-2867.0,202432.0,13.0,12.0,-15.6,1.5,1.0,-14.1,37.0,,,,,,,
"muscogee county, ga",,,,,,,,,,,,,,,,,74408.0,71202.0,73.9,53740.0,3206.0,4.3,
muskegon county,1869.0,2149.0,245.0,4759.0,95.0,-11.0,-280.0,340.0,175539.0,10.6,12.2,1.4,0.5,-1.6,1.9,-71.0,,,,,,,
"muskegon county, mi",,,,,,,,,,,,,,,,,77067.0,73242.0,87.1,58303.0,3825.0,5.0,
muskingum county,987.0,1180.0,-233.0,1657.0,3.0,-463.0,-193.0,-230.0,86114.0,11.4,13.7,-2.7,0.0,-2.2,-2.7,-40.0,,,,,,,
"muskingum county, oh",,,,,,,,,,,,,,,,,40536.0,38790.0,89.4,58791.0,1746.0,4.3,
muskogee county,840.0,1159.0,364.0,3641.0,28.0,40.0,-319.0,392.0,66307.0,12.7,17.5,5.5,0.4,-4.8,5.9,-33.0,,,,,,,
"muskogee county, ok",,,,,,,,,,,,,,,,,29120.0,28103.0,88.9,53035.0,1017.0,3.5,
musselshell county,39.0,92.0,303.0,47.0,-1.0,261.0,-53.0,302.0,5169.0,7.7,18.3,60.1,-0.2,-10.5,59.9,12.0,,,,,,,
"musselshell county, mt",,,,,,,,,,,,,,,,,2343.0,2274.0,81.4,55291.0,69.0,2.9,
nacogdoches county,875.0,791.0,129.0,4280.0,40.0,216.0,84.0,169.0,64994.0,13.5,12.2,2.0,0.6,1.3,2.6,-37.0,,,,,,,
"nacogdoches county, tx",,,,,,,,,,,,,,,,,28050.0,26833.0,71.5,51708.0,1217.0,4.3,
naguabo municipio,,,,,,,,,22959.0,,,,,,,,,,,,,,
"naguabo municipio, pr",,,,,,,,,,,,,,,,,8968.0,8426.0,,,542.0,6.0,
nance county,38.0,63.0,-32.0,102.0,0.0,-58.0,-25.0,-32.0,3317.0,11.4,18.8,-9.6,0.0,-7.5,-9.6,-1.0,,,,,,,
"nance county, ne",,,,,,,,,,,,,,,,,1960.0,1923.0,90.0,62863.0,37.0,1.9,
nantucket county,166.0,90.0,-182.0,58.0,46.0,-63.0,76.0,-136.0,14443.0,11.5,6.2,-12.6,3.2,5.3,-9.4,-3.0,,,,,,,
"nantucket county/town, ma",,,,,,,,,,,,,,,,,7916.0,7432.0,113.8,107613.0,484.0,6.1,
napa county,1185.0,1309.0,-2021.0,4950.0,205.0,-1895.0,-124.0,-1816.0,134370.0,8.8,9.7,-14.9,1.5,-0.9,-13.4,45.0,,,,,,,
"napa county, ca",,,,,,,,,,,,,,,,,70453.0,68149.0,107.7,98580.0,2304.0,3.3,
naranjito municipio,,,,,,,,,29185.0,,,,,,,,,,,,,,
"naranjito municipio, pr",,,,,,,,,,,,,,,,,7681.0,7139.0,,,542.0,7.1,
nash county,1081.0,1269.0,768.0,1517.0,58.0,616.0,-188.0,826.0,95820.0,11.3,13.3,8.0,0.6,-2.0,8.6,-22.0,,,,,,,
"nash county, nc",,,,,,,,,,,,,,,,,42205.0,40066.0,82.1,55406.0,2139.0,5.1,
nassau county,840.0,1224.0,3638.0,733.0,-3.0,3427.0,-384.0,3635.0,97826.0,8.7,12.7,37.9,0.0,-4.0,37.8,176.0,,,,,,,
"nassau county, fl",,,,,,,,,,,,,,,,,44353.0,43179.0,131.1,90808.0,1174.0,2.6,
"nassau county, ny",,,,,,,,,,,,,,,,,727435.0,706044.0,170.6,135528.0,21391.0,2.9,
natchitoches parish,437.0,537.0,-218.0,2111.0,3.0,-325.0,-100.0,-215.0,36648.0,11.9,14.6,-5.9,0.1,-2.7,-5.8,-10.0,,,,,,,
"natchitoches parish, la",,,,,,,,,,,,,,,,,16536.0,15888.0,76.1,42178.0,648.0,3.9,
natrona county,840.0,977.0,75.0,1266.0,-2.0,-112.0,-137.0,73.0,79523.0,10.6,12.3,0.9,0.0,-1.7,0.9,-48.0,,,,,,,
"natrona county, wy",,,,,,,,,,,,,,,,,38772.0,37247.0,98.4,70142.0,1525.0,3.9,
naugatuck valley planning region,4447.0,4503.0,196.0,6851.0,1428.0,1309.0,-56.0,1624.0,453590.0,9.8,9.9,0.4,3.2,-0.1,3.6,-259.0,,,,,,,
"naugatuck valley planning region, ct",,,,,,,,,,,,,,,,,,,92.7,81783.0,,,
navajo county,1236.0,1754.0,1520.0,1760.0,41.0,1074.0,-518.0,1561.0,108800.0,11.4,16.2,14.0,0.4,-4.8,14.4,31.0,,,,,,,
"navajo county, az",,,,,,,,,,,,,,,,,39515.0,37479.0,67.2,49948.0,2036.0,5.2,
navarro county,751.0,690.0,941.0,1251.0,26.0,1050.0,61.0,967.0,54687.0,13.9,12.7,17.4,0.5,1.1,17.9,22.0,,,,,,,
"navarro county, tx",,,,,,,,,,,,,,,,,23564.0,22637.0,70.3,50822.0,927.0,3.9,
nelson county,550.0,605.0,275.0,640.0,18.0,232.0,-55.0,293.0,47359.0,11.6,12.8,5.8,0.4,-1.2,6.2,-6.0,,,,,,,
"nelson county, ky",,,,,,,,,,,,,,,,,23469.0,22549.0,112.5,66681.0,920.0,3.9,
"nelson county, nd",,,,,,,,,,,,,,,,,1457.0,1416.0,81.9,59947.0,41.0,2.8,
"nelson county, va",,,,,,,,,,,,,,,,,7376.0,7178.0,77.6,66612.0,198.0,2.7,
nemaha county,129.0,129.0,-61.0,259.0,1.0,-62.0,0.0,-60.0,10164.0,12.7,12.7,-6.0,0.1,0.0,-5.9,-2.0,,,,,,,
"nemaha county, ks",,,,,,,,,,,,,,,,,5625.0,5523.0,105.7,72719.0,102.0,1.8,
"nemaha county, ne",,,,,,,,,,,,,,,,,3611.0,3532.0,88.7,61933.0,79.0,2.2,
neosho county,184.0,252.0,-146.0,441.0,11.0,-204.0,-68.0,-135.0,15583.0,11.7,16.1,-9.3,0.7,-4.3,-8.6,-1.0,,,,,,,
"neosho county, ks",,,,,,,,,,,,,,,,,6070.0,5855.0,71.7,49322.0,215.0,3.5,
neshoba county,435.0,463.0,-70.0,488.0,4.0,-104.0,-28.0,-66.0,28804.0,15.1,16.0,-2.4,0.1,-1.0,-2.3,-10.0,,,,,,,
"neshoba county, ms",,,,,,,,,,,,,,,,,9845.0,9424.0,95.3,50331.0,421.0,4.3,
ness county,33.0,53.0,19.0,82.0,7.0,6.0,-20.0,26.0,2657.0,12.4,20.0,7.2,2.6,-7.5,9.8,0.0,,,,,,,
"ness county, ks",,,,,,,,,,,,,,,,,1324.0,1296.0,89.4,61539.0,28.0,2.1,
nevada county,79.0,122.0,42.0,194.0,-2.0,-5.0,-43.0,40.0,8179.0,9.7,14.9,5.1,-0.2,-5.3,4.9,-2.0,,,,,,,
"nevada county, ar",,,,,,,,,,,,,,,,,3408.0,3278.0,80.4,44649.0,130.0,3.8,
"nevada county, ca",,,,,,,,,,,,,,,,,48062.0,46383.0,87.5,80069.0,1679.0,3.5,
new castle county,6240.0,5829.0,1531.0,15734.0,1613.0,3225.0,411.0,3144.0,575254.0,10.9,10.2,2.7,2.8,0.7,5.5,-330.0,,,,,,,
"new castle county, de",,,,,,,,,,,,,,,,,304425.0,291869.0,104.3,85427.0,12556.0,4.1,
new hanover county,2216.0,2468.0,5351.0,6830.0,316.0,5765.0,-252.0,5667.0,235784.0,9.5,10.6,23.0,1.4,-1.1,24.3,350.0,,,,,,,
"new hanover county, nc",,,,,,,,,,,,,,,,,129832.0,125541.0,105.2,70995.0,4291.0,3.3,
"new haven county, ct",,,,,,,,,,,,,,,,,468085.0,448259.0,,,19826.0,4.2,
new kent county,255.0,248.0,930.0,591.0,4.0,989.0,7.0,934.0,24952.0,10.4,10.1,38.0,0.2,0.3,38.2,48.0,,,,,,,
"new kent county, va",,,,,,,,,,,,,,,,,13231.0,12924.0,134.7,115627.0,307.0,2.3,
"new london county, ct",,,,,,,,,,,,,,,,,133574.0,128015.0,,,5559.0,4.2,
new madrid county,190.0,307.0,-211.0,275.0,-2.0,-325.0,-117.0,-213.0,15710.0,12.0,19.3,-13.3,-0.1,-7.4,-13.4,5.0,,,,,,,
"new madrid county, mo",,,,,,,,,,,,,,,,,8027.0,7779.0,74.3,48162.0,248.0,3.1,
new york county,13623.0,10926.0,2450.0,76828.0,11003.0,16488.0,2697.0,13453.0,1594543.0,8.6,6.9,1.5,6.9,1.7,8.5,338.0,,,,,,,
"new york county, ny",,,,,,,,,,,,,,,,,918234.0,875652.0,120.2,95514.0,42582.0,4.6,
newaygo county,496.0,655.0,441.0,713.0,43.0,315.0,-159.0,484.0,50728.0,9.8,13.0,8.7,0.9,-3.1,9.6,-10.0,,,,,,,
"newaygo county, mi",,,,,,,,,,,,,,,,,23277.0,22201.0,86.7,57992.0,1076.0,4.6,
newberry county,419.0,573.0,387.0,1458.0,112.0,347.0,-154.0,499.0,38315.0,11.0,15.0,10.1,2.9,-4.0,13.1,2.0,,,,,,,
"newberry county, sc",,,,,,,,,,,,,,,,,19190.0,18664.0,85.7,55050.0,526.0,2.7,
newport county,631.0,830.0,-733.0,4081.0,57.0,-887.0,-199.0,-676.0,84721.0,7.4,9.7,-8.6,0.7,-2.3,-7.9,-12.0,,,,,,,
"newport county, ri",,,,,,,,,,,,,,,,,45244.0,43986.0,114.7,92795.0,1258.0,2.8,
newport news city,2519.0,1949.0,-1763.0,8281.0,541.0,-711.0,570.0,-1222.0,183980.0,13.7,10.6,-9.6,2.9,3.1,-6.6,-59.0,,,,,,,
"newport news city, va",,,,,,,,,,,,,,,,,88557.0,85433.0,73.8,63350.0,3124.0,3.5,
newton county,67.0,132.0,0.0,65.0,0.0,-66.0,-65.0,0.0,7101.0,9.4,18.5,0.0,0.0,-9.1,0.0,-1.0,,,,,,,
"newton county, ar",,,,,,,,,,,,,,,,,3167.0,3075.0,86.5,47996.0,92.0,2.9,
"newton county, ga",,,,,,,,,,,,,,,,,54193.0,52281.0,99.2,72128.0,1912.0,3.5,
"newton county, in",,,,,,,,,,,,,,,,,6735.0,6487.0,100.1,66837.0,248.0,3.7,
"newton county, mo",,,,,,,,,,,,,,,,,26816.0,26144.0,88.6,57423.0,672.0,2.5,
"newton county, ms",,,,,,,,,,,,,,,,,7944.0,7611.0,89.6,47320.0,333.0,4.2,
"newton county, tx",,,,,,,,,,,,,,,,,4896.0,4558.0,66.1,47804.0,338.0,6.9,
nez perce county,395.0,648.0,650.0,1113.0,16.0,409.0,-253.0,666.0,42909.0,9.2,15.2,15.2,0.4,-5.9,15.6,-4.0,,,,,,,
"nez perce county, id",,,,,,,,,,,,,,,,,21501.0,20917.0,90.3,65558.0,584.0,2.7,
niagara county,1999.0,2887.0,-431.0,3850.0,169.0,-1252.0,-888.0,-262.0,210467.0,9.5,13.7,-2.0,0.8,-4.2,-1.2,-102.0,,,,,,,
"niagara county, ny",,,,,,,,,,,,,,,,,97827.0,94010.0,80.0,63565.0,3817.0,3.9,
nicholas county,98.0,119.0,74.0,104.0,0.0,53.0,-21.0,74.0,7786.0,12.6,15.3,9.5,0.0,-2.7,9.5,0.0,,,,,,,
"nicholas county, ky",,,,,,,,,,,,,,,,,3279.0,3141.0,86.3,51100.0,138.0,4.2,
"nicholas county, wv",,,,,,,,,,,,,,,,,8914.0,8501.0,86.4,46757.0,413.0,4.6,
nicollet county,323.0,306.0,-72.0,3283.0,63.0,-5.0,17.0,-9.0,34343.0,9.4,8.9,-2.1,1.8,0.5,-0.3,-13.0,,,,,,,
"nicollet county, mn",,,,,,,,,,,,,,,,,20653.0,20258.0,94.8,78091.0,395.0,1.9,
niobrara county,22.0,36.0,-58.0,245.0,0.0,-68.0,-14.0,-58.0,2348.0,9.2,15.1,-24.3,0.0,-5.9,-24.3,4.0,,,,,,,
"niobrara county, wy",,,,,,,,,,,,,,,,,1223.0,1189.0,76.6,54573.0,34.0,2.8,
noble county,603.0,559.0,-256.0,686.0,63.0,-158.0,44.0,-193.0,47234.0,12.7,11.8,-5.4,1.3,0.9,-4.1,-9.0,,,,,,,
"noble county, in",,,,,,,,,,,,,,,,,21792.0,21163.0,104.2,69567.0,629.0,2.9,
"noble county, oh",,,,,,,,,,,,,,,,,4583.0,4307.0,86.7,57054.0,276.0,6.0,
"noble county, ok",,,,,,,,,,,,,,,,,5877.0,5748.0,103.0,61415.0,129.0,2.2,
nobles county,359.0,190.0,-430.0,516.0,136.0,-112.0,169.0,-294.0,21958.0,16.3,8.6,-19.5,6.2,7.7,-13.4,13.0,,,,,,,
"nobles county, mn",,,,,,,,,,,,,,,,,11132.0,10895.0,79.4,65374.0,237.0,2.1,
nodaway county,213.0,185.0,-343.0,1646.0,31.0,-268.0,28.0,-312.0,20715.0,10.2,8.9,-16.5,1.5,1.3,-15.0,16.0,,,,,,,
"nodaway county, mo",,,,,,,,,,,,,,,,,10834.0,10589.0,88.8,57507.0,245.0,2.3,
nolan county,179.0,216.0,-132.0,284.0,28.0,-145.0,-37.0,-104.0,14460.0,12.3,14.9,-9.1,1.9,-2.5,-7.2,-4.0,,,,,,,
"nolan county, tx",,,,,,,,,,,,,,,,,6801.0,6543.0,70.0,50579.0,258.0,3.8,
nome census area,172.0,99.0,-189.0,283.0,9.0,-103.0,73.0,-180.0,9791.0,17.5,10.1,-19.2,0.9,7.4,-18.3,4.0,,,,,,,
"nome census area, ak",,,,,,,,,,,,,,,,,4093.0,3798.0,73.2,64480.0,295.0,7.2,
norfolk city,3114.0,2446.0,-3857.0,22077.0,900.0,-2304.0,668.0,-2957.0,232558.0,13.3,10.5,-16.5,3.9,2.9,-12.7,-15.0,,,,,,,
"norfolk city, va",,,,,,,,,,,,,,,,,110326.0,106566.0,69.9,60030.0,3760.0,3.4,
norfolk county,7249.0,6261.0,-4269.0,16707.0,4380.0,998.0,988.0,111.0,725469.0,10.0,8.6,-5.9,6.0,1.4,0.2,-101.0,,,,,,,
"norfolk county, ma",,,,,,,,,,,,,,,,,392560.0,379802.0,122.5,115770.0,12758.0,3.2,
norman county,73.0,87.0,-65.0,104.0,7.0,-70.0,-14.0,-58.0,6371.0,11.4,13.6,-10.1,1.1,-2.2,-9.1,2.0,,,,,,,
"norman county, mn",,,,,,,,,,,,,,,,,3176.0,3069.0,78.1,64319.0,107.0,3.4,
north slope borough,131.0,68.0,-368.0,3197.0,52.0,-243.0,63.0,-316.0,10811.0,12.0,6.2,-33.7,4.8,5.8,-28.9,10.0,,,,,,,
"north slope borough, ak",,,,,,,,,,,,,,,,,2950.0,2794.0,108.8,95795.0,156.0,5.3,
northampton county,165.0,327.0,-124.0,314.0,4.0,-289.0,-162.0,-120.0,16827.0,9.7,19.3,-7.3,0.2,-9.5,-7.1,-7.0,,,,,,,
"northampton county, nc",,,,,,,,,,,,,,,,,7236.0,6879.0,76.4,51550.0,357.0,4.9,
"northampton county, pa",,,,,,,,,,,,,,,,,164085.0,157608.0,105.1,75468.0,6477.0,3.9,
"northampton county, va",,,,,,,,,,,,,,,,,5501.0,5315.0,61.5,52783.0,186.0,3.4,
northeastern connecticut planning region,888.0,1057.0,640.0,1672.0,102.0,543.0,-169.0,742.0,96148.0,9.3,11.0,6.7,1.1,-1.8,7.7,-30.0,,,,,,,
"northeastern connecticut planning region, ct",,,,,,,,,,,,,,,,,,,92.7,81711.0,,,
northumberland county,885.0,1350.0,-413.0,2989.0,30.0,-866.0,-465.0,-383.0,90123.0,9.8,14.9,-4.6,0.3,-5.1,-4.2,-18.0,,,,,,,
"northumberland county, pa",,,,,,,,,,,,,,,,,42348.0,40399.0,80.5,57822.0,1949.0,4.6,
"northumberland county, va",,,,,,,,,,,,,,,,,5457.0,5244.0,78.1,67077.0,213.0,3.9,
northwest arctic borough,142.0,78.0,-259.0,237.0,-1.0,-182.0,64.0,-260.0,7453.0,18.8,10.3,-34.3,-0.1,8.5,-34.5,14.0,,,,,,,
"northwest arctic borough, ak",,,,,,,,,,,,,,,,,2722.0,2462.0,78.6,69234.0,260.0,9.6,
northwest hills planning region,935.0,1233.0,480.0,2366.0,224.0,324.0,-298.0,704.0,113277.0,8.3,10.9,4.2,2.0,-2.6,6.2,-82.0,,,,,,,
"northwest hills planning region, ct",,,,,,,,,,,,,,,,,,,98.9,87206.0,,,
norton city,39.0,97.0,16.0,28.0,0.0,-43.0,-58.0,16.0,3589.0,10.8,26.9,4.4,0.0,-16.1,4.4,-1.0,,,,,,,
"norton city, va",,,,,,,,,,,,,,,,,1601.0,1542.0,48.1,41298.0,59.0,3.7,
norton county,52.0,57.0,-45.0,954.0,5.0,-44.0,-5.0,-40.0,5325.0,9.7,10.7,-8.4,0.9,-0.9,-7.5,1.0,,,,,,,
"norton county, ks",,,,,,,,,,,,,,,,,2613.0,2564.0,82.2,56604.0,49.0,1.9,
nottoway county,170.0,267.0,72.0,2342.0,16.0,-19.0,-97.0,88.0,15555.0,10.9,17.2,4.6,1.0,-6.2,5.7,-10.0,,,,,,,
"nottoway county, va",,,,,,,,,,,,,,,,,7226.0,7014.0,59.1,50756.0,212.0,2.9,
nowata county,105.0,168.0,117.0,108.0,6.0,61.0,-63.0,123.0,9413.0,11.2,17.9,12.5,0.6,-6.7,13.1,1.0,,,,,,,
"nowata county, ok",,,,,,,,,,,,,,,,,4753.0,4616.0,91.1,54339.0,137.0,2.9,
noxubee county,152.0,154.0,-117.0,146.0,0.0,-116.0,-2.0,-117.0,10000.0,15.1,15.3,-11.6,0.0,-0.2,-11.6,3.0,,,,,,,
"noxubee county, ms",,,,,,,,,,,,,,,,,3386.0,3189.0,69.3,36608.0,197.0,5.8,
nuckolls county,42.0,61.0,20.0,48.0,0.0,-2.0,-19.0,20.0,4069.0,10.3,15.0,4.9,0.0,-4.7,4.9,-3.0,,,,,,,
"nuckolls county, ne",,,,,,,,,,,,,,,,,2488.0,2438.0,82.0,57278.0,50.0,2.0,
nueces county,4431.0,3979.0,-2590.0,7489.0,467.0,-1702.0,452.0,-2123.0,351590.0,12.6,11.3,-7.3,1.3,1.3,-6.0,-31.0,,,,,,,
"nueces county, tx",,,,,,,,,,,,,,,,,164081.0,156295.0,83.4,60250.0,7786.0,4.7,
nye county,370.0,1111.0,2099.0,1189.0,-5.0,1445.0,-741.0,2094.0,54769.0,6.8,20.6,38.8,-0.1,-13.7,38.7,92.0,,,,,,,
"nye county, nv",,,,,,,,,,,,,,,,,17750.0,16779.0,71.8,51933.0,971.0,5.5,
o'brien county,192.0,197.0,-3.0,545.0,55.0,41.0,-5.0,52.0,14085.0,13.7,14.0,-0.2,3.9,-0.4,3.7,-6.0,,,,,,,
"o'brien county, ia",,,,,,,,,,,,,,,,,8152.0,7971.0,96.8,67470.0,181.0,2.2,
oakland county,12825.0,12388.0,-7290.0,14331.0,5515.0,-1605.0,437.0,-1775.0,1271025.0,10.1,9.7,-5.7,4.3,0.3,-1.4,-267.0,,,,,,,
"oakland county, mi",,,,,,,,,,,,,,,,,668923.0,648819.0,135.7,90801.0,20104.0,3.0,
obion county,355.0,518.0,96.0,238.0,-1.0,-85.0,-163.0,95.0,30374.0,11.7,17.0,3.2,0.0,-5.4,3.1,-17.0,,,,,,,
"obion county, tn",,,,,,,,,,,,,,,,,12779.0,12287.0,76.9,50159.0,492.0,3.9,
ocean county,10239.0,8220.0,3575.0,6950.0,377.0,5838.0,2019.0,3952.0,655663.0,15.7,12.6,5.5,0.6,3.1,6.1,-133.0,,,,,,,
"ocean county, nj",,,,,,,,,,,,,,,,,298173.0,286624.0,84.2,81152.0,11549.0,3.9,
oceana county,265.0,338.0,70.0,423.0,75.0,60.0,-73.0,145.0,26920.0,9.9,12.6,2.6,2.8,-2.7,5.4,-12.0,,,,,,,
"oceana county, mi",,,,,,,,,,,,,,,,,11450.0,10717.0,84.9,56853.0,733.0,6.4,
ochiltree county,139.0,89.0,-266.0,38.0,132.0,-76.0,50.0,-134.0,9692.0,14.3,9.1,-27.3,13.6,5.1,-13.8,8.0,,,,,,,
"ochiltree county, tx",,,,,,,,,,,,,,,,,3972.0,3836.0,96.0,69383.0,136.0,3.4,
oconee county,359.0,352.0,562.0,150.0,53.0,590.0,7.0,615.0,43624.0,8.3,8.1,13.0,1.2,0.2,14.2,-32.0,,,,,,,
"oconee county, ga",,,,,,,,,,,,,,,,,19998.0,19524.0,157.8,114758.0,474.0,2.4,
"oconee county, sc",,,,,,,,,,,,,,,,,34437.0,33391.0,96.1,61716.0,1046.0,3.0,
oconto county,339.0,432.0,375.0,378.0,0.0,275.0,-93.0,375.0,39696.0,8.6,10.9,9.5,0.0,-2.4,9.5,-7.0,,,,,,,
"oconto county, wi",,,,,,,,,,,,,,,,,20524.0,19878.0,95.9,68127.0,646.0,3.1,
ogemaw county,181.0,391.0,331.0,215.0,13.0,145.0,-210.0,344.0,20919.0,8.7,18.8,15.9,0.6,-10.1,16.5,11.0,,,,,,,
"ogemaw county, mi",,,,,,,,,,,,,,,,,8261.0,7697.0,79.9,53480.0,564.0,6.8,
oglala lakota county,243.0,196.0,-94.0,404.0,0.0,-51.0,47.0,-94.0,13508.0,18.0,14.5,-6.9,0.0,3.5,-6.9,-4.0,,,,,,,
"oglala lakota county, sd",,,,,,,,,,,,,,,,,3786.0,3604.0,57.6,40683.0,182.0,4.8,
ogle county,525.0,598.0,-30.0,495.0,8.0,-119.0,-73.0,-22.0,51345.0,10.2,11.6,-0.6,0.2,-1.4,-0.4,-24.0,,,,,,,
"ogle county, il",,,,,,,,,,,,,,,,,23788.0,22594.0,102.4,78577.0,1194.0,5.0,
oglethorpe county,179.0,204.0,360.0,71.0,4.0,344.0,-25.0,364.0,15531.0,11.7,13.3,23.4,0.3,-1.6,23.7,5.0,,,,,,,
"oglethorpe county, ga",,,,,,,,,,,,,,,,,6913.0,6719.0,85.9,62504.0,194.0,2.8,
ohio county,47.0,89.0,142.0,38.0,2.0,103.0,-42.0,144.0,6097.0,7.8,14.7,23.5,0.3,-6.9,23.8,1.0,,,,,,,
"ohio county, in",,,,,,,,,,,,,,,,,3187.0,3116.0,105.8,70618.0,71.0,2.2,
"ohio county, ky",,,,,,,,,,,,,,,,,9033.0,8576.0,84.9,50275.0,457.0,5.1,
"ohio county, wv",,,,,,,,,,,,,,,,,19757.0,18970.0,111.4,60241.0,787.0,4.0,
okaloosa county,2660.0,2363.0,1841.0,4340.0,618.0,2823.0,297.0,2459.0,216464.0,12.4,11.0,8.6,2.9,1.4,11.4,67.0,,,,,,,
"okaloosa county, fl",,,,,,,,,,,,,,,,,101777.0,99183.0,110.6,76663.0,2594.0,2.5,
okanogan county,463.0,575.0,334.0,1312.0,461.0,688.0,-112.0,795.0,43460.0,10.7,13.3,7.7,10.7,-2.6,18.4,5.0,,,,,,,
"okanogan county, wa",,,,,,,,,,,,,,,,,19542.0,18356.0,64.3,58661.0,1186.0,6.1,
okeechobee county,552.0,642.0,400.0,2157.0,33.0,342.0,-90.0,433.0,40373.0,13.7,16.0,9.9,0.8,-2.2,10.8,-1.0,,,,,,,
"okeechobee county, fl",,,,,,,,,,,,,,,,,17574.0,17017.0,72.4,50176.0,557.0,3.2,
okfuskee county,141.0,196.0,56.0,1235.0,11.0,5.0,-55.0,67.0,11227.0,12.6,17.5,5.0,1.0,-4.9,6.0,-7.0,,,,,,,
"okfuskee county, ok",,,,,,,,,,,,,,,,,4466.0,4288.0,73.0,43544.0,178.0,4.0,
oklahoma county,10978.0,9083.0,123.0,15990.0,1660.0,3258.0,1895.0,1783.0,803103.0,13.7,11.3,0.2,2.1,2.4,2.2,-420.0,,,,,,,
"oklahoma county, ok",,,,,,,,,,,,,,,,,401978.0,390008.0,103.3,61580.0,11970.0,3.0,
okmulgee county,435.0,683.0,409.0,1314.0,3.0,163.0,-248.0,412.0,37011.0,11.8,18.5,11.1,0.1,-6.7,11.2,-1.0,,,,,,,
"okmulgee county, ok",,,,,,,,,,,,,,,,,15774.0,15106.0,76.7,45754.0,668.0,4.2,
oktibbeha county,496.0,428.0,-612.0,5632.0,114.0,-428.0,68.0,-498.0,51384.0,9.6,8.3,-11.9,2.2,1.3,-9.7,2.0,,,,,,,
"oktibbeha county, ms",,,,,,,,,,,,,,,,,22056.0,21176.0,89.6,47284.0,880.0,4.0,
oldham county,537.0,511.0,1137.0,4180.0,32.0,1206.0,26.0,1169.0,69444.0,7.8,7.4,16.5,0.5,0.4,17.0,11.0,,,,,,,
"oldham county, ky",,,,,,,,,,,,,,,,,33115.0,32000.0,196.1,116173.0,1115.0,3.4,
"oldham county, tx",,,,,,,,,,,,,,,,,934.0,906.0,91.9,66411.0,28.0,3.0,
oliver county,16.0,10.0,-20.0,3.0,0.0,-14.0,6.0,-20.0,1862.0,8.6,5.4,-10.7,0.0,3.2,-10.7,0.0,,,,,,,
"oliver county, nd",,,,,,,,,,,,,,,,,884.0,856.0,108.6,79521.0,28.0,3.2,
olmsted county,2023.0,1316.0,-957.0,3163.0,581.0,294.0,707.0,-376.0,164036.0,12.3,8.0,-5.8,3.5,4.3,-2.3,-37.0,,,,,,,
"olmsted county, mn",,,,,,,,,,,,,,,,,90971.0,89078.0,106.9,88032.0,1893.0,2.1,
oneida county,59.0,60.0,135.0,41.0,0.0,135.0,-1.0,135.0,4740.0,12.6,12.8,28.9,0.0,-0.2,28.9,1.0,,,,,,,
"oneida county, id",,,,,,,,,,,,,,,,,2376.0,2307.0,91.1,66175.0,69.0,2.9,
"oneida county, ny",,,,,,,,,,,,,,,,,100071.0,96450.0,80.4,63894.0,3621.0,3.6,
"oneida county, wi",,,,,,,,,,,,,,,,,18025.0,17429.0,87.6,62242.0,596.0,3.3,
onondaga county,4927.0,5012.0,-3107.0,19682.0,1198.0,-2159.0,-85.0,-1909.0,469728.0,10.5,10.6,-6.6,2.5,-0.2,-4.1,-165.0,,,,,,,
"onondaga county, ny",,,,,,,,,,,,,,,,,222271.0,214753.0,89.3,70939.0,7518.0,3.4,
onslow county,3910.0,1703.0,741.0,24260.0,99.0,3013.0,2207.0,840.0,209031.0,18.8,8.2,3.6,0.5,10.6,4.0,-34.0,,,,,,,
"onslow county, nc",,,,,,,,,,,,,,,,,68184.0,65247.0,92.1,62190.0,2937.0,4.3,
ontario county,984.0,1181.0,-22.0,3671.0,95.0,-180.0,-197.0,73.0,112481.0,8.7,10.5,-0.2,0.8,-1.8,0.6,-56.0,,,,,,,
"ontario county, ny",,,,,,,,,,,,,,,,,55665.0,53924.0,96.4,76601.0,1741.0,3.1,
ontonagon county,33.0,103.0,116.0,67.0,1.0,51.0,-70.0,117.0,5921.0,5.6,17.5,19.7,0.2,-11.9,19.8,4.0,,,,,,,
"ontonagon county, mi",,,,,,,,,,,,,,,,,2028.0,1881.0,68.3,45694.0,147.0,7.2,
orange county,31084.0,23944.0,-27681.0,51970.0,11011.0,-10239.0,7140.0,-16670.0,3150372.0,9.9,7.6,-8.8,3.5,2.3,-5.3,-709.0,,,,,,,
"orange county, ca",,,,,,,,,,,,,,,,,1579268.0,1528545.0,115.9,106047.0,50723.0,3.2,
"orange county, fl",,,,,,,,,,,,,,,,,791669.0,768184.0,104.1,72129.0,23485.0,3.0,
"orange county, in",,,,,,,,,,,,,,,,,8194.0,7909.0,81.1,54128.0,285.0,3.5,
"orange county, nc",,,,,,,,,,,,,,,,,81535.0,79042.0,130.0,87780.0,2493.0,3.1,
"orange county, ny",,,,,,,,,,,,,,,,,190509.0,184299.0,111.4,88532.0,6210.0,3.3,
"orange county, tx",,,,,,,,,,,,,,,,,34953.0,32930.0,88.4,63901.0,2023.0,5.8,
"orange county, va",,,,,,,,,,,,,,,,,17426.0,16922.0,94.8,81390.0,504.0,2.9,
"orange county, vt",,,,,,,,,,,,,,,,,15826.0,15464.0,98.0,73057.0,362.0,2.3,
orangeburg county,820.0,1434.0,825.0,4043.0,59.0,286.0,-614.0,884.0,83101.0,9.9,17.3,9.9,0.7,-7.4,10.7,16.0,,,,,,,
"orangeburg county, sc",,,,,,,,,,,,,,,,,32982.0,31341.0,65.7,42209.0,1641.0,5.0,
oregon county,109.0,187.0,153.0,106.0,1.0,78.0,-78.0,154.0,8703.0,12.6,21.6,17.7,0.1,-9.0,17.8,2.0,,,,,,,
"oregon county, mo",,,,,,,,,,,,,,,,,3738.0,3616.0,69.9,45273.0,122.0,3.3,
orleans county,391.0,483.0,-287.0,1309.0,32.0,-352.0,-92.0,-255.0,39163.0,9.9,12.3,-7.3,0.8,-2.3,-6.5,-5.0,,,,,,,
"orleans county, ny",,,,,,,,,,,,,,,,,17104.0,16447.0,79.2,62900.0,657.0,3.8,
"orleans county, vt",,,,,,,,,,,,,,,,,13370.0,12843.0,76.2,56818.0,527.0,3.9,
orleans parish,4112.0,4003.0,-8582.0,15499.0,846.0,-7429.0,109.0,-7736.0,369917.0,11.0,10.7,-23.0,2.3,0.3,-20.7,198.0,,,,,,,
"orleans parish, la",,,,,,,,,,,,,,,,,175296.0,167464.0,93.6,51913.0,7832.0,4.5,
orocovis municipio,,,,,,,,,21214.0,,,,,,,,,,,,,,
"orocovis municipio, pr",,,,,,,,,,,,,,,,,5239.0,4817.0,,,422.0,8.1,
osage county,163.0,240.0,35.0,150.0,0.0,-47.0,-77.0,35.0,15705.0,10.4,15.3,2.2,0.0,-4.9,2.2,-5.0,,,,,,,
"osage county, ks",,,,,,,,,,,,,,,,,8025.0,7803.0,91.5,62995.0,222.0,2.8,
"osage county, mo",,,,,,,,,,,,,,,,,6988.0,6849.0,106.7,69094.0,139.0,2.0,
"osage county, ok",,,,,,,,,,,,,,,,,20774.0,20018.0,98.4,58677.0,756.0,3.6,
osborne county,36.0,62.0,25.0,95.0,0.0,-4.0,-26.0,25.0,3481.0,10.3,17.8,7.2,0.0,-7.5,7.2,-3.0,,,,,,,
"osborne county, ks",,,,,,,,,,,,,,,,,1899.0,1860.0,78.4,53971.0,39.0,2.1,
osceola county,4866.0,3446.0,12308.0,2871.0,4348.0,18553.0,1420.0,16656.0,422543.0,11.8,8.3,29.8,10.5,3.4,40.3,477.0,,,,,,,
"osceola county, fl",,,,,,,,,,,,,,,,,196911.0,190025.0,92.1,63782.0,6886.0,3.5,
"osceola county, ia",,,,,,,,,,,,,,,,,3610.0,3544.0,93.2,64993.0,66.0,1.8,
"osceola county, mi",,,,,,,,,,,,,,,,,11308.0,10786.0,81.8,54727.0,522.0,4.6,
oscoda county,80.0,177.0,156.0,36.0,1.0,71.0,-97.0,157.0,8391.0,9.6,21.2,18.7,0.1,-11.6,18.8,11.0,,,,,,,
"oscoda county, mi",,,,,,,,,,,,,,,,,2772.0,2556.0,69.7,46626.0,216.0,7.8,
oswego county,1147.0,1317.0,411.0,5448.0,62.0,255.0,-170.0,473.0,118239.0,9.7,11.2,3.5,0.5,-1.4,4.0,-48.0,,,,,,,
"oswego county, ny",,,,,,,,,,,,,,,,,52456.0,50279.0,74.7,59335.0,2177.0,4.2,
otero county,203.0,285.0,-132.0,338.0,-2.0,-216.0,-82.0,-134.0,18311.0,11.0,15.5,-7.2,-0.1,-4.5,-7.3,0.0,,,,,,,
"otero county, co",,,,,,,,,,,,,,,,,7766.0,7437.0,52.3,46607.0,329.0,4.2,
"otero county, nm",,,,,,,,,,,,,,,,,25081.0,24031.0,88.2,52787.0,1050.0,4.2,
otoe county,193.0,202.0,122.0,235.0,63.0,169.0,-9.0,185.0,16186.0,12.0,12.5,7.6,3.9,-0.6,11.5,-7.0,,,,,,,
"otoe county, ne",,,,,,,,,,,,,,,,,8549.0,8368.0,100.9,70433.0,181.0,2.1,
otsego county,235.0,370.0,360.0,313.0,9.0,237.0,-135.0,369.0,25561.0,9.2,14.5,14.1,0.4,-5.3,14.5,3.0,,,,,,,
"otsego county, mi",,,,,,,,,,,,,,,,,11544.0,10935.0,98.5,65915.0,609.0,5.3,
"otsego county, ny",,,,,,,,,,,,,,,,,26941.0,25991.0,86.8,68962.0,950.0,3.5,
ottawa county,63.0,77.0,-9.0,106.0,0.0,-24.0,-14.0,-9.0,5806.0,10.8,13.2,-1.5,0.0,-2.4,-1.5,-1.0,,,,,,,
"ottawa county, ks",,,,,,,,,,,,,,,,,3009.0,2934.0,101.0,69542.0,75.0,2.5,
"ottawa county, mi",,,,,,,,,,,,,,,,,162867.0,157634.0,128.5,85968.0,5233.0,3.2,
"ottawa county, oh",,,,,,,,,,,,,,,,,20494.0,19421.0,110.6,72780.0,1073.0,5.2,
"ottawa county, ok",,,,,,,,,,,,,,,,,15209.0,14776.0,80.3,47855.0,433.0,2.8,
otter tail county,641.0,813.0,475.0,1280.0,15.0,313.0,-172.0,490.0,60544.0,10.6,13.5,7.9,0.2,-2.8,8.1,-5.0,,,,,,,
"otter tail county, mn",,,,,,,,,,,,,,,,,31422.0,30522.0,79.0,65076.0,900.0,2.9,
ouachita county,249.0,402.0,-159.0,371.0,0.0,-318.0,-153.0,-159.0,21994.0,11.2,18.1,-7.2,0.0,-6.9,-7.2,-6.0,,,,,,,
"ouachita county, ar",,,,,,,,,,,,,,,,,9550.0,9188.0,88.8,49275.0,362.0,3.8,
ouachita parish,2023.0,2020.0,-1293.0,5282.0,134.0,-1162.0,3.0,-1159.0,157704.0,12.8,12.8,-8.2,0.8,0.0,-7.3,-6.0,,,,,,,
"ouachita parish, la",,,,,,,,,,,,,,,,,69870.0,67319.0,85.3,47283.0,2551.0,3.7,
ouray county,32.0,39.0,37.0,0.0,9.0,40.0,-7.0,46.0,5103.0,6.3,7.7,7.3,1.8,-1.4,9.0,1.0,,,,,,,
"ouray county, co",,,,,,,,,,,,,,,,,2476.0,2398.0,102.0,90837.0,78.0,3.2,
outagamie county,2129.0,1740.0,494.0,3354.0,189.0,949.0,389.0,683.0,192269.0,11.1,9.1,2.6,1.0,2.0,3.6,-123.0,,,,,,,
"outagamie county, wi",,,,,,,,,,,,,,,,,104672.0,102060.0,110.9,78808.0,2612.0,2.5,
overton county,241.0,414.0,320.0,182.0,0.0,162.0,-173.0,320.0,22993.0,10.5,18.1,14.0,0.0,-7.6,14.0,15.0,,,,,,,
"overton county, tn",,,,,,,,,,,,,,,,,10013.0,9673.0,79.9,52108.0,340.0,3.4,
owen county,114.0,312.0,173.0,224.0,3.0,-27.0,-198.0,176.0,21487.0,5.3,14.5,8.0,0.1,-9.2,8.2,-5.0,,,,,,,
"owen county, in",,,,,,,,,,,,,,,,,9265.0,8962.0,93.5,62460.0,303.0,3.3,
"owen county, ky",,,,,,,,,,,,,,,,,5194.0,5013.0,102.3,60592.0,181.0,3.5,
owsley county,54.0,85.0,18.0,92.0,0.0,-16.0,-31.0,18.0,3958.0,13.6,21.4,4.5,0.0,-7.8,4.5,-3.0,,,,,,,
"owsley county, ky",,,,,,,,,,,,,,,,,1069.0,993.0,55.3,32783.0,76.0,7.1,
owyhee county,150.0,142.0,269.0,156.0,8.0,289.0,8.0,277.0,12645.0,12.0,11.4,21.5,0.6,0.6,22.2,4.0,,,,,,,
"owyhee county, id",,,,,,,,,,,,,,,,,5539.0,5342.0,78.7,57142.0,197.0,3.6,
oxford county,450.0,886.0,1153.0,844.0,9.0,766.0,-436.0,1162.0,59458.0,7.6,15.0,19.5,0.2,-7.4,19.7,40.0,,,,,,,
"oxford county, me",,,,,,,,,,,,,,,,,26059.0,25234.0,84.7,58842.0,825.0,3.2,
ozark county,75.0,179.0,257.0,51.0,4.0,169.0,-104.0,261.0,8954.0,8.5,20.2,29.0,0.5,-11.7,29.4,12.0,,,,,,,
"ozark county, mo",,,,,,,,,,,,,,,,,3360.0,3230.0,68.3,44242.0,130.0,3.9,
ozaukee county,826.0,944.0,492.0,2052.0,101.0,421.0,-118.0,593.0,93021.0,8.9,10.2,5.3,1.1,-1.3,6.4,-54.0,,,,,,,
"ozaukee county, wi",,,,,,,,,,,,,,,,,49050.0,47855.0,137.6,97778.0,1195.0,2.4,
pacific county,158.0,421.0,290.0,311.0,59.0,102.0,-263.0,349.0,24095.0,6.6,17.5,12.1,2.5,-10.9,14.5,16.0,,,,,,,
"pacific county, wa",,,,,,,,,,,,,,,,,8549.0,7986.0,60.9,55615.0,563.0,6.6,
page county,137.0,228.0,42.0,1323.0,11.0,-44.0,-91.0,53.0,15176.0,9.0,15.0,2.8,0.7,-6.0,3.5,-6.0,,,,,,,
"page county, ia",,,,,,,,,,,,,,,,,6459.0,6296.0,86.9,60567.0,163.0,2.5,
"page county, va",,,,,,,,,,,,,,,,,12142.0,11743.0,70.0,60061.0,399.0,3.3,
palm beach county,15109.0,17867.0,9520.0,30339.0,10022.0,16432.0,-2758.0,19542.0,1519867.0,10.0,11.8,6.3,6.6,-1.8,12.9,-352.0,,,,,,,
"palm beach county, fl",,,,,,,,,,,,,,,,,757239.0,734400.0,110.7,76713.0,22839.0,3.0,
palo alto county,113.0,143.0,-104.0,344.0,0.0,-133.0,-30.0,-104.0,8790.0,12.8,16.1,-11.7,0.0,-3.4,-11.7,1.0,,,,,,,
"palo alto county, ia",,,,,,,,,,,,,,,,,4512.0,4395.0,93.9,65438.0,117.0,2.6,
palo pinto county,355.0,459.0,650.0,268.0,8.0,580.0,-104.0,658.0,29322.0,12.2,15.8,22.4,0.3,-3.6,22.7,26.0,,,,,,,
"palo pinto county, tx",,,,,,,,,,,,,,,,,13137.0,12634.0,78.6,56809.0,503.0,3.8,
pamlico county,87.0,220.0,32.0,632.0,1.0,-108.0,-133.0,33.0,12234.0,7.1,17.9,2.6,0.1,-10.8,2.7,-8.0,,,,,,,
"pamlico county, nc",,,,,,,,,,,,,,,,,5499.0,5297.0,88.6,59845.0,202.0,3.7,
panola county,399.0,496.0,-205.0,408.0,-3.0,-316.0,-97.0,-208.0,32592.0,12.2,15.1,-6.3,-0.1,-3.0,-6.4,-11.0,,,,,,,
"panola county, ms",,,,,,,,,,,,,,,,,12276.0,11715.0,76.9,40595.0,561.0,4.6,
"panola county, tx",,,,,,,,,,,,,,,,,9609.0,9162.0,82.7,59772.0,447.0,4.7,
park county,138.0,131.0,143.0,25.0,11.0,177.0,7.0,154.0,17921.0,7.7,7.3,8.0,0.6,0.4,8.6,16.0,,,,,,,
"park county, co",,,,,,,,,,,,,,,,,11595.0,11293.0,98.8,88020.0,302.0,2.6,
"park county, mt",,,,,,,,,,,,,,,,,9841.0,9563.0,101.0,68594.0,278.0,2.8,
"park county, wy",,,,,,,,,,,,,,,,,15655.0,15118.0,97.9,69802.0,537.0,3.4,
parke county,217.0,199.0,-137.0,1008.0,1.0,-119.0,18.0,-136.0,16367.0,13.2,12.1,-8.3,0.1,1.1,-8.3,-1.0,,,,,,,
"parke county, in",,,,,,,,,,,,,,,,,7062.0,6844.0,96.9,64700.0,218.0,3.1,
parker county,1847.0,1599.0,8106.0,1315.0,121.0,8850.0,248.0,8227.0,165938.0,11.4,9.9,50.2,0.7,1.5,50.9,375.0,,,,,,,
"parker county, tx",,,,,,,,,,,,,,,,,74559.0,72083.0,131.8,95277.0,2476.0,3.3,
parmer county,154.0,104.0,-239.0,94.0,47.0,-135.0,50.0,-192.0,9649.0,15.8,10.7,-24.6,4.8,5.1,-19.8,7.0,,,,,,,
"parmer county, tx",,,,,,,,,,,,,,,,,5146.0,5020.0,79.9,57786.0,126.0,2.4,
pasco county,5534.0,8166.0,24283.0,8225.0,1104.0,23950.0,-2632.0,25387.0,609141.0,9.3,13.7,40.7,1.8,-4.4,42.5,1195.0,,,,,,,
"pasco county, fl",,,,,,,,,,,,,,,,,257288.0,249181.0,95.2,65933.0,8107.0,3.2,
pasquotank county,466.0,524.0,377.0,2597.0,29.0,361.0,-58.0,406.0,41168.0,11.4,12.8,9.2,0.7,-1.4,9.9,13.0,,,,,,,
"pasquotank county, nc",,,,,,,,,,,,,,,,,16774.0,16020.0,87.5,59066.0,754.0,4.5,
passaic county,6337.0,4147.0,-10032.0,9050.0,2834.0,-4742.0,2190.0,-7198.0,513634.0,12.3,8.0,-19.4,5.5,4.2,-13.9,266.0,,,,,,,
"passaic county, nj",,,,,,,,,,,,,,,,,253380.0,241287.0,81.8,78779.0,12093.0,4.8,
patillas municipio,,,,,,,,,15517.0,,,,,,,,,,,,,,
"patillas municipio, pr",,,,,,,,,,,,,,,,,4391.0,3940.0,,,451.0,10.3,
patrick county,157.0,366.0,164.0,351.0,-1.0,-49.0,-209.0,163.0,17601.0,8.9,20.8,9.3,-0.1,-11.9,9.2,-3.0,,,,,,,
"patrick county, va",,,,,,,,,,,,,,,,,7163.0,6914.0,57.5,49319.0,249.0,3.5,
paulding county,2114.0,1425.0,3729.0,673.0,301.0,4764.0,689.0,4030.0,178753.0,12.0,8.1,21.1,1.7,3.9,22.8,45.0,,,,,,,
"paulding county, ga",,,,,,,,,,,,,,,,,91217.0,88756.0,120.2,87459.0,2461.0,2.7,
"paulding county, oh",,,,,,,,,,,,,,,,,8645.0,8342.0,100.8,66332.0,303.0,3.5,
pawnee county,63.0,87.0,-34.0,748.0,0.0,-59.0,-24.0,-34.0,6188.0,10.1,14.0,-5.5,0.0,-3.9,-5.5,-1.0,,,,,,,
"pawnee county, ks",,,,,,,,,,,,,,,,,2712.0,2648.0,69.7,47939.0,64.0,2.4,
"pawnee county, ne",,,,,,,,,,,,,,,,,1492.0,1462.0,79.6,55584.0,30.0,2.0,
"pawnee county, ok",,,,,,,,,,,,,,,,,7455.0,7181.0,91.7,54690.0,274.0,3.7,
payette county,325.0,347.0,545.0,180.0,-3.0,543.0,-22.0,542.0,26929.0,12.2,13.0,20.4,-0.1,-0.8,20.3,23.0,,,,,,,
"payette county, id",,,,,,,,,,,,,,,,,11485.0,11099.0,85.0,61725.0,386.0,3.4,
payne county,754.0,774.0,268.0,9463.0,344.0,538.0,-20.0,612.0,82701.0,9.1,9.4,3.3,4.2,-0.2,7.4,-54.0,,,,,,,
"payne county, ok",,,,,,,,,,,,,,,,,39340.0,38230.0,85.9,51236.0,1110.0,2.8,
peach county,275.0,377.0,338.0,1419.0,-4.0,241.0,-102.0,334.0,28486.0,9.7,13.3,11.9,-0.1,-3.6,11.8,9.0,,,,,,,
"peach county, ga",,,,,,,,,,,,,,,,,11789.0,11325.0,80.4,58471.0,464.0,3.9,
pearl river county,602.0,922.0,1004.0,1131.0,2.0,703.0,-320.0,1006.0,57183.0,10.6,16.2,17.7,0.0,-5.6,17.7,17.0,,,,,,,
"pearl river county, ms",,,,,,,,,,,,,,,,,23453.0,22569.0,105.8,55830.0,884.0,3.8,
pecos county,184.0,178.0,-463.0,1900.0,34.0,-406.0,6.0,-429.0,14711.0,12.3,11.9,-31.0,2.3,0.4,-28.8,17.0,,,,,,,
"pecos county, tx",,,,,,,,,,,,,,,,,6223.0,5965.0,74.7,54003.0,258.0,4.1,
pembina county,66.0,88.0,-8.0,120.0,6.0,-28.0,-22.0,-2.0,6745.0,9.8,13.0,-1.2,0.9,-3.3,-0.3,-4.0,,,,,,,
"pembina county, nd",,,,,,,,,,,,,,,,,3237.0,3132.0,94.4,69141.0,105.0,3.2,
pemiscot county,201.0,294.0,-316.0,233.0,23.0,-376.0,-93.0,-293.0,14865.0,13.4,19.5,-21.0,1.5,-6.2,-19.5,10.0,,,,,,,
"pemiscot county, mo",,,,,,,,,,,,,,,,,5693.0,5469.0,59.4,38456.0,224.0,3.9,
pend oreille county,121.0,239.0,352.0,145.0,0.0,247.0,-118.0,352.0,14138.0,8.6,17.1,25.1,0.0,-8.4,25.1,13.0,,,,,,,
"pend oreille county, wa",,,,,,,,,,,,,,,,,5121.0,4785.0,65.0,59332.0,336.0,6.6,
pender county,677.0,781.0,2589.0,1267.0,77.0,2678.0,-104.0,2666.0,65698.0,10.5,12.1,40.2,1.2,-1.6,41.4,116.0,,,,,,,
"pender county, nc",,,,,,,,,,,,,,,,,30808.0,29735.0,109.1,73663.0,1073.0,3.5,
pendleton county,163.0,199.0,101.0,208.0,2.0,68.0,-36.0,103.0,14703.0,11.1,13.6,6.9,0.1,-2.5,7.0,1.0,,,,,,,
"pendleton county, ky",,,,,,,,,,,,,,,,,6892.0,6641.0,110.9,65727.0,251.0,3.6,
"pendleton county, wv",,,,,,,,,,,,,,,,,3740.0,3643.0,97.1,52553.0,97.0,2.6,
pennington county,154.0,161.0,41.0,283.0,4.0,35.0,-7.0,45.0,13816.0,11.2,11.7,3.0,0.3,-0.5,3.3,-3.0,,,,,,,
"pennington county, mn",,,,,,,,,,,,,,,,,8778.0,8498.0,92.8,76423.0,280.0,3.2,
"pennington county, sd",,,,,,,,,,,,,,,,,59489.0,58307.0,95.7,67573.0,1182.0,2.0,
penobscot county,1298.0,2088.0,1890.0,6782.0,231.0,1369.0,-790.0,2121.0,154728.0,8.4,13.6,12.3,1.5,-5.1,13.8,38.0,,,,,,,
"penobscot county, me",,,,,,,,,,,,,,,,,73882.0,71644.0,87.4,60761.0,2238.0,3.0,
"penuelas municipio, pr",,,,,,,,,,,,,,,,,6145.0,5550.0,,,595.0,9.7,
peoria county,2081.0,2144.0,-2082.0,4725.0,499.0,-1638.0,-63.0,-1583.0,178000.0,11.6,12.0,-11.6,2.8,-0.4,-8.9,8.0,,,,,,,
"peoria county, il",,,,,,,,,,,,,,,,,81717.0,77416.0,85.2,65421.0,4301.0,5.3,
pepin county,75.0,83.0,8.0,10.0,7.0,4.0,-8.0,15.0,7378.0,10.2,11.3,1.1,0.9,-1.1,2.0,-3.0,,,,,,,
"pepin county, wi",,,,,,,,,,,,,,,,,4059.0,3932.0,97.9,69535.0,127.0,3.1,
perkins county,24.0,35.0,15.0,21.0,6.0,8.0,-11.0,21.0,2827.0,8.5,12.4,5.3,2.1,-3.9,7.4,-2.0,,,,,,,
"perkins county, ne",,,,,,,,,,,,,,,,,1858.0,1829.0,96.4,67296.0,29.0,1.6,
"perkins county, sd",,,,,,,,,,,,,,,,,1433.0,1404.0,80.9,57148.0,29.0,2.0,
perquimans county,122.0,210.0,193.0,96.0,-7.0,104.0,-88.0,186.0,13221.0,9.3,15.9,14.7,-0.5,-6.7,14.1,6.0,,,,,,,
"perquimans county, nc",,,,,,,,,,,,,,,,,4980.0,4755.0,89.9,60665.0,225.0,4.5,
perry county,91.0,152.0,-390.0,302.0,1.0,-424.0,-61.0,-389.0,7904.0,11.2,18.7,-48.1,0.1,-7.5,-47.9,26.0,,,,,,,
"perry county, al",,,,,,,,,,,,,,,,,3071.0,2914.0,56.3,33585.0,157.0,5.1,
"perry county, ar",,,,,,,,,,,,,,,,,4219.0,4072.0,102.0,56640.0,147.0,3.5,
"perry county, il",,,,,,,,,,,,,,,,,7801.0,7397.0,69.1,53051.0,404.0,5.2,
"perry county, in",,,,,,,,,,,,,,,,,8760.0,8485.0,83.1,55503.0,275.0,3.1,
"perry county, ky",,,,,,,,,,,,,,,,,7909.0,7499.0,74.2,43945.0,410.0,5.2,
"perry county, mo",,,,,,,,,,,,,,,,,9455.0,9250.0,97.4,63127.0,205.0,2.2,
"perry county, ms",,,,,,,,,,,,,,,,,4245.0,4047.0,85.4,45071.0,198.0,4.7,
"perry county, oh",,,,,,,,,,,,,,,,,15911.0,15209.0,91.9,60448.0,702.0,4.4,
"perry county, pa",,,,,,,,,,,,,,,,,24665.0,23828.0,94.5,67834.0,837.0,3.4,
"perry county, tn",,,,,,,,,,,,,,,,,2794.0,2644.0,71.2,46448.0,150.0,5.4,
pershing county,50.0,90.0,49.0,1452.0,18.0,23.0,-40.0,67.0,6450.0,7.8,14.0,7.6,2.8,-6.2,10.4,-4.0,,,,,,,
"pershing county, nv",,,,,,,,,,,,,,,,,2501.0,2414.0,90.3,65315.0,87.0,3.5,
person county,423.0,549.0,314.0,354.0,12.0,195.0,-126.0,326.0,39343.0,10.8,14.0,8.0,0.3,-3.2,8.3,-5.0,,,,,,,
"person county, nc",,,,,,,,,,,,,,,,,18824.0,18106.0,90.8,61302.0,718.0,3.8,
petersburg borough,27.0,30.0,-35.0,186.0,27.0,-11.0,-3.0,-8.0,3370.0,8.0,8.9,-10.4,8.0,-0.9,-2.4,0.0,,,,,,,
"petersburg borough, ak",,,,,,,,,,,,,,,,,1423.0,1336.0,87.0,76641.0,87.0,6.1,
petersburg city,730.0,675.0,-63.0,528.0,79.0,51.0,55.0,16.0,33462.0,21.8,20.2,-1.9,2.4,1.6,0.5,-20.0,,,,,,,
"petersburg city, va",,,,,,,,,,,,,,,,,12608.0,11917.0,49.4,42385.0,691.0,5.5,
petroleum county,11.0,8.0,0.0,0.0,0.0,3.0,3.0,0.0,521.0,21.2,15.4,0.0,0.0,5.8,0.0,0.0,,,,,,,
"petroleum county, mt",,,,,,,,,,,,,,,,,270.0,262.0,72.1,48991.0,8.0,3.0,
pettis county,575.0,529.0,58.0,995.0,104.0,184.0,46.0,162.0,43397.0,13.3,12.2,1.3,2.4,1.1,3.7,-24.0,,,,,,,
"pettis county, mo",,,,,,,,,,,,,,,,,19804.0,19276.0,90.8,58827.0,528.0,2.7,
peñuelas municipio,,,,,,,,,19751.0,,,,,,,,,,,,,,
phelps county,432.0,592.0,350.0,2796.0,214.0,374.0,-160.0,564.0,45273.0,9.6,13.1,7.8,4.7,-3.5,12.5,-30.0,,,,,,,
"phelps county, mo",,,,,,,,,,,,,,,,,19864.0,19356.0,84.5,54740.0,508.0,2.6,
"phelps county, ne",,,,,,,,,,,,,,,,,5006.0,4915.0,94.9,66287.0,91.0,1.8,
philadelphia county,19276.0,16336.0,-33153.0,57547.0,7122.0,-22787.0,2940.0,-26031.0,1566836.0,12.2,10.4,-21.0,4.5,1.9,-16.5,304.0,,,,,,,
"philadelphia county/city, pa",,,,,,,,,,,,,,,,,730158.0,693345.0,78.5,56385.0,36813.0,5.0,
phillips county,207.0,292.0,-428.0,215.0,27.0,-475.0,-85.0,-401.0,15350.0,13.3,18.7,-27.5,1.7,-5.5,-25.7,11.0,,,,,,,
"phillips county, ar",,,,,,,,,,,,,,,,,5475.0,5137.0,65.0,36098.0,338.0,6.2,
"phillips county, co",,,,,,,,,,,,,,,,,2417.0,2366.0,77.0,68571.0,51.0,2.1,
"phillips county, ks",,,,,,,,,,,,,,,,,2644.0,2585.0,85.5,58834.0,59.0,2.2,
"phillips county, mt",,,,,,,,,,,,,,,,,1804.0,1736.0,82.5,56043.0,68.0,3.8,
piatt county,155.0,205.0,-29.0,199.0,1.0,-82.0,-50.0,-28.0,16675.0,9.3,12.3,-1.7,0.1,-3.0,-1.7,-4.0,,,,,,,
"piatt county, il",,,,,,,,,,,,,,,,,8590.0,8282.0,111.3,85430.0,308.0,3.6,
pickaway county,624.0,762.0,1326.0,4044.0,14.0,1242.0,-138.0,1340.0,60007.0,10.5,12.8,22.3,0.2,-2.3,22.6,40.0,,,,,,,
"pickaway county, oh",,,,,,,,,,,,,,,,,26727.0,25734.0,115.4,75916.0,993.0,3.7,
pickens county,181.0,308.0,233.0,1916.0,11.0,131.0,-127.0,244.0,18749.0,9.7,16.5,12.5,0.6,-6.8,13.1,14.0,,,,,,,
"pickens county, al",,,,,,,,,,,,,,,,,7658.0,7415.0,76.1,45440.0,243.0,3.2,
"pickens county, ga",,,,,,,,,,,,,,,,,15881.0,15460.0,98.9,71955.0,421.0,2.7,
"pickens county, sc",,,,,,,,,,,,,,,,,58341.0,56548.0,86.2,55333.0,1793.0,3.1,
pickett county,33.0,79.0,80.0,51.0,-1.0,34.0,-46.0,79.0,5103.0,6.5,15.5,15.7,-0.2,-9.0,15.5,1.0,,,,,,,
"pickett county, tn",,,,,,,,,,,,,,,,,2181.0,2097.0,73.5,47932.0,84.0,3.9,
pierce county,249.0,318.0,288.0,159.0,-1.0,215.0,-69.0,287.0,20190.0,12.4,15.8,14.3,0.0,-3.4,14.3,-3.0,,,,,,,
"pierce county, ga",,,,,,,,,,,,,,,,,8675.0,8424.0,72.4,52695.0,251.0,2.9,
"pierce county, nd",,,,,,,,,,,,,,,,,1692.0,1651.0,80.6,59007.0,41.0,2.4,
"pierce county, ne",,,,,,,,,,,,,,,,,4213.0,4137.0,101.5,70906.0,76.0,1.8,
"pierce county, wa",,,,,,,,,,,,,,,,,450279.0,428275.0,101.7,92793.0,22004.0,4.9,
"pierce county, wi",,,,,,,,,,,,,,,,,24487.0,23687.0,120.3,85508.0,800.0,3.3,
pike county,359.0,439.0,278.0,2118.0,63.0,262.0,-80.0,341.0,33008.0,10.9,13.4,8.5,1.9,-2.4,10.4,1.0,,,,,,,
"pike county, al",,,,,,,,,,,,,,,,,15988.0,15559.0,75.6,45144.0,429.0,2.7,
"pike county, ar",,,,,,,,,,,,,,,,,4028.0,3883.0,74.5,41348.0,145.0,3.6,
"pike county, ga",,,,,,,,,,,,,,,,,9181.0,8926.0,110.8,80626.0,255.0,2.8,
"pike county, il",,,,,,,,,,,,,,,,,6746.0,6453.0,70.7,54244.0,293.0,4.3,
"pike county, in",,,,,,,,,,,,,,,,,5873.0,5683.0,95.1,63487.0,190.0,3.2,
"pike county, ky",,,,,,,,,,,,,,,,,18891.0,17889.0,70.6,41837.0,1002.0,5.3,
"pike county, mo",,,,,,,,,,,,,,,,,7164.0,6979.0,91.2,59081.0,185.0,2.6,
"pike county, ms",,,,,,,,,,,,,,,,,13987.0,13327.0,77.6,40945.0,660.0,4.7,
"pike county, oh",,,,,,,,,,,,,,,,,11024.0,10466.0,83.6,55029.0,558.0,5.1,
"pike county, pa",,,,,,,,,,,,,,,,,25674.0,24320.0,114.1,81886.0,1354.0,5.3,
pima county,10093.0,12750.0,7927.0,27180.0,3224.0,8562.0,-2657.0,11151.0,1057476.0,9.6,12.1,7.5,3.1,-2.5,10.6,68.0,,,,,,,
"pima county, az",,,,,,,,,,,,,,,,,486536.0,468109.0,86.1,64007.0,18427.0,3.8,
pinal county,5051.0,4835.0,14075.0,21084.0,1099.0,16044.0,216.0,15174.0,465037.0,11.1,10.6,30.8,2.4,0.5,33.2,654.0,,,,,,,
"pinal county, az",,,,,,,,,,,,,,,,,198462.0,190831.0,102.5,76232.0,7631.0,3.8,
pine county,301.0,402.0,222.0,1237.0,17.0,119.0,-101.0,239.0,29533.0,10.2,13.6,7.5,0.6,-3.4,8.1,-19.0,,,,,,,
"pine county, mn",,,,,,,,,,,,,,,,,14399.0,13789.0,79.1,65139.0,610.0,4.2,
pinellas county,7444.0,14098.0,6747.0,21294.0,1971.0,2209.0,-6654.0,8718.0,961792.0,7.7,14.7,7.0,2.1,-6.9,9.1,145.0,,,,,,,
"pinellas county, fl",,,,,,,,,,,,,,,,,508116.0,494211.0,95.9,66427.0,13905.0,2.7,
pipestone county,131.0,134.0,-37.0,146.0,13.0,-27.0,-3.0,-24.0,9327.0,14.0,14.3,-4.0,1.4,-0.3,-2.6,0.0,,,,,,,
"pipestone county, mn",,,,,,,,,,,,,,,,,4657.0,4545.0,79.5,65499.0,112.0,2.4,
piscataquis county,132.0,312.0,325.0,241.0,31.0,186.0,-180.0,356.0,17403.0,7.6,18.0,18.8,1.8,-10.4,20.6,10.0,,,,,,,
"piscataquis county, me",,,,,,,,,,,,,,,,,7345.0,7076.0,75.6,52529.0,269.0,3.7,
pitkin county,128.0,69.0,-600.0,49.0,25.0,-490.0,59.0,-575.0,16847.0,7.5,4.0,-35.1,1.5,3.5,-33.6,26.0,,,,,,,
"pitkin county, co",,,,,,,,,,,,,,,,,10553.0,10200.0,124.9,111291.0,353.0,3.3,
pitt county,2074.0,1733.0,815.0,4958.0,284.0,1375.0,341.0,1099.0,173610.0,12.0,10.0,4.7,1.6,2.0,6.4,-65.0,,,,,,,
"pitt county, nc",,,,,,,,,,,,,,,,,87986.0,84352.0,84.9,57319.0,3634.0,4.1,
pittsburg county,488.0,805.0,176.0,2055.0,7.0,-154.0,-317.0,183.0,43476.0,11.2,18.5,4.0,0.2,-7.3,4.2,-20.0,,,,,,,
"pittsburg county, ok",,,,,,,,,,,,,,,,,16501.0,15784.0,80.4,47930.0,717.0,4.3,
pittsylvania county,420.0,895.0,281.0,1293.0,7.0,-214.0,-475.0,288.0,59824.0,7.0,14.9,4.7,0.1,-7.9,4.8,-27.0,,,,,,,
"pittsylvania county, va",,,,,,,,,,,,,,,,,30156.0,29238.0,57.9,49659.0,918.0,3.0,
piute county,17.0,24.0,9.0,0.0,0.0,1.0,-7.0,9.0,1493.0,11.4,16.1,6.0,0.0,-4.7,6.0,-1.0,,,,,,,
"piute county, ut",,,,,,,,,,,,,,,,,511.0,490.0,61.6,54495.0,21.0,4.1,
placer county,3816.0,3923.0,4590.0,4352.0,675.0,5027.0,-107.0,5265.0,418074.0,9.2,9.4,11.0,1.6,-0.3,12.7,-131.0,,,,,,,
"placer county, ca",,,,,,,,,,,,,,,,,191660.0,185671.0,116.0,106114.0,5989.0,3.1,
plaquemines parish,293.0,225.0,-826.0,790.0,32.0,-692.0,68.0,-794.0,22618.0,12.8,9.8,-36.0,1.4,3.0,-34.6,34.0,,,,,,,
"plaquemines parish, la",,,,,,,,,,,,,,,,,9727.0,9414.0,129.6,71876.0,313.0,3.2,
platte county,1191.0,948.0,1315.0,1232.0,270.0,1826.0,243.0,1585.0,110570.0,10.9,8.6,12.0,2.5,2.2,14.5,-2.0,,,,,,,
"platte county, mo",,,,,,,,,,,,,,,,,59554.0,58204.0,145.0,93925.0,1350.0,2.3,
"platte county, ne",,,,,,,,,,,,,,,,,18436.0,18079.0,96.1,67132.0,357.0,1.9,
"platte county, wy",,,,,,,,,,,,,,,,,4443.0,4294.0,85.8,61185.0,149.0,3.4,
pleasants county,71.0,128.0,28.0,742.0,0.0,-34.0,-57.0,28.0,7570.0,9.4,16.9,3.7,0.0,-7.5,3.7,-5.0,,,,,,,
"pleasants county, wv",,,,,,,,,,,,,,,,,2660.0,2518.0,104.2,56391.0,142.0,5.3,
plumas county,161.0,178.0,-522.0,68.0,16.0,-515.0,-17.0,-506.0,19443.0,8.2,9.0,-26.5,0.8,-0.9,-25.7,8.0,,,,,,,
"plumas county, ca",,,,,,,,,,,,,,,,,7353.0,6866.0,72.9,66725.0,487.0,6.6,
plymouth county,309.0,274.0,-115.0,316.0,74.0,-9.0,35.0,-41.0,25722.0,12.0,10.7,-4.5,2.9,1.4,-1.6,-3.0,,,,,,,
"plymouth county, ia",,,,,,,,,,,,,,,,,14787.0,14468.0,113.9,79431.0,319.0,2.2,
"plymouth county, ma",,,,,,,,,,,,,,,,,283538.0,272555.0,108.6,102647.0,10983.0,3.9,
pocahontas county,77.0,108.0,31.0,111.0,38.0,34.0,-31.0,69.0,7073.0,10.9,15.3,4.4,5.4,-4.4,9.8,-4.0,,,,,,,
"pocahontas county, ia",,,,,,,,,,,,,,,,,4233.0,4139.0,88.8,61927.0,94.0,2.2,
"pocahontas county, wv",,,,,,,,,,,,,,,,,3874.0,3716.0,82.4,44553.0,158.0,4.1,
poinsett county,292.0,425.0,-130.0,309.0,27.0,-238.0,-133.0,-103.0,22453.0,12.9,18.8,-5.8,1.2,-5.9,-4.6,-2.0,,,,,,,
"poinsett county, ar",,,,,,,,,,,,,,,,,9880.0,9555.0,85.3,47372.0,325.0,3.3,
pointe coupee parish,255.0,333.0,-63.0,153.0,17.0,-134.0,-78.0,-46.0,20212.0,12.6,16.4,-3.1,0.8,-3.8,-2.3,-10.0,,,,,,,
"pointe coupee parish, la",,,,,,,,,,,,,,,,,9761.0,9384.0,101.8,56457.0,377.0,3.9,
polk county,204.0,357.0,148.0,96.0,5.0,1.0,-153.0,153.0,19334.0,10.6,18.5,7.7,0.3,-7.9,7.9,1.0,,,,,,,
"polk county, ar",,,,,,,,,,,,,,,,,7779.0,7502.0,81.6,45289.0,277.0,3.6,
"polk county, fl",,,,,,,,,,,,,,,,,336044.0,323912.0,89.4,61941.0,12132.0,3.6,
"polk county, ga",,,,,,,,,,,,,,,,,18596.0,18008.0,75.5,54894.0,588.0,3.2,
"polk county, ia",,,,,,,,,,,,,,,,,276399.0,268724.0,111.0,77369.0,7675.0,2.8,
"polk county, mn",,,,,,,,,,,,,,,,,16028.0,15575.0,84.4,69538.0,453.0,2.8,
"polk county, mo",,,,,,,,,,,,,,,,,14625.0,14256.0,82.9,53693.0,369.0,2.5,
"polk county, nc",,,,,,,,,,,,,,,,,9379.0,9018.0,91.2,61585.0,361.0,3.8,
"polk county, ne",,,,,,,,,,,,,,,,,2925.0,2871.0,101.4,70813.0,54.0,1.8,
"polk county, or",,,,,,,,,,,,,,,,,42362.0,40678.0,102.0,77156.0,1684.0,4.0,
"polk county, tn",,,,,,,,,,,,,,,,,7077.0,6813.0,84.5,55146.0,264.0,3.7,
"polk county, tx",,,,,,,,,,,,,,,,,18726.0,17674.0,81.5,58894.0,1052.0,5.6,
"polk county, wi",,,,,,,,,,,,,,,,,24613.0,23666.0,104.1,73982.0,947.0,3.8,
ponce municipio,,,,,,,,,132114.0,,,,,,,,,,,,,,
"ponce municipio, pr",,,,,,,,,,,,,,,,,48592.0,45202.0,,,3390.0,7.0,
pondera county,71.0,68.0,59.0,195.0,17.0,74.0,3.0,76.0,6092.0,11.7,11.2,9.7,2.8,0.5,12.6,-5.0,,,,,,,
"pondera county, mt",,,,,,,,,,,,,,,,,2598.0,2529.0,75.2,51057.0,69.0,2.7,
pontotoc county,419.0,451.0,80.0,202.0,12.0,42.0,-32.0,92.0,31367.0,13.4,14.4,2.6,0.4,-1.0,2.9,-18.0,,,,,,,
"pontotoc county, ms",,,,,,,,,,,,,,,,,14816.0,14316.0,96.8,51086.0,500.0,3.4,
"pontotoc county, ok",,,,,,,,,,,,,,,,,19621.0,19073.0,94.0,56077.0,548.0,2.8,
pope county,730.0,760.0,313.0,2600.0,20.0,275.0,-30.0,333.0,64053.0,11.4,11.9,4.9,0.3,-0.5,5.2,-28.0,,,,,,,
"pope county, ar",,,,,,,,,,,,,,,,,27351.0,26322.0,104.3,57881.0,1029.0,3.8,
"pope county, il",,,,,,,,,,,,,,,,,1752.0,1669.0,71.5,54878.0,83.0,4.7,
"pope county, mn",,,,,,,,,,,,,,,,,6489.0,6338.0,83.7,68888.0,151.0,2.3,
poquoson city,132.0,138.0,4.0,90.0,5.0,-4.0,-6.0,9.0,12624.0,10.5,10.9,0.3,0.4,-0.5,0.7,-7.0,,,,,,,
"poquoson city, va",,,,,,,,,,,,,,,,,6378.0,6227.0,127.6,109549.0,151.0,2.4,
portage county,1362.0,1964.0,2846.0,6645.0,256.0,2666.0,-602.0,3102.0,161742.0,8.5,12.2,17.7,1.6,-3.8,19.3,166.0,,,,,,,
"portage county, oh",,,,,,,,,,,,,,,,,85243.0,81995.0,110.9,72965.0,3248.0,3.8,
"portage county, wi",,,,,,,,,,,,,,,,,37677.0,36576.0,100.4,71360.0,1101.0,2.9,
porter county,1675.0,1943.0,511.0,3321.0,172.0,297.0,-268.0,683.0,174848.0,9.6,11.1,2.9,1.0,-1.5,3.9,-118.0,,,,,,,
"porter county, in",,,,,,,,,,,,,,,,,85433.0,82584.0,126.3,84352.0,2849.0,3.3,
portsmouth city,1333.0,1347.0,-701.0,2785.0,79.0,-698.0,-14.0,-622.0,96954.0,13.7,13.8,-7.2,0.8,-0.1,-6.4,-62.0,,,,,,,
"portsmouth city, va",,,,,,,,,,,,,,,,,44161.0,42505.0,63.9,54843.0,1656.0,3.7,
posey county,214.0,261.0,-6.0,205.0,1.0,-67.0,-47.0,-5.0,25098.0,8.5,10.4,-0.2,0.0,-1.9,-0.2,-15.0,,,,,,,
"posey county, in",,,,,,,,,,,,,,,,,12948.0,12635.0,113.7,75907.0,313.0,2.4,
pottawatomie county,376.0,229.0,271.0,330.0,15.0,419.0,147.0,286.0,26292.0,14.4,8.8,10.4,0.6,5.6,11.0,-14.0,,,,,,,
"pottawatomie county, ks",,,,,,,,,,,,,,,,,12484.0,12186.0,124.7,85822.0,298.0,2.4,
"pottawatomie county, ok",,,,,,,,,,,,,,,,,33515.0,32347.0,88.4,52695.0,1168.0,3.5,
pottawattamie county,1001.0,1199.0,-270.0,2167.0,157.0,-345.0,-198.0,-113.0,93065.0,10.7,12.9,-2.9,1.7,-2.1,-1.2,-34.0,,,,,,,
"pottawattamie county, ia",,,,,,,,,,,,,,,,,47609.0,46252.0,98.6,68712.0,1357.0,2.9,
potter county,168.0,302.0,39.0,213.0,0.0,-105.0,-134.0,39.0,16206.0,10.3,18.6,2.4,0.0,-8.2,2.4,-10.0,,,,,,,
"potter county, pa",,,,,,,,,,,,,,,,,6886.0,6509.0,75.1,53935.0,377.0,5.5,
"potter county, sd",,,,,,,,,,,,,,,,,1040.0,1017.0,102.5,72374.0,23.0,2.2,
"potter county, tx",,,,,,,,,,,,,,,,,54782.0,52994.0,70.6,51028.0,1788.0,3.3,
powder river county,20.0,22.0,24.0,21.0,0.0,22.0,-2.0,24.0,1732.0,11.6,12.8,13.9,0.0,-1.2,13.9,0.0,,,,,,,
"powder river county, mt",,,,,,,,,,,,,,,,,991.0,969.0,79.7,54102.0,22.0,2.2,
powell county,159.0,225.0,30.0,295.0,-1.0,-45.0,-66.0,29.0,13041.0,12.2,17.2,2.3,-0.1,-5.1,2.2,-8.0,,,,,,,
"powell county, ky",,,,,,,,,,,,,,,,,5215.0,4993.0,71.6,42434.0,222.0,4.3,
"powell county, mt",,,,,,,,,,,,,,,,,2914.0,2835.0,88.9,60350.0,79.0,2.7,
power county,107.0,71.0,89.0,58.0,36.0,161.0,36.0,125.0,8136.0,13.3,8.8,11.0,4.5,4.5,15.5,0.0,,,,,,,
"power county, id",,,,,,,,,,,,,,,,,3933.0,3802.0,79.1,57426.0,131.0,3.3,
poweshiek county,187.0,252.0,-69.0,1611.0,36.0,-106.0,-65.0,-33.0,18518.0,10.1,13.6,-3.7,1.9,-3.5,-1.8,-8.0,,,,,,,
"poweshiek county, ia",,,,,,,,,,,,,,,,,10239.0,9949.0,99.8,69566.0,290.0,2.8,
powhatan county,285.0,318.0,363.0,1069.0,27.0,355.0,-33.0,390.0,31585.0,9.1,10.1,11.6,0.9,-1.1,12.4,-2.0,,,,,,,
"powhatan county, va",,,,,,,,,,,,,,,,,14669.0,14306.0,122.6,105231.0,363.0,2.5,
prairie county,79.0,151.0,57.0,135.0,-1.0,-18.0,-72.0,56.0,8077.0,9.8,18.7,7.0,-0.1,-8.9,6.9,-2.0,,,,,,,
"prairie county, ar",,,,,,,,,,,,,,,,,3504.0,3403.0,91.9,51017.0,101.0,2.9,
"prairie county, mt",,,,,,,,,,,,,,,,,494.0,479.0,73.4,49838.0,15.0,3.0,
pratt county,112.0,132.0,-79.0,497.0,2.0,-95.0,-20.0,-77.0,9073.0,12.3,14.5,-8.7,0.2,-2.2,-8.4,2.0,,,,,,,
"pratt county, ks",,,,,,,,,,,,,,,,,4888.0,4785.0,95.6,65812.0,103.0,2.1,
preble county,384.0,598.0,-76.0,338.0,7.0,-297.0,-214.0,-69.0,40574.0,9.4,14.7,-1.9,0.2,-5.3,-1.7,-14.0,,,,,,,
"preble county, oh",,,,,,,,,,,,,,,,,21779.0,21045.0,102.8,67605.0,734.0,3.4,
prentiss county,282.0,368.0,-16.0,1313.0,44.0,-71.0,-86.0,28.0,24891.0,11.3,14.8,-0.6,1.8,-3.5,1.1,-13.0,,,,,,,
"prentiss county, ms",,,,,,,,,,,,,,,,,11206.0,10840.0,93.2,49217.0,366.0,3.3,
presidio county,90.0,74.0,-235.0,46.0,53.0,-159.0,16.0,-182.0,5954.0,14.9,12.3,-38.9,8.8,2.7,-30.2,7.0,,,,,,,
"presidio county, tx",,,,,,,,,,,,,,,,,3108.0,2914.0,60.4,43666.0,194.0,6.2,
presque isle county,88.0,216.0,287.0,159.0,7.0,171.0,-128.0,294.0,13343.0,6.6,16.3,21.6,0.5,-9.7,22.2,5.0,,,,,,,
"presque isle county, mi",,,,,,,,,,,,,,,,,4904.0,4534.0,84.2,56375.0,370.0,7.5,
preston county,300.0,495.0,104.0,3332.0,34.0,-82.0,-195.0,138.0,34222.0,8.8,14.4,3.0,1.0,-5.7,4.0,-25.0,,,,,,,
"preston county, wv",,,,,,,,,,,,,,,,,15440.0,14817.0,103.5,55965.0,623.0,4.0,
price county,93.0,221.0,224.0,154.0,9.0,111.0,-128.0,233.0,14159.0,6.6,15.7,15.9,0.6,-9.1,16.5,6.0,,,,,,,
"price county, wi",,,,,,,,,,,,,,,,,6286.0,6074.0,75.8,53883.0,212.0,3.4,
prince edward county,211.0,274.0,-28.0,4415.0,40.0,-63.0,-63.0,12.0,21899.0,9.6,12.5,-1.3,1.8,-2.9,0.5,-12.0,,,,,,,
"prince edward county, va",,,,,,,,,,,,,,,,,9941.0,9562.0,66.9,57400.0,379.0,3.8,
prince george county,371.0,371.0,2.0,9264.0,78.0,59.0,0.0,80.0,43021.0,8.6,8.6,0.0,1.8,0.0,1.9,-21.0,,,,,,,
"prince george county, va",,,,,,,,,,,,,,,,,15388.0,14878.0,89.2,76571.0,510.0,3.3,
prince george's county,10929.0,7493.0,-20019.0,19785.0,6723.0,-9471.0,3436.0,-13296.0,946980.0,11.5,7.9,-21.0,7.1,3.6,-14.0,389.0,,,,,,,
"prince george's county, md",,,,,,,,,,,,,,,,,491617.0,475409.0,98.8,93833.0,16208.0,3.3,
prince of wales-hyder census area,74.0,74.0,-74.0,37.0,3.0,-70.0,0.0,-71.0,5650.0,13.0,13.0,-13.0,0.5,0.0,-12.5,1.0,,,,,,,
"prince of wales-hyder census area, ak",,,,,,,,,,,,,,,,,2680.0,2526.0,66.3,58381.0,154.0,5.7,
prince william county,6269.0,2548.0,-5710.0,2968.0,3508.0,1660.0,3721.0,-2202.0,487012.0,12.9,5.2,-11.7,7.2,7.7,-4.5,141.0,,,,,,,
"prince william county, va",,,,,,,,,,,,,,,,,250685.0,244068.0,138.7,119051.0,6617.0,2.6,
providence county,6975.0,6208.0,-4229.0,28219.0,2340.0,-1358.0,767.0,-1889.0,657424.0,10.6,9.4,-6.4,3.6,1.2,-2.9,-236.0,,,,,,,
"providence county, ri",,,,,,,,,,,,,,,,,335461.0,323859.0,91.7,74190.0,11602.0,3.5,
prowers county,145.0,157.0,-129.0,323.0,22.0,-117.0,-12.0,-107.0,11873.0,12.2,13.2,-10.8,1.8,-1.0,-9.0,2.0,,,,,,,
"prowers county, co",,,,,,,,,,,,,,,,,6068.0,5893.0,54.8,48832.0,175.0,2.9,
pueblo county,1692.0,2517.0,953.0,3432.0,44.0,156.0,-825.0,997.0,169472.0,10.0,14.9,5.6,0.3,-4.9,5.9,-16.0,,,,,,,
"pueblo county, co",,,,,,,,,,,,,,,,,75978.0,72567.0,65.5,58314.0,3411.0,4.5,
pulaski county,4979.0,4737.0,804.0,9347.0,378.0,1279.0,242.0,1182.0,399387.0,12.5,11.9,2.0,0.9,0.6,3.0,-145.0,,,,,,,
"pulaski county, ar",,,,,,,,,,,,,,,,,189421.0,183068.0,102.8,57057.0,6353.0,3.4,
"pulaski county, ga",,,,,,,,,,,,,,,,,3980.0,3844.0,64.6,46975.0,136.0,3.4,
"pulaski county, il",,,,,,,,,,,,,,,,,1645.0,1525.0,58.5,44873.0,120.0,7.3,
"pulaski county, in",,,,,,,,,,,,,,,,,6543.0,6371.0,90.6,60487.0,172.0,2.6,
"pulaski county, ky",,,,,,,,,,,,,,,,,25205.0,24026.0,78.3,46380.0,1179.0,4.7,
"pulaski county, mo",,,,,,,,,,,,,,,,,14406.0,13965.0,95.3,61718.0,441.0,3.1,
"pulaski county, va",,,,,,,,,,,,,,,,,16602.0,16104.0,67.3,57731.0,498.0,3.0,
pushmataha county,110.0,260.0,92.0,116.0,4.0,-58.0,-150.0,96.0,10709.0,10.2,24.2,8.6,0.4,-14.0,8.9,-4.0,,,,,,,
"pushmataha county, ok",,,,,,,,,,,,,,,,,4610.0,4430.0,65.8,39267.0,180.0,3.9,
putnam county,815.0,1390.0,1116.0,1270.0,50.0,641.0,-575.0,1166.0,74736.0,11.0,18.7,15.0,0.7,-7.7,15.7,50.0,,,,,,,
"putnam county, fl",,,,,,,,,,,,,,,,,27312.0,26165.0,67.1,46459.0,1147.0,4.2,
"putnam county, ga",,,,,,,,,,,,,,,,,8752.0,8439.0,85.6,62241.0,313.0,3.6,
"putnam county, il",,,,,,,,,,,,,,,,,2958.0,2812.0,108.2,83029.0,146.0,4.9,
"putnam county, in",,,,,,,,,,,,,,,,,16819.0,16289.0,102.3,68301.0,530.0,3.2,
"putnam county, mo",,,,,,,,,,,,,,,,,2136.0,2085.0,76.5,49532.0,51.0,2.4,
"putnam county, ny",,,,,,,,,,,,,,,,,51592.0,50049.0,141.2,112167.0,1543.0,3.0,
"putnam county, oh",,,,,,,,,,,,,,,,,18806.0,18236.0,124.3,81780.0,570.0,3.0,
"putnam county, tn",,,,,,,,,,,,,,,,,35403.0,34208.0,84.3,54996.0,1195.0,3.4,
"putnam county, wv",,,,,,,,,,,,,,,,,26630.0,25745.0,147.9,80034.0,885.0,3.3,
quay county,67.0,179.0,21.0,55.0,0.0,-91.0,-112.0,21.0,8529.0,7.8,20.9,2.4,0.0,-13.1,2.4,0.0,,,,,,,
"quay county, nm",,,,,,,,,,,,,,,,,2989.0,2859.0,66.7,39885.0,130.0,4.3,
quebradillas municipio,,,,,,,,,23322.0,,,,,,,,,,,,,,
"quebradillas municipio, pr",,,,,,,,,,,,,,,,,6629.0,6090.0,,,539.0,8.1,
queen anne's county,540.0,529.0,698.0,359.0,79.0,798.0,11.0,777.0,51720.0,10.5,10.3,13.6,1.5,0.2,15.1,10.0,,,,,,,
"queen anne's county, md",,,,,,,,,,,,,,,,,27942.0,27230.0,115.2,109436.0,712.0,2.5,
queens county,23688.0,16586.0,-77029.0,34696.0,16958.0,-50450.0,7102.0,-60071.0,2278558.0,10.3,7.2,-33.4,7.4,3.1,-26.1,2519.0,,,,,,,
"queens county, ny",,,,,,,,,,,,,,,,,1140072.0,1079845.0,100.9,80180.0,60227.0,5.3,
quitman county,22.0,45.0,39.0,0.0,0.0,17.0,-23.0,39.0,2259.0,9.8,20.0,17.3,0.0,-10.2,17.3,1.0,,,,,,,
"quitman county, ga",,,,,,,,,,,,,,,,,728.0,691.0,57.1,41516.0,37.0,5.1,
"quitman county, ms",,,,,,,,,,,,,,,,,2299.0,2173.0,76.3,40255.0,126.0,5.5,
rabun county,154.0,281.0,233.0,216.0,25.0,147.0,-127.0,258.0,17267.0,9.0,16.3,13.6,1.5,-7.4,15.0,16.0,,,,,,,
"rabun county, ga",,,,,,,,,,,,,,,,,7799.0,7566.0,87.1,63387.0,233.0,3.0,
racine county,2179.0,2336.0,-520.0,3819.0,224.0,-544.0,-157.0,-296.0,195961.0,11.1,11.9,-2.6,1.1,-0.8,-1.5,-91.0,,,,,,,
"racine county, wi",,,,,,,,,,,,,,,,,98838.0,95384.0,101.8,72331.0,3454.0,3.5,
radford city,141.0,140.0,165.0,3464.0,22.0,192.0,1.0,187.0,16719.0,8.5,8.4,9.9,1.3,0.1,11.2,4.0,,,,,,,
"radford city, va",,,,,,,,,,,,,,,,,8960.0,8654.0,55.8,47892.0,306.0,3.4,
rains county,111.0,207.0,445.0,59.0,5.0,373.0,-96.0,450.0,12836.0,8.8,16.4,35.2,0.4,-7.6,35.6,19.0,,,,,,,
"rains county, tx",,,,,,,,,,,,,,,,,6538.0,6312.0,62.8,45419.0,226.0,3.5,
raleigh county,656.0,1437.0,-220.0,3344.0,54.0,-978.0,-781.0,-166.0,72801.0,9.0,19.6,-3.0,0.7,-10.7,-2.3,-31.0,,,,,,,
"raleigh county, wv",,,,,,,,,,,,,,,,,29446.0,28363.0,94.9,51317.0,1083.0,3.7,
ralls county,98.0,139.0,85.0,92.0,1.0,42.0,-41.0,86.0,10410.0,9.4,13.4,8.2,0.1,-3.9,8.3,-3.0,,,,,,,
"ralls county, mo",,,,,,,,,,,,,,,,,5363.0,5234.0,100.4,65016.0,129.0,2.4,
ramsey county,6679.0,5165.0,-11214.0,16992.0,2711.0,-6722.0,1514.0,-8503.0,537303.0,12.4,9.6,-20.7,5.0,2.8,-15.7,267.0,,,,,,,
"ramsey county, mn",,,,,,,,,,,,,,,,,284339.0,277002.0,91.1,75041.0,7337.0,2.6,
"ramsey county, nd",,,,,,,,,,,,,,,,,5679.0,5557.0,97.4,71307.0,122.0,2.1,
randall county,1805.0,1471.0,1688.0,2536.0,151.0,2189.0,334.0,1839.0,146244.0,12.4,10.1,11.6,1.0,2.3,12.7,16.0,,,,,,,
"randall county, tx",,,,,,,,,,,,,,,,,75680.0,73487.0,106.6,77066.0,2193.0,2.9,
randolph county,252.0,355.0,368.0,588.0,2.0,276.0,-103.0,370.0,22460.0,11.3,15.9,16.5,0.1,-4.6,16.6,9.0,,,,,,,
"randolph county, al",,,,,,,,,,,,,,,,,9628.0,9397.0,82.8,49433.0,231.0,2.4,
"randolph county, ar",,,,,,,,,,,,,,,,,7147.0,6911.0,82.2,45638.0,236.0,3.3,
"randolph county, ga",,,,,,,,,,,,,,,,,2374.0,2265.0,53.9,39188.0,109.0,4.6,
"randolph county, il",,,,,,,,,,,,,,,,,13378.0,12874.0,81.5,62575.0,504.0,3.8,
"randolph county, in",,,,,,,,,,,,,,,,,11624.0,11274.0,85.3,56920.0,350.0,3.0,
"randolph county, mo",,,,,,,,,,,,,,,,,10125.0,9857.0,75.3,48762.0,268.0,2.6,
"randolph county, nc",,,,,,,,,,,,,,,,,65267.0,62865.0,86.0,58037.0,2402.0,3.7,
"randolph county, wv",,,,,,,,,,,,,,,,,11679.0,11133.0,91.2,49362.0,546.0,4.7,
rankin county,1720.0,1584.0,725.0,5683.0,76.0,855.0,136.0,801.0,158978.0,10.8,10.0,4.6,0.5,0.9,5.1,-82.0,,,,,,,
"rankin county, ms",,,,,,,,,,,,,,,,,76286.0,74103.0,138.1,72906.0,2183.0,2.9,
ransom county,51.0,78.0,-10.0,378.0,5.0,-35.0,-27.0,-5.0,5647.0,9.0,13.8,-1.8,0.9,-4.8,-0.9,-3.0,,,,,,,
"ransom county, nd",,,,,,,,,,,,,,,,,2661.0,2617.0,103.9,76130.0,44.0,1.7,
rapides parish,1670.0,1953.0,-1428.0,3336.0,99.0,-1598.0,-283.0,-1329.0,127028.0,13.1,15.3,-11.2,0.8,-2.2,-10.4,14.0,,,,,,,
"rapides parish, la",,,,,,,,,,,,,,,,,55235.0,53441.0,100.7,55870.0,1794.0,3.2,
rappahannock county,34.0,97.0,77.0,4.0,8.0,22.0,-63.0,85.0,7453.0,4.6,13.0,10.3,1.1,-8.5,11.4,0.0,,,,,,,
"rappahannock county, va",,,,,,,,,,,,,,,,,3710.0,3619.0,99.7,85575.0,91.0,2.5,
ravalli county,406.0,685.0,1257.0,441.0,63.0,1093.0,-279.0,1320.0,47177.0,8.7,14.7,27.0,1.4,-6.0,28.3,52.0,,,,,,,
"ravalli county, mt",,,,,,,,,,,,,,,,,21714.0,21081.0,96.9,65789.0,633.0,2.9,
rawlins county,24.0,39.0,-22.0,37.0,1.0,-35.0,-15.0,-21.0,2523.0,9.4,15.4,-8.7,0.4,-5.9,-8.3,1.0,,,,,,,
"rawlins county, ks",,,,,,,,,,,,,,,,,1530.0,1502.0,85.9,59116.0,28.0,1.8,
ray county,250.0,360.0,149.0,218.0,-2.0,32.0,-110.0,147.0,23121.0,10.8,15.6,6.4,-0.1,-4.8,6.4,-5.0,,,,,,,
"ray county, mo",,,,,,,,,,,,,,,,,10824.0,10450.0,108.8,70506.0,374.0,3.5,
reagan county,45.0,32.0,-129.0,0.0,12.0,-101.0,13.0,-117.0,3121.0,14.2,10.1,-40.7,3.8,4.1,-36.9,3.0,,,,,,,
"reagan county, tx",,,,,,,,,,,,,,,,,1640.0,1581.0,115.1,83195.0,59.0,3.6,
real county,31.0,63.0,44.0,63.0,0.0,15.0,-32.0,44.0,2832.0,11.0,22.3,15.6,0.0,-11.3,15.6,3.0,,,,,,,
"real county, tx",,,,,,,,,,,,,,,,,1141.0,1087.0,68.4,49467.0,54.0,4.7,
red lake county,51.0,44.0,-71.0,30.0,0.0,-64.0,7.0,-71.0,3881.0,13.0,11.2,-18.1,0.0,1.8,-18.1,0.0,,,,,,,
"red lake county, mn",,,,,,,,,,,,,,,,,2179.0,2099.0,90.0,74120.0,80.0,3.7,
red river county,138.0,231.0,126.0,156.0,13.0,44.0,-93.0,139.0,11605.0,11.9,19.9,10.9,1.1,-8.0,12.0,-2.0,,,,,,,
"red river county, tx",,,,,,,,,,,,,,,,,5211.0,4944.0,65.1,47081.0,267.0,5.1,
red river parish,97.0,136.0,4.0,168.0,0.0,-40.0,-39.0,4.0,7465.0,13.0,18.2,0.5,0.0,-5.2,0.5,-5.0,,,,,,,
"red river parish, la",,,,,,,,,,,,,,,,,3741.0,3615.0,79.6,44139.0,126.0,3.4,
red willow county,114.0,164.0,-40.0,299.0,1.0,-92.0,-50.0,-39.0,10528.0,10.8,15.5,-3.8,0.1,-4.7,-3.7,-3.0,,,,,,,
"red willow county, ne",,,,,,,,,,,,,,,,,5925.0,5816.0,86.1,60108.0,109.0,1.8,
redwood county,194.0,189.0,-39.0,290.0,10.0,-30.0,5.0,-29.0,15358.0,12.6,12.3,-2.5,0.7,0.3,-1.9,-6.0,,,,,,,
"redwood county, mn",,,,,,,,,,,,,,,,,7579.0,7388.0,80.9,66582.0,191.0,2.5,
reeves county,182.0,160.0,-1479.0,463.0,43.0,-1289.0,22.0,-1436.0,11692.0,14.8,13.0,-119.9,3.5,1.8,-116.4,125.0,,,,,,,
"reeves county, tx",,,,,,,,,,,,,,,,,8536.0,8241.0,74.7,53969.0,295.0,3.5,
refugio county,54.0,113.0,-3.0,78.0,0.0,-66.0,-59.0,-3.0,6638.0,8.1,16.9,-0.4,0.0,-8.8,-0.4,-4.0,,,,,,,
"refugio county, tx",,,,,,,,,,,,,,,,,2985.0,2843.0,70.5,50936.0,142.0,4.8,
reno county,656.0,855.0,263.0,2817.0,30.0,53.0,-199.0,293.0,61552.0,10.7,13.9,4.3,0.5,-3.2,4.8,-41.0,,,,,,,
"reno county, ks",,,,,,,,,,,,,,,,,29161.0,28347.0,83.8,57663.0,814.0,2.8,
rensselaer county,1496.0,1759.0,-1243.0,6776.0,344.0,-1201.0,-263.0,-899.0,159421.0,9.3,11.0,-7.8,2.1,-1.6,-5.6,-39.0,,,,,,,
"rensselaer county, ny",,,,,,,,,,,,,,,,,81856.0,79295.0,100.7,80040.0,2561.0,3.1,
renville county,134.0,209.0,-55.0,306.0,2.0,-132.0,-75.0,-53.0,14473.0,9.2,14.4,-3.8,0.1,-5.2,-3.6,-4.0,,,,,,,
"renville county, mn",,,,,,,,,,,,,,,,,8134.0,7856.0,80.8,66568.0,278.0,3.4,
"renville county, nd",,,,,,,,,,,,,,,,,1215.0,1192.0,97.3,71271.0,23.0,1.9,
republic county,58.0,90.0,0.0,57.0,1.0,-35.0,-32.0,1.0,4653.0,12.4,19.3,0.0,0.2,-6.9,0.2,-4.0,,,,,,,
"republic county, ks",,,,,,,,,,,,,,,,,2385.0,2335.0,78.4,53974.0,50.0,2.1,
reynolds county,59.0,109.0,-34.0,200.0,-1.0,-88.0,-50.0,-35.0,5996.0,9.8,18.0,-5.6,-0.2,-8.3,-5.8,-3.0,,,,,,,
"reynolds county, mo",,,,,,,,,,,,,,,,,2789.0,2705.0,68.6,44409.0,84.0,3.0,
rhea county,373.0,566.0,648.0,666.0,5.0,500.0,-193.0,653.0,33689.0,11.2,16.9,19.4,0.1,-5.8,19.5,40.0,,,,,,,
"rhea county, tn",,,,,,,,,,,,,,,,,13861.0,13267.0,90.8,59207.0,594.0,4.3,
rice county,104.0,151.0,23.0,489.0,10.0,-19.0,-47.0,33.0,9370.0,11.1,16.1,2.5,1.1,-5.0,3.5,-5.0,,,,,,,
"rice county, ks",,,,,,,,,,,,,,,,,5444.0,5322.0,89.7,61727.0,122.0,2.2,
"rice county, mn",,,,,,,,,,,,,,,,,37488.0,36564.0,94.7,77962.0,924.0,2.5,
rich county,31.0,16.0,34.0,56.0,-1.0,49.0,15.0,33.0,2649.0,11.8,6.1,13.0,-0.4,5.7,12.6,1.0,,,,,,,
"rich county, ut",,,,,,,,,,,,,,,,,1245.0,1213.0,81.1,71800.0,32.0,2.6,
richardson county,71.0,123.0,0.0,152.0,-1.0,-56.0,-52.0,-1.0,7730.0,9.2,15.9,0.0,-0.1,-6.7,-0.1,-3.0,,,,,,,
"richardson county, ne",,,,,,,,,,,,,,,,,4158.0,4077.0,80.4,56121.0,81.0,1.9,
richland county,157.0,263.0,-109.0,317.0,6.0,-212.0,-106.0,-103.0,15555.0,10.0,16.8,-7.0,0.4,-6.8,-6.6,-3.0,,,,,,,
"richland county, il",,,,,,,,,,,,,,,,,7158.0,6878.0,74.1,56831.0,280.0,3.9,
"richland county, mt",,,,,,,,,,,,,,,,,5716.0,5560.0,107.4,72974.0,156.0,2.7,
"richland county, nd",,,,,,,,,,,,,,,,,8810.0,8649.0,101.4,74253.0,161.0,1.8,
"richland county, oh",,,,,,,,,,,,,,,,,50422.0,48141.0,83.5,54906.0,2281.0,4.5,
"richland county, sc",,,,,,,,,,,,,,,,,198509.0,192084.0,95.0,61010.0,6425.0,3.2,
"richland county, wi",,,,,,,,,,,,,,,,,8851.0,8598.0,94.4,67086.0,253.0,2.9,
richland parish,256.0,306.0,-41.0,1019.0,26.0,-72.0,-50.0,-15.0,19784.0,12.9,15.4,-2.1,1.3,-2.5,-0.8,-7.0,,,,,,,
"richland parish, la",,,,,,,,,,,,,,,,,8169.0,7836.0,80.2,44470.0,333.0,4.1,
richmond city,2973.0,2529.0,-374.0,11624.0,1208.0,1227.0,444.0,834.0,228367.0,13.1,11.1,-1.6,5.3,1.9,3.7,-51.0,,,,,,,
"richmond city, va",,,,,,,,,,,,,,,,,120698.0,116730.0,68.4,58719.0,3968.0,3.3,
richmond county,2620.0,2567.0,893.0,11722.0,141.0,1070.0,53.0,1034.0,206344.0,12.7,12.5,4.3,0.7,0.3,5.0,-17.0,,,,,,,
"richmond county, ga",,,,,,,,,,,,,,,,,82486.0,78895.0,68.8,50079.0,3591.0,4.4,
"richmond county, nc",,,,,,,,,,,,,,,,,16904.0,16039.0,65.7,44383.0,865.0,5.1,
"richmond county, ny",,,,,,,,,,,,,,,,,226890.0,214276.0,115.3,91582.0,12614.0,5.6,
"richmond county, va",,,,,,,,,,,,,,,,,3960.0,3848.0,70.1,60180.0,112.0,2.8,
riley county,730.0,444.0,-896.0,11286.0,312.0,-308.0,286.0,-584.0,71563.0,10.2,6.2,-12.5,4.4,4.0,-8.1,-10.0,,,,,,,
"riley county, ks",,,,,,,,,,,,,,,,,34527.0,33610.0,81.2,55876.0,917.0,2.7,
"rincon municipio, pr",,,,,,,,,,,,,,,,,5264.0,4811.0,,,453.0,8.6,
rincón municipio,,,,,,,,,15307.0,,,,,,,,,,,,,,
ringgold county,42.0,87.0,97.0,114.0,5.0,56.0,-45.0,102.0,4688.0,9.0,18.7,20.8,1.1,-9.7,21.9,-1.0,,,,,,,
"ringgold county, ia",,,,,,,,,,,,,,,,,2365.0,2310.0,86.2,60061.0,55.0,2.3,
rio arriba county,407.0,597.0,-120.0,216.0,102.0,-225.0,-190.0,-18.0,39991.0,10.1,14.9,-3.0,2.5,-4.7,-0.4,-17.0,,,,,,,
"rio arriba county, nm",,,,,,,,,,,,,,,,,16453.0,15729.0,94.2,56353.0,724.0,4.4,
rio blanco county,60.0,71.0,108.0,210.0,7.0,107.0,-11.0,115.0,6549.0,9.2,10.9,16.6,1.1,-1.7,17.7,3.0,,,,,,,
"rio blanco county, co",,,,,,,,,,,,,,,,,2791.0,2684.0,80.4,71630.0,107.0,3.8,
rio grande county,124.0,179.0,-11.0,115.0,-2.0,-69.0,-55.0,-13.0,11337.0,10.9,15.7,-1.0,-0.2,-4.8,-1.1,-1.0,,,,,,,
"rio grande county, co",,,,,,,,,,,,,,,,,5251.0,5025.0,63.8,56877.0,226.0,4.3,
"rio grande municipio, pr",,,,,,,,,,,,,,,,,18447.0,17440.0,,,1007.0,5.5,
ripley county,336.0,431.0,121.0,531.0,8.0,15.0,-95.0,129.0,29030.0,11.6,14.9,4.2,0.3,-3.3,4.4,-19.0,,,,,,,
"ripley county, in",,,,,,,,,,,,,,,,,12808.0,12411.0,95.2,63571.0,397.0,3.1,
"ripley county, mo",,,,,,,,,,,,,,,,,4986.0,4822.0,64.2,41587.0,164.0,3.3,
ritchie county,81.0,151.0,-117.0,32.0,3.0,-180.0,-70.0,-114.0,8230.0,9.7,18.1,-14.1,0.4,-8.4,-13.7,4.0,,,,,,,
"ritchie county, wv",,,,,,,,,,,,,,,,,4278.0,4103.0,96.1,51965.0,175.0,4.1,
riverside county,27814.0,21705.0,13039.0,34438.0,2275.0,20842.0,6109.0,15314.0,2474241.0,11.3,8.8,5.3,0.9,2.5,6.2,-581.0,,,,,,,
"riverside county, ca",,,,,,,,,,,,,,,,,1145702.0,1097218.0,94.4,86350.0,48484.0,4.2,
roane county,509.0,942.0,1437.0,412.0,-14.0,1041.0,-433.0,1423.0,55129.0,9.3,17.3,26.3,-0.3,-7.9,26.1,51.0,,,,,,,
"roane county, tn",,,,,,,,,,,,,,,,,23828.0,22954.0,97.2,63430.0,874.0,3.7,
"roane county, wv",,,,,,,,,,,,,,,,,5026.0,4713.0,78.9,42697.0,313.0,6.2,
roanoke city,1267.0,1549.0,-1087.0,2057.0,352.0,-1043.0,-282.0,-735.0,97657.0,12.9,15.8,-11.1,3.6,-2.9,-7.5,-26.0,,,,,,,
"roanoke city, va",,,,,,,,,,,,,,,,,48968.0,47459.0,58.7,50425.0,1509.0,3.1,
roanoke county,707.0,1278.0,555.0,2150.0,149.0,85.0,-571.0,704.0,96756.0,7.3,13.2,5.7,1.5,-5.9,7.3,-48.0,,,,,,,
"roanoke county, va",,,,,,,,,,,,,,,,,49776.0,48544.0,89.7,77010.0,1232.0,2.5,
roberts county,135.0,127.0,-48.0,246.0,6.0,-33.0,8.0,-42.0,10139.0,13.3,12.5,-4.7,0.6,0.8,-4.1,1.0,,,,,,,
"roberts county, sd",,,,,,,,,,,,,,,,,4631.0,4482.0,81.9,57788.0,149.0,3.2,
"roberts county, tx",,,,,,,,,,,,,,,,,401.0,385.0,98.0,70814.0,16.0,4.0,
robertson county,20.0,39.0,9.0,54.0,0.0,-10.0,-19.0,9.0,2247.0,8.9,17.3,4.0,0.0,-8.4,4.0,0.0,,,,,,,
"robertson county, ky",,,,,,,,,,,,,,,,,811.0,769.0,90.2,53456.0,42.0,5.2,
"robertson county, tn",,,,,,,,,,,,,,,,,39317.0,38201.0,118.5,77326.0,1116.0,2.8,
"robertson county, tx",,,,,,,,,,,,,,,,,7982.0,7672.0,80.0,57796.0,310.0,3.9,
robeson county,1867.0,1860.0,257.0,3540.0,135.0,324.0,7.0,392.0,116466.0,16.1,16.0,2.2,1.2,0.1,3.4,-75.0,,,,,,,
"robeson county, nc",,,,,,,,,,,,,,,,,48151.0,45476.0,59.1,39931.0,2675.0,5.6,
rock county,89.0,128.0,-95.0,237.0,1.0,-131.0,-39.0,-94.0,9554.0,9.3,13.3,-9.9,0.1,-4.1,-9.8,2.0,,,,,,,
"rock county, mn",,,,,,,,,,,,,,,,,5997.0,5901.0,84.8,69835.0,96.0,1.6,
"rock county, ne",,,,,,,,,,,,,,,,,898.0,884.0,79.7,55648.0,14.0,1.6,
"rock county, wi",,,,,,,,,,,,,,,,,86212.0,83263.0,94.9,67430.0,2949.0,3.4,
rock island county,1585.0,1797.0,-1511.0,4395.0,352.0,-1364.0,-212.0,-1159.0,141559.0,11.1,12.6,-10.6,2.5,-1.5,-8.1,7.0,,,,,,,
"rock island county, il",,,,,,,,,,,,,,,,,67025.0,64009.0,81.6,62652.0,3016.0,4.5,
rockbridge county,100.0,349.0,183.0,490.0,2.0,-70.0,-249.0,185.0,22568.0,4.4,15.4,8.1,0.1,-11.0,8.2,-6.0,,,,,,,
"rockbridge county, va",,,,,,,,,,,,,,,,,10755.0,10456.0,75.0,64393.0,299.0,2.8,
rockcastle county,162.0,306.0,235.0,310.0,0.0,91.0,-144.0,235.0,16225.0,10.0,18.9,14.5,0.0,-8.9,14.5,0.0,,,,,,,
"rockcastle county, ky",,,,,,,,,,,,,,,,,6415.0,6109.0,76.2,45161.0,306.0,4.8,
rockdale county,961.0,922.0,939.0,902.0,107.0,1057.0,39.0,1046.0,94945.0,10.2,9.8,9.9,1.1,0.4,11.1,-28.0,,,,,,,
"rockdale county, ga",,,,,,,,,,,,,,,,,45162.0,43544.0,99.0,71984.0,1618.0,3.6,
rockingham county,2838.0,3063.0,1244.0,2719.0,519.0,1373.0,-225.0,1763.0,319633.0,8.9,9.6,3.9,1.6,-0.7,5.5,-165.0,,,,,,,
"rockingham county, nc",,,,,,,,,,,,,,,,,39440.0,37781.0,77.8,52494.0,1659.0,4.2,
"rockingham county, nh",,,,,,,,,,,,,,,,,187161.0,182773.0,118.4,107445.0,4388.0,2.3,
"rockingham county, va",,,,,,,,,,,,,,,,,42907.0,41846.0,85.0,72921.0,1061.0,2.5,
rockland county,6318.0,2421.0,-4502.0,6416.0,1017.0,571.0,3897.0,-3485.0,340357.0,18.6,7.1,-13.2,3.0,11.5,-10.2,159.0,,,,,,,
"rockland county, ny",,,,,,,,,,,,,,,,,159358.0,154732.0,125.6,99839.0,4626.0,2.9,
rockwall county,1336.0,868.0,5896.0,723.0,139.0,6730.0,468.0,6035.0,123342.0,11.1,7.2,49.1,1.2,3.9,50.3,227.0,,,,,,,
"rockwall county, tx",,,,,,,,,,,,,,,,,59266.0,57275.0,172.0,124291.0,1991.0,3.4,
roger mills county,35.0,53.0,-13.0,6.0,4.0,-28.0,-18.0,-9.0,3337.0,10.4,15.8,-3.9,1.2,-5.4,-2.7,-1.0,,,,,,,
"roger mills county, ok",,,,,,,,,,,,,,,,,1815.0,1773.0,92.5,55183.0,42.0,2.3,
rogers county,1058.0,1129.0,2188.0,1786.0,43.0,2189.0,-71.0,2231.0,99060.0,10.8,11.5,22.3,0.4,-0.7,22.8,29.0,,,,,,,
"rogers county, ok",,,,,,,,,,,,,,,,,46016.0,44665.0,122.3,72952.0,1351.0,2.9,
rolette county,173.0,204.0,-176.0,155.0,4.0,-200.0,-31.0,-172.0,11867.0,14.5,17.0,-14.7,0.3,-2.6,-14.4,3.0,,,,,,,
"rolette county, nd",,,,,,,,,,,,,,,,,4735.0,4432.0,69.1,50598.0,303.0,6.4,
rooks county,53.0,75.0,-35.0,190.0,1.0,-55.0,-22.0,-34.0,4810.0,11.0,15.5,-7.2,0.2,-4.5,-7.0,1.0,,,,,,,
"rooks county, ks",,,,,,,,,,,,,,,,,2407.0,2346.0,82.9,57029.0,61.0,2.5,
roosevelt county,152.0,191.0,-227.0,263.0,12.0,-251.0,-39.0,-215.0,10537.0,14.3,17.9,-21.3,1.1,-3.7,-20.2,3.0,,,,,,,
"roosevelt county, mt",,,,,,,,,,,,,,,,,4296.0,4142.0,71.7,48712.0,154.0,3.6,
"roosevelt county, nm",,,,,,,,,,,,,,,,,7825.0,7522.0,80.0,47854.0,303.0,3.9,
roscommon county,153.0,474.0,323.0,201.0,1.0,29.0,-321.0,324.0,23682.0,6.5,20.0,13.6,0.0,-13.6,13.7,26.0,,,,,,,
"roscommon county, mi",,,,,,,,,,,,,,,,,7808.0,7146.0,73.4,49151.0,662.0,8.5,
roseau county,180.0,176.0,57.0,156.0,7.0,60.0,4.0,64.0,15334.0,11.8,11.5,3.7,0.5,0.3,4.2,-8.0,,,,,,,
"roseau county, mn",,,,,,,,,,,,,,,,,7952.0,7758.0,87.2,71794.0,194.0,2.4,
rosebud county,120.0,132.0,31.0,74.0,51.0,66.0,-12.0,82.0,8152.0,14.8,16.3,3.8,6.3,-1.5,10.1,-4.0,,,,,,,
"rosebud county, mt",,,,,,,,,,,,,,,,,3566.0,3438.0,94.2,64003.0,128.0,3.6,
ross county,768.0,1182.0,440.0,5199.0,2.0,8.0,-414.0,442.0,76508.0,10.0,15.5,5.8,0.0,-5.4,5.8,-20.0,,,,,,,
"ross county, oh",,,,,,,,,,,,,,,,,35088.0,33744.0,91.7,60352.0,1344.0,3.8,
routt county,203.0,137.0,-58.0,346.0,22.0,14.0,66.0,-36.0,25072.0,8.1,5.5,-2.3,0.9,2.6,-1.4,-16.0,,,,,,,
"routt county, co",,,,,,,,,,,,,,,,,15543.0,15144.0,117.2,104407.0,399.0,2.6,
rowan county,265.0,317.0,-143.0,2746.0,-4.0,-197.0,-52.0,-147.0,24372.0,10.8,13.0,-5.8,-0.2,-2.1,-6.0,2.0,,,,,,,
"rowan county, ky",,,,,,,,,,,,,,,,,10069.0,9591.0,85.2,50498.0,478.0,4.7,
"rowan county, nc",,,,,,,,,,,,,,,,,67740.0,65262.0,90.5,61105.0,2478.0,3.7,
runnels county,122.0,190.0,59.0,179.0,5.0,-8.0,-68.0,64.0,9884.0,12.3,19.2,6.0,0.5,-6.9,6.5,-4.0,,,,,,,
"runnels county, tx",,,,,,,,,,,,,,,,,4680.0,4523.0,73.0,52729.0,157.0,3.4,
rush county,200.0,225.0,16.0,124.0,10.0,-7.0,-25.0,26.0,16672.0,12.0,13.5,1.0,0.6,-1.5,1.6,-8.0,,,,,,,
"rush county, in",,,,,,,,,,,,,,,,,8869.0,8646.0,92.3,61653.0,223.0,2.5,
"rush county, ks",,,,,,,,,,,,,,,,,1616.0,1581.0,82.3,56629.0,35.0,2.2,
rusk county,525.0,765.0,52.0,4749.0,38.0,-171.0,-240.0,90.0,52524.0,10.0,14.5,1.0,0.7,-4.6,1.7,-21.0,,,,,,,
"rusk county, tx",,,,,,,,,,,,,,,,,22474.0,21529.0,76.2,55085.0,945.0,4.2,
"rusk county, wi",,,,,,,,,,,,,,,,,6539.0,6298.0,79.4,56410.0,241.0,3.7,
russell county,829.0,801.0,-106.0,530.0,16.0,-87.0,28.0,-90.0,58594.0,14.1,13.7,-1.8,0.3,0.5,-1.5,-25.0,,,,,,,
"russell county, al",,,,,,,,,,,,,,,,,23359.0,22759.0,75.5,45074.0,600.0,2.6,
"russell county, ks",,,,,,,,,,,,,,,,,3295.0,3221.0,70.8,48754.0,74.0,2.2,
"russell county, ky",,,,,,,,,,,,,,,,,6220.0,5904.0,75.0,44425.0,316.0,5.1,
"russell county, va",,,,,,,,,,,,,,,,,11006.0,10629.0,57.7,49537.0,377.0,3.4,
rutherford county,631.0,1116.0,778.0,1204.0,21.0,329.0,-485.0,799.0,64945.0,9.7,17.2,12.0,0.3,-7.5,12.3,15.0,,,,,,,
"rutherford county, nc",,,,,,,,,,,,,,,,,24563.0,23378.0,79.2,53485.0,1185.0,4.8,
"rutherford county, tn",,,,,,,,,,,,,,,,,196153.0,190828.0,118.5,77320.0,5325.0,2.7,
rutland county,469.0,838.0,26.0,1880.0,1.0,-375.0,-369.0,27.0,60353.0,7.7,13.8,0.4,0.0,-6.1,0.4,-33.0,,,,,,,
"rutland county, vt",,,,,,,,,,,,,,,,,29951.0,29087.0,82.2,61290.0,864.0,2.9,
río grande municipio,,,,,,,,,45811.0,,,,,,,,,,,,,,
sabana grande municipio,,,,,,,,,22343.0,,,,,,,,,,,,,,
"sabana grande municipio, pr",,,,,,,,,,,,,,,,,6416.0,5893.0,,,523.0,8.2,
sabine county,108.0,255.0,160.0,124.0,5.0,28.0,-147.0,165.0,10041.0,10.8,25.4,16.0,0.5,-14.7,16.5,10.0,,,,,,,
"sabine county, tx",,,,,,,,,,,,,,,,,3942.0,3660.0,70.0,50564.0,282.0,7.2,
sabine parish,266.0,377.0,0.0,343.0,-2.0,-122.0,-111.0,-2.0,21974.0,12.1,17.1,0.0,-0.1,-5.0,-0.1,-9.0,,,,,,,
"sabine parish, la",,,,,,,,,,,,,,,,,9225.0,8926.0,81.3,45072.0,299.0,3.2,
sac county,113.0,162.0,-30.0,157.0,4.0,-79.0,-49.0,-26.0,9689.0,11.6,16.7,-3.1,0.4,-5.0,-2.7,-4.0,,,,,,,
"sac county, ia",,,,,,,,,,,,,,,,,5277.0,5145.0,104.0,72499.0,132.0,2.5,
sacramento county,18391.0,13765.0,-15700.0,32448.0,6897.0,-4430.0,4626.0,-8803.0,1584380.0,11.6,8.7,-9.9,4.3,2.9,-5.5,-253.0,,,,,,,
"sacramento county, ca",,,,,,,,,,,,,,,,,720302.0,691493.0,91.8,83985.0,28809.0,4.0,
sagadahoc county,306.0,455.0,319.0,340.0,38.0,202.0,-149.0,357.0,37372.0,8.2,12.2,8.6,1.0,-4.0,9.6,-6.0,,,,,,,
"sagadahoc county, me",,,,,,,,,,,,,,,,,19143.0,18706.0,105.9,73587.0,437.0,2.3,
saginaw county,2009.0,2601.0,-541.0,6083.0,85.0,-1143.0,-592.0,-456.0,188373.0,10.6,13.8,-2.9,0.4,-3.1,-2.4,-95.0,,,,,,,
"saginaw county, mi",,,,,,,,,,,,,,,,,83043.0,78542.0,80.8,54064.0,4501.0,5.4,
saguache county,60.0,73.0,122.0,13.0,1.0,116.0,-13.0,123.0,6627.0,9.1,11.1,18.6,0.2,-2.0,18.7,6.0,,,,,,,
"saguache county, co",,,,,,,,,,,,,,,,,3333.0,3217.0,50.6,45048.0,116.0,3.5,
salem city,326.0,402.0,292.0,2024.0,74.0,284.0,-76.0,366.0,25700.0,12.8,15.7,11.4,2.9,-3.0,14.3,-6.0,,,,,,,
"salem city, va",,,,,,,,,,,,,,,,,12881.0,12518.0,74.2,63676.0,363.0,2.8,
salem county,725.0,867.0,266.0,817.0,20.0,112.0,-142.0,286.0,65157.0,11.1,13.3,4.1,0.3,-2.2,4.4,-32.0,,,,,,,
"salem county, nj",,,,,,,,,,,,,,,,,30632.0,29159.0,78.9,76005.0,1473.0,4.8,
salinas municipio,,,,,,,,,24990.0,,,,,,,,,,,,,,
"salinas municipio, pr",,,,,,,,,,,,,,,,,7419.0,6774.0,,,645.0,8.7,
saline county,1417.0,1575.0,2114.0,1288.0,58.0,2033.0,-158.0,2172.0,127415.0,11.2,12.5,16.7,0.5,-1.3,17.2,19.0,,,,,,,
"saline county, ar",,,,,,,,,,,,,,,,,59981.0,58390.0,126.7,70330.0,1591.0,2.7,
"saline county, il",,,,,,,,,,,,,,,,,9304.0,8815.0,66.4,50979.0,489.0,5.3,
"saline county, ks",,,,,,,,,,,,,,,,,30133.0,29412.0,83.6,57563.0,721.0,2.4,
"saline county, mo",,,,,,,,,,,,,,,,,10178.0,9918.0,84.3,54623.0,260.0,2.6,
"saline county, ne",,,,,,,,,,,,,,,,,7211.0,7041.0,104.5,72948.0,170.0,2.4,
salt lake county,14970.0,8380.0,-9001.0,16896.0,3248.0,257.0,6590.0,-5753.0,1186569.0,12.6,7.1,-7.6,2.7,5.6,-4.8,-580.0,,,,,,,
"salt lake county, ut",,,,,,,,,,,,,,,,,674723.0,658798.0,103.6,91713.0,15925.0,2.4,
saluda county,241.0,287.0,148.0,296.0,60.0,162.0,-46.0,208.0,18984.0,12.7,15.2,7.8,3.2,-2.4,11.0,0.0,,,,,,,
"saluda county, sc",,,,,,,,,,,,,,,,,8453.0,8213.0,89.2,57291.0,240.0,2.8,
sampson county,808.0,879.0,-10.0,1083.0,119.0,5.0,-71.0,109.0,59027.0,13.7,14.9,-0.2,2.0,-1.2,1.8,-33.0,,,,,,,
"sampson county, nc",,,,,,,,,,,,,,,,,28265.0,27197.0,77.4,52248.0,1068.0,3.8,
san augustine county,86.0,192.0,63.0,220.0,-2.0,-45.0,-106.0,61.0,7860.0,10.9,24.4,8.0,-0.3,-13.4,7.7,0.0,,,,,,,
"san augustine county, tx",,,,,,,,,,,,,,,,,3111.0,2929.0,68.6,49591.0,182.0,5.9,
san benito county,873.0,474.0,534.0,445.0,-4.0,934.0,399.0,530.0,67643.0,13.0,7.1,7.9,-0.1,5.9,7.9,5.0,,,,,,,
"san benito county, ca",,,,,,,,,,,,,,,,,32217.0,30578.0,116.4,106560.0,1639.0,5.1,
san bernardino county,26741.0,18392.0,-7940.0,41219.0,2279.0,1821.0,8349.0,-5661.0,2194908.0,12.2,8.4,-3.6,1.0,3.8,-2.6,-867.0,,,,,,,
"san bernardino county, ca",,,,,,,,,,,,,,,,,1002951.0,961203.0,86.1,78779.0,41748.0,4.2,
san diego county,38064.0,25494.0,-15956.0,112588.0,8431.0,2744.0,12570.0,-7525.0,3277176.0,11.6,7.8,-4.9,2.6,3.8,-2.3,-2301.0,,,,,,,
"san diego county, ca",,,,,,,,,,,,,,,,,1578463.0,1523260.0,107.5,98365.0,55203.0,3.5,
san francisco county,7343.0,6510.0,-10206.0,25648.0,5601.0,-4161.0,833.0,-4605.0,807774.0,9.1,8.0,-12.6,6.9,1.0,-5.7,-389.0,,,,,,,
"san francisco county/city, ca",,,,,,,,,,,,,,,,,567632.0,552887.0,147.9,135366.0,14745.0,2.6,
"san german municipio, pr",,,,,,,,,,,,,,,,,10453.0,9640.0,,,813.0,7.8,
san germán municipio,,,,,,,,,31178.0,,,,,,,,,,,,,,
san jacinto county,300.0,486.0,682.0,135.0,2.0,529.0,-186.0,684.0,28340.0,10.7,17.3,24.3,0.1,-6.6,24.4,31.0,,,,,,,
"san jacinto county, tx",,,,,,,,,,,,,,,,,12084.0,11490.0,80.0,57855.0,594.0,4.9,
san joaquin county,10133.0,6690.0,611.0,15331.0,2368.0,5939.0,3443.0,2979.0,794293.0,12.8,8.5,0.8,3.0,4.4,3.8,-483.0,,,,,,,
"san joaquin county, ca",,,,,,,,,,,,,,,,,342165.0,323905.0,92.6,84738.0,18260.0,5.3,
san juan county,8.0,7.0,59.0,0.0,0.0,65.0,1.0,59.0,806.0,10.3,9.0,76.3,0.0,1.3,76.3,5.0,,,,,,,
"san juan county, co",,,,,,,,,,,,,,,,,555.0,540.0,70.4,62732.0,15.0,2.7,
"san juan county, nm",,,,,,,,,,,,,,,,,49438.0,47141.0,86.7,51898.0,2297.0,4.6,
"san juan county, ut",,,,,,,,,,,,,,,,,5600.0,5350.0,57.0,50452.0,250.0,4.5,
"san juan county, wa",,,,,,,,,,,,,,,,,8649.0,8321.0,92.1,84024.0,328.0,3.8,
san juan municipio,,,,,,,,,334587.0,,,,,,,,,,,,,,
"san juan municipio, pr",,,,,,,,,,,,,,,,,145073.0,138806.0,,,6267.0,4.3,
san lorenzo municipio,,,,,,,,,37244.0,,,,,,,,,,,,,,
"san lorenzo municipio, pr",,,,,,,,,,,,,,,,,12566.0,11783.0,,,783.0,6.2,
san luis obispo county,2445.0,2676.0,2461.0,15498.0,235.0,2582.0,-231.0,2696.0,282046.0,8.7,9.5,8.8,0.8,-0.8,9.6,117.0,,,,,,,
"san luis obispo county, ca",,,,,,,,,,,,,,,,,135812.0,131625.0,96.8,88578.0,4187.0,3.1,
san mateo county,7537.0,5131.0,-17841.0,9076.0,4718.0,-10220.0,2406.0,-13123.0,728929.0,10.3,7.0,-24.3,6.4,3.3,-17.9,497.0,,,,,,,
"san mateo county, ca",,,,,,,,,,,,,,,,,449439.0,438377.0,157.1,143795.0,11062.0,2.5,
san miguel county,49.0,30.0,-102.0,5.0,13.0,-72.0,19.0,-89.0,8008.0,6.1,3.7,-12.7,1.6,2.4,-11.1,-2.0,,,,,,,
"san miguel county, co",,,,,,,,,,,,,,,,,5531.0,5355.0,105.9,94387.0,176.0,3.2,
"san miguel county, nm",,,,,,,,,,,,,,,,,10308.0,9794.0,79.7,47675.0,514.0,5.0,
san patricio county,925.0,877.0,169.0,353.0,130.0,320.0,48.0,299.0,70087.0,13.2,12.5,2.4,1.9,0.7,4.3,-27.0,,,,,,,
"san patricio county, tx",,,,,,,,,,,,,,,,,29300.0,27513.0,87.1,62919.0,1787.0,6.1,
san saba county,50.0,91.0,86.0,696.0,5.0,51.0,-41.0,91.0,5880.0,8.5,15.5,14.7,0.9,-7.0,15.5,1.0,,,,,,,
"san saba county, tx",,,,,,,,,,,,,,,,,2234.0,2154.0,71.0,51350.0,80.0,3.6,
"san sebastian municipio, pr",,,,,,,,,,,,,,,,,11300.0,10157.0,,,1143.0,10.1,
san sebastián municipio,,,,,,,,,38957.0,,,,,,,,,,,,,,
sanborn county,35.0,33.0,22.0,40.0,7.0,30.0,2.0,29.0,2403.0,14.7,13.8,9.2,2.9,0.8,12.1,-1.0,,,,,,,
"sanborn county, sd",,,,,,,,,,,,,,,,,1208.0,1183.0,89.6,63266.0,25.0,2.1,
sanders county,109.0,235.0,532.0,174.0,9.0,440.0,-126.0,541.0,13384.0,8.3,17.9,40.4,0.7,-9.6,41.1,25.0,,,,,,,
"sanders county, mt",,,,,,,,,,,,,,,,,5358.0,5121.0,70.6,47976.0,237.0,4.4,
sandoval county,1307.0,1551.0,2139.0,1050.0,193.0,2119.0,-244.0,2332.0,153597.0,8.6,10.2,14.0,1.3,-1.6,15.3,31.0,,,,,,,
"sandoval county, nm",,,,,,,,,,,,,,,,,68101.0,65497.0,138.5,82862.0,2604.0,3.8,
sandusky county,575.0,855.0,58.0,852.0,80.0,-174.0,-280.0,138.0,58567.0,9.8,14.6,1.0,1.4,-4.8,2.4,-32.0,,,,,,,
"sandusky county, oh",,,,,,,,,,,,,,,,,29904.0,28496.0,95.0,62473.0,1408.0,4.7,
sangamon county,1911.0,2209.0,-1148.0,3688.0,255.0,-1220.0,-298.0,-893.0,194151.0,9.8,11.3,-5.9,1.3,-1.5,-4.6,-29.0,,,,,,,
"sangamon county, il",,,,,,,,,,,,,,,,,98051.0,93886.0,96.0,73684.0,4165.0,4.2,
sanilac county,397.0,643.0,178.0,512.0,40.0,-46.0,-246.0,218.0,40482.0,9.8,15.9,4.4,1.0,-6.1,5.4,-18.0,,,,,,,
"sanilac county, mi",,,,,,,,,,,,,,,,,18881.0,17916.0,83.8,56079.0,965.0,5.1,
sanpete county,387.0,288.0,452.0,2843.0,12.0,567.0,99.0,464.0,29691.0,13.2,9.8,15.4,0.4,3.4,15.8,4.0,,,,,,,
"sanpete county, ut",,,,,,,,,,,,,,,,,13525.0,13145.0,73.5,65044.0,380.0,2.8,
santa barbara county,5599.0,3547.0,3061.0,20312.0,1074.0,6394.0,2052.0,4135.0,443915.0,12.7,8.0,6.9,2.4,4.7,9.4,207.0,,,,,,,
"santa barbara county, ca",,,,,,,,,,,,,,,,,216446.0,208544.0,97.6,89334.0,7902.0,3.7,
santa clara county,19424.0,11300.0,-33302.0,45751.0,18322.0,-6838.0,8124.0,-14980.0,1878335.0,10.3,6.0,-17.7,9.7,4.3,-8.0,18.0,,,,,,,
"santa clara county, ca",,,,,,,,,,,,,,,,,1031488.0,1003697.0,164.5,150502.0,27791.0,2.7,
santa cruz county,550.0,405.0,175.0,114.0,420.0,724.0,145.0,595.0,48680.0,11.4,8.4,3.6,8.7,3.0,12.3,-16.0,,,,,,,
"santa cruz county, az",,,,,,,,,,,,,,,,,18708.0,17298.0,71.9,53467.0,1410.0,7.5,
"santa cruz county, ca",,,,,,,,,,,,,,,,,132690.0,126244.0,108.5,99256.0,6446.0,4.9,
santa fe county,1140.0,1607.0,328.0,2686.0,559.0,361.0,-467.0,887.0,155761.0,7.3,10.3,2.1,3.6,-3.0,5.7,-59.0,,,,,,,
"santa fe county, nm",,,,,,,,,,,,,,,,,72251.0,69627.0,121.7,72836.0,2624.0,3.6,
santa isabel municipio,,,,,,,,,19806.0,,,,,,,,,,,,,,
"santa isabel municipio, pr",,,,,,,,,,,,,,,,,8924.0,8230.0,,,694.0,7.8,
santa rosa county,2057.0,2149.0,4362.0,5432.0,54.0,4449.0,-92.0,4416.0,198199.0,10.5,11.0,22.3,0.3,-0.5,22.5,125.0,,,,,,,
"santa rosa county, fl",,,,,,,,,,,,,,,,,87584.0,85165.0,119.1,82537.0,2419.0,2.8,
sarasota county,2969.0,7225.0,16521.0,8572.0,819.0,13916.0,-4256.0,17340.0,462552.0,6.5,15.9,36.3,1.8,-9.3,38.1,832.0,,,,,,,
"sarasota county, fl",,,,,,,,,,,,,,,,,194996.0,189193.0,113.0,78309.0,5803.0,3.0,
saratoga county,2123.0,2312.0,733.0,3742.0,236.0,622.0,-189.0,969.0,238468.0,8.9,9.7,3.1,1.0,-0.8,4.1,-158.0,,,,,,,
"saratoga county, ny",,,,,,,,,,,,,,,,,121104.0,117811.0,117.5,93341.0,3293.0,2.7,
sargent county,40.0,48.0,-16.0,39.0,1.0,-25.0,-8.0,-15.0,3804.0,10.5,12.6,-4.2,0.3,-2.1,-3.9,-2.0,,,,,,,
"sargent county, nd",,,,,,,,,,,,,,,,,2300.0,2262.0,102.8,75325.0,38.0,1.7,
sarpy county,2356.0,1362.0,1456.0,1233.0,201.0,2601.0,994.0,1657.0,196427.0,12.1,7.0,7.5,1.0,5.1,8.5,-50.0,,,,,,,
"sarpy county, ne",,,,,,,,,,,,,,,,,98999.0,96926.0,141.2,98619.0,2073.0,2.1,
sauk county,702.0,782.0,65.0,956.0,120.0,68.0,-80.0,185.0,65770.0,10.7,11.9,1.0,1.8,-1.2,2.8,-37.0,,,,,,,
"sauk county, wi",,,,,,,,,,,,,,,,,34437.0,33473.0,99.2,70484.0,964.0,2.8,
saunders county,247.0,251.0,341.0,329.0,5.0,345.0,-4.0,346.0,23177.0,10.7,10.9,14.8,0.2,-0.2,15.0,3.0,,,,,,,
"saunders county, ne",,,,,,,,,,,,,,,,,11493.0,11272.0,123.4,86179.0,221.0,1.9,
sawyer county,136.0,286.0,414.0,305.0,3.0,295.0,-150.0,417.0,18521.0,7.4,15.6,22.5,0.2,-8.2,22.7,28.0,,,,,,,
"sawyer county, wi",,,,,,,,,,,,,,,,,8005.0,7686.0,84.5,60034.0,319.0,4.0,
schenectady county,1833.0,1821.0,-625.0,6269.0,333.0,-352.0,12.0,-292.0,159694.0,11.5,11.4,-3.9,2.1,0.1,-1.8,-72.0,,,,,,,
"schenectady county, ny",,,,,,,,,,,,,,,,,77582.0,74955.0,93.4,74206.0,2627.0,3.4,
schleicher county,39.0,33.0,-88.0,31.0,0.0,-79.0,6.0,-88.0,2359.0,16.3,13.8,-36.7,0.0,2.5,-36.7,3.0,,,,,,,
"schleicher county, tx",,,,,,,,,,,,,,,,,1233.0,1188.0,74.9,54168.0,45.0,3.6,
schley county,48.0,56.0,21.0,0.0,0.0,11.0,-8.0,21.0,4497.0,10.7,12.5,4.7,0.0,-1.8,4.7,-2.0,,,,,,,
"schley county, ga",,,,,,,,,,,,,,,,,2141.0,2058.0,79.1,57510.0,83.0,3.9,
schoharie county,267.0,356.0,52.0,1423.0,8.0,-41.0,-89.0,60.0,30091.0,8.9,11.8,1.7,0.3,-3.0,2.0,-12.0,,,,,,,
"schoharie county, ny",,,,,,,,,,,,,,,,,14718.0,14173.0,85.5,67975.0,545.0,3.7,
schoolcraft county,61.0,132.0,186.0,142.0,8.0,126.0,-71.0,194.0,8174.0,7.5,16.3,22.9,1.0,-8.8,23.9,3.0,,,,,,,
"schoolcraft county, mi",,,,,,,,,,,,,,,,,3157.0,2920.0,84.7,56707.0,237.0,7.5,
schuyler county,65.0,107.0,-43.0,595.0,9.0,-78.0,-42.0,-34.0,6753.0,9.6,15.8,-6.3,1.3,-6.2,-5.0,-2.0,,,,,,,
"schuyler county, il",,,,,,,,,,,,,,,,,3104.0,2971.0,82.0,62968.0,133.0,4.3,
"schuyler county, mo",,,,,,,,,,,,,,,,,1787.0,1732.0,76.4,49508.0,55.0,3.1,
"schuyler county, ny",,,,,,,,,,,,,,,,,8029.0,7727.0,79.6,63233.0,302.0,3.8,
schuylkill county,1199.0,2128.0,935.0,6689.0,84.0,31.0,-929.0,1019.0,143188.0,8.4,14.9,6.5,0.6,-6.5,7.1,-59.0,,,,,,,
"schuylkill county, pa",,,,,,,,,,,,,,,,,65860.0,62820.0,88.7,63680.0,3040.0,4.6,
scioto county,721.0,1311.0,-195.0,3011.0,9.0,-800.0,-590.0,-186.0,72189.0,9.9,18.1,-2.7,0.1,-8.1,-2.6,-24.0,,,,,,,
"scioto county, oh",,,,,,,,,,,,,,,,,29219.0,27738.0,73.7,48465.0,1481.0,5.1,
scotland county,85.0,58.0,-53.0,58.0,-1.0,-27.0,27.0,-54.0,4647.0,18.2,12.4,-11.4,-0.2,5.8,-11.6,0.0,,,,,,,
"scotland county, mo",,,,,,,,,,,,,,,,,2244.0,2194.0,84.8,54961.0,50.0,2.2,
"scotland county, nc",,,,,,,,,,,,,,,,,11164.0,10442.0,68.1,45996.0,722.0,6.5,
scott county,121.0,186.0,68.0,130.0,1.0,1.0,-65.0,69.0,9796.0,12.4,19.0,6.9,0.1,-6.6,7.0,-3.0,,,,,,,
"scott county, ar",,,,,,,,,,,,,,,,,4184.0,4070.0,76.7,42599.0,114.0,2.7,
"scott county, ia",,,,,,,,,,,,,,,,,88315.0,85390.0,98.4,68576.0,2925.0,3.3,
"scott county, il",,,,,,,,,,,,,,,,,2295.0,2180.0,84.5,64853.0,115.0,5.0,
"scott county, in",,,,,,,,,,,,,,,,,10531.0,10170.0,86.6,57837.0,361.0,3.4,
"scott county, ks",,,,,,,,,,,,,,,,,2740.0,2690.0,103.3,71121.0,50.0,1.8,
"scott county, ky",,,,,,,,,,,,,,,,,30159.0,29218.0,145.4,86169.0,941.0,3.1,
"scott county, mn",,,,,,,,,,,,,,,,,84028.0,82212.0,140.5,115687.0,1816.0,2.2,
"scott county, mo",,,,,,,,,,,,,,,,,19697.0,19209.0,89.0,57678.0,488.0,2.5,
"scott county, ms",,,,,,,,,,,,,,,,,12233.0,11810.0,86.7,45764.0,423.0,3.5,
"scott county, tn",,,,,,,,,,,,,,,,,8172.0,7773.0,68.4,44599.0,399.0,4.9,
"scott county, va",,,,,,,,,,,,,,,,,9184.0,8899.0,51.0,43743.0,285.0,3.1,
scotts bluff county,426.0,442.0,-153.0,1010.0,44.0,-135.0,-16.0,-109.0,35769.0,11.9,12.3,-4.3,1.2,-0.4,-3.0,-10.0,,,,,,,
"scotts bluff county, ne",,,,,,,,,,,,,,,,,17973.0,17540.0,81.4,56853.0,433.0,2.4,
screven county,152.0,237.0,2.0,244.0,-1.0,-92.0,-85.0,1.0,13970.0,10.8,16.9,0.1,-0.1,-6.1,0.1,-8.0,,,,,,,
"screven county, ga",,,,,,,,,,,,,,,,,4997.0,4772.0,72.5,52713.0,225.0,4.5,
scurry county,200.0,224.0,-633.0,956.0,39.0,-568.0,-24.0,-594.0,16269.0,12.1,13.5,-38.2,2.4,-1.4,-35.9,50.0,,,,,,,
"scurry county, tx",,,,,,,,,,,,,,,,,6295.0,6031.0,83.5,60387.0,264.0,4.2,
searcy county,72.0,159.0,99.0,59.0,1.0,13.0,-87.0,100.0,7906.0,9.1,20.1,12.5,0.1,-11.0,12.7,0.0,,,,,,,
"searcy county, ar",,,,,,,,,,,,,,,,,2826.0,2702.0,68.6,38070.0,124.0,4.4,
sebastian county,1614.0,1692.0,736.0,1997.0,124.0,767.0,-78.0,860.0,129109.0,12.5,13.1,5.7,1.0,-0.6,6.7,-15.0,,,,,,,
"sebastian county, ar",,,,,,,,,,,,,,,,,54978.0,53329.0,94.9,52679.0,1649.0,3.0,
sedgwick county,15.0,49.0,-8.0,29.0,0.0,-40.0,-34.0,-8.0,2286.0,6.5,21.2,-3.5,0.0,-14.7,-3.5,2.0,,,,,,,
"sedgwick county, co",,,,,,,,,,,,,,,,,1063.0,1034.0,52.7,46980.0,29.0,2.7,
"sedgwick county, ks",,,,,,,,,,,,,,,,,255008.0,247091.0,94.0,64720.0,7917.0,3.1,
seminole county,4649.0,4430.0,5481.0,4939.0,2075.0,7766.0,219.0,7556.0,478623.0,9.8,9.3,11.5,4.4,0.5,15.9,-9.0,,,,,,,
"seminole county, fl",,,,,,,,,,,,,,,,,263731.0,256483.0,115.9,80296.0,7248.0,2.7,
"seminole county, ga",,,,,,,,,,,,,,,,,3095.0,2982.0,62.2,45223.0,113.0,3.7,
"seminole county, ok",,,,,,,,,,,,,,,,,9327.0,8934.0,74.0,44114.0,393.0,4.2,
seneca county,344.0,407.0,-837.0,1267.0,18.0,-828.0,-63.0,-819.0,32586.0,10.4,12.3,-25.4,0.5,-1.9,-24.8,54.0,,,,,,,
"seneca county, ny",,,,,,,,,,,,,,,,,14771.0,14284.0,82.2,65354.0,487.0,3.3,
"seneca county, oh",,,,,,,,,,,,,,,,,26291.0,25195.0,96.1,63221.0,1096.0,4.2,
sequatchie county,195.0,232.0,458.0,330.0,28.0,470.0,-37.0,486.0,16918.0,11.7,13.9,27.5,1.7,-2.2,29.1,21.0,,,,,,,
"sequatchie county, tn",,,,,,,,,,,,,,,,,6211.0,5956.0,86.3,56264.0,255.0,4.1,
sequoyah county,532.0,682.0,461.0,411.0,-1.0,307.0,-150.0,460.0,39801.0,13.4,17.2,11.6,0.0,-3.8,11.6,-3.0,,,,,,,
"sequoyah county, ok",,,,,,,,,,,,,,,,,17000.0,16408.0,79.6,47450.0,592.0,3.5,
sevier county,262.0,215.0,-14.0,110.0,-2.0,24.0,47.0,-16.0,15738.0,16.7,13.7,-0.9,-0.1,3.0,-1.0,-7.0,,,,,,,
"sevier county, ar",,,,,,,,,,,,,,,,,5355.0,5152.0,89.0,49384.0,203.0,3.8,
"sevier county, tn",,,,,,,,,,,,,,,,,55091.0,53350.0,91.3,59530.0,1741.0,3.2,
"sevier county, ut",,,,,,,,,,,,,,,,,10250.0,9952.0,82.5,73014.0,298.0,2.9,
seward county,385.0,169.0,-680.0,342.0,19.0,-418.0,216.0,-661.0,21345.0,17.9,7.8,-31.5,0.9,10.0,-30.7,27.0,,,,,,,
"seward county, ks",,,,,,,,,,,,,,,,,9805.0,9558.0,92.4,63579.0,247.0,2.5,
"seward county, ne",,,,,,,,,,,,,,,,,8874.0,8693.0,111.4,77778.0,181.0,2.0,
shackelford county,33.0,42.0,29.0,33.0,1.0,21.0,-9.0,30.0,3212.0,10.3,13.1,9.1,0.3,-2.8,9.4,0.0,,,,,,,
"shackelford county, tx",,,,,,,,,,,,,,,,,1875.0,1824.0,89.5,64690.0,51.0,2.7,
shannon county,85.0,125.0,161.0,75.0,1.0,126.0,-40.0,162.0,7216.0,11.9,17.5,22.5,0.1,-5.6,22.6,4.0,,,,,,,
"shannon county, mo",,,,,,,,,,,,,,,,,3242.0,3120.0,61.2,39671.0,122.0,3.8,
sharkey county,43.0,78.0,-133.0,87.0,0.0,-164.0,-35.0,-133.0,3462.0,12.1,22.0,-37.5,0.0,-9.9,-37.5,4.0,,,,,,,
"sharkey county, ms",,,,,,,,,,,,,,,,,1302.0,1226.0,68.9,36375.0,76.0,5.8,
sharp county,186.0,336.0,284.0,179.0,0.0,145.0,-150.0,284.0,17836.0,10.5,18.9,16.0,0.0,-8.4,16.0,11.0,,,,,,,
"sharp county, ar",,,,,,,,,,,,,,,,,5767.0,5536.0,82.4,45740.0,231.0,4.0,
shasta county,1806.0,2675.0,-457.0,2881.0,220.0,-1198.0,-869.0,-237.0,180937.0,9.9,14.7,-2.5,1.2,-4.8,-1.3,-92.0,,,,,,,
"shasta county, ca",,,,,,,,,,,,,,,,,72482.0,69099.0,72.5,66312.0,3383.0,4.7,
shawano county,433.0,519.0,244.0,463.0,11.0,158.0,-86.0,255.0,40987.0,10.6,12.7,6.0,0.3,-2.1,6.2,-11.0,,,,,,,
"shawano county, wi",,,,,,,,,,,,,,,,,20517.0,19920.0,93.9,66733.0,597.0,2.9,
shawnee county,1967.0,2258.0,-609.0,4603.0,88.0,-866.0,-291.0,-521.0,177537.0,11.1,12.7,-3.4,0.5,-1.6,-2.9,-54.0,,,,,,,
"shawnee county, ks",,,,,,,,,,,,,,,,,91821.0,89329.0,89.0,61255.0,2492.0,2.7,
sheboygan county,1125.0,1305.0,52.0,2950.0,164.0,-26.0,-180.0,216.0,117661.0,9.6,11.1,0.4,1.4,-1.5,1.8,-62.0,,,,,,,
"sheboygan county, wi",,,,,,,,,,,,,,,,,61413.0,59917.0,91.5,65008.0,1496.0,2.4,
shelby county,2370.0,1941.0,2019.0,3301.0,212.0,2580.0,429.0,2231.0,230033.0,10.4,8.5,8.8,0.9,1.9,9.8,-80.0,,,,,,,
"shelby county, al",,,,,,,,,,,,,,,,,120856.0,118695.0,164.6,98263.0,2161.0,1.8,
"shelby county, ia",,,,,,,,,,,,,,,,,6441.0,6293.0,102.8,71628.0,148.0,2.3,
"shelby county, il",,,,,,,,,,,,,,,,,9945.0,9523.0,85.2,65396.0,422.0,4.2,
"shelby county, in",,,,,,,,,,,,,,,,,23545.0,22948.0,98.9,66045.0,597.0,2.5,
"shelby county, ky",,,,,,,,,,,,,,,,,25734.0,24825.0,138.1,81815.0,909.0,3.5,
"shelby county, mo",,,,,,,,,,,,,,,,,2915.0,2845.0,83.8,54264.0,70.0,2.4,
"shelby county, oh",,,,,,,,,,,,,,,,,23496.0,22670.0,110.2,72498.0,826.0,3.5,
"shelby county, tn",,,,,,,,,,,,,,,,,439083.0,419218.0,94.2,61452.0,19865.0,4.5,
"shelby county, tx",,,,,,,,,,,,,,,,,11060.0,10588.0,71.3,51551.0,472.0,4.3,
shenandoah county,474.0,644.0,178.0,451.0,103.0,94.0,-170.0,281.0,44936.0,10.6,14.3,4.0,2.3,-3.8,6.3,-17.0,,,,,,,
"shenandoah county, va",,,,,,,,,,,,,,,,,22145.0,21546.0,76.1,65289.0,599.0,2.7,
sherburne county,1183.0,755.0,879.0,2213.0,80.0,1329.0,428.0,959.0,100540.0,11.8,7.6,8.8,0.8,4.3,9.6,-58.0,,,,,,,
"sherburne county, mn",,,,,,,,,,,,,,,,,52941.0,51484.0,119.0,97999.0,1457.0,2.8,
sheridan county,28.0,42.0,3.0,37.0,0.0,-12.0,-14.0,3.0,2439.0,11.5,17.2,1.2,0.0,-5.7,1.2,-1.0,,,,,,,
"sheridan county, ks",,,,,,,,,,,,,,,,,1448.0,1421.0,91.4,62918.0,27.0,1.9,
"sheridan county, mt",,,,,,,,,,,,,,,,,1737.0,1702.0,92.7,62982.0,35.0,2.0,
"sheridan county, nd",,,,,,,,,,,,,,,,,654.0,637.0,77.7,56922.0,17.0,2.6,
"sheridan county, ne",,,,,,,,,,,,,,,,,2781.0,2729.0,79.3,55388.0,52.0,1.9,
"sheridan county, wy",,,,,,,,,,,,,,,,,16243.0,15722.0,98.5,70224.0,521.0,3.2,
sherman county,75.0,63.0,-67.0,252.0,-4.0,-56.0,12.0,-71.0,5876.0,12.7,10.7,-11.3,-0.7,2.0,-12.0,3.0,,,,,,,
"sherman county, ks",,,,,,,,,,,,,,,,,2784.0,2721.0,82.9,57044.0,63.0,2.3,
"sherman county, ne",,,,,,,,,,,,,,,,,1654.0,1620.0,83.7,58456.0,34.0,2.1,
"sherman county, or",,,,,,,,,,,,,,,,,955.0,925.0,94.5,71460.0,30.0,3.1,
"sherman county, tx",,,,,,,,,,,,,,,,,1388.0,1349.0,101.5,73395.0,39.0,2.8,
shiawassee county,679.0,900.0,223.0,465.0,10.0,-24.0,-221.0,233.0,67967.0,10.0,13.2,3.3,0.1,-3.3,3.4,-36.0,,,,,,,
"shiawassee county, mi",,,,,,,,,,,,,,,,,32413.0,30908.0,92.6,61959.0,1505.0,4.6,
shoshone county,153.0,244.0,393.0,187.0,-2.0,320.0,-91.0,391.0,13935.0,11.1,17.7,28.5,-0.1,-6.6,28.4,20.0,,,,,,,
"shoshone county, id",,,,,,,,,,,,,,,,,5668.0,5393.0,64.7,47005.0,275.0,4.9,
sibley county,187.0,175.0,-14.0,260.0,15.0,5.0,12.0,1.0,14928.0,12.5,11.7,-0.9,1.0,0.8,0.1,-8.0,,,,,,,
"sibley county, mn",,,,,,,,,,,,,,,,,8052.0,7806.0,91.8,75596.0,246.0,3.1,
sierra county,25.0,32.0,-64.0,29.0,0.0,-72.0,-7.0,-64.0,3222.0,7.7,9.8,-19.6,0.0,-2.1,-19.6,-1.0,,,,,,,
"sierra county, ca",,,,,,,,,,,,,,,,,1312.0,1257.0,69.9,63939.0,55.0,4.2,
"sierra county, nm",,,,,,,,,,,,,,,,,3941.0,3705.0,67.5,40420.0,236.0,6.0,
silver bow county,352.0,551.0,464.0,1017.0,158.0,445.0,-199.0,622.0,35947.0,9.9,15.4,13.0,4.4,-5.6,17.4,22.0,,,,,,,
"silver bow county, mt",,,,,,,,,,,,,,,,,17681.0,17156.0,86.7,58898.0,525.0,3.0,
simpson county,215.0,271.0,270.0,529.0,-8.0,214.0,-56.0,262.0,19948.0,10.8,13.7,13.6,-0.4,-2.8,13.2,8.0,,,,,,,
"simpson county, ky",,,,,,,,,,,,,,,,,8793.0,8486.0,98.8,58550.0,307.0,3.5,
"simpson county, ms",,,,,,,,,,,,,,,,,10553.0,10163.0,96.6,50994.0,390.0,3.7,
sioux county,540.0,278.0,-166.0,2434.0,86.0,168.0,262.0,-80.0,36127.0,15.0,7.7,-4.6,2.4,7.3,-2.2,-14.0,,,,,,,
"sioux county, ia",,,,,,,,,,,,,,,,,22783.0,22353.0,109.0,75994.0,430.0,1.9,
"sioux county, nd",,,,,,,,,,,,,,,,,1225.0,1195.0,59.7,43721.0,30.0,2.4,
"sioux county, ne",,,,,,,,,,,,,,,,,768.0,754.0,87.1,60806.0,14.0,1.8,
siskiyou county,370.0,638.0,-76.0,504.0,17.0,-353.0,-268.0,-59.0,43786.0,8.4,14.5,-1.7,0.4,-6.1,-1.3,-26.0,,,,,,,
"siskiyou county, ca",,,,,,,,,,,,,,,,,16531.0,15573.0,56.4,51593.0,958.0,5.8,
"sitka borough/city, ak",,,,,,,,,,,,,,,,,4509.0,4379.0,102.6,90345.0,130.0,2.9,
sitka city and borough,78.0,66.0,-66.0,331.0,32.0,-30.0,12.0,-34.0,8353.0,9.3,7.9,-7.9,3.8,1.4,-4.1,-8.0,,,,,,,
skagit county,1409.0,1525.0,185.0,1447.0,313.0,317.0,-116.0,498.0,131322.0,10.7,11.6,1.4,2.4,-0.9,3.8,-65.0,,,,,,,
"skagit county, wa",,,,,,,,,,,,,,,,,61005.0,57932.0,86.7,79118.0,3073.0,5.0,
skagway municipality,9.0,8.0,-63.0,29.0,4.0,-55.0,1.0,-59.0,1092.0,8.0,7.1,-56.3,3.6,0.9,-52.7,3.0,,,,,,,
"skagway municipality, ak",,,,,,,,,,,,,,,,,769.0,717.0,83.6,73603.0,52.0,6.8,
skamania county,96.0,108.0,242.0,454.0,7.0,246.0,-12.0,249.0,12455.0,7.8,8.8,19.6,0.6,-1.0,20.2,9.0,,,,,,,
"skamania county, wa",,,,,,,,,,,,,,,,,5514.0,5236.0,90.0,82132.0,278.0,5.0,
slope county,5.0,4.0,-16.0,0.0,0.0,-14.0,1.0,-16.0,682.0,7.3,5.8,-23.2,0.0,1.5,-23.2,1.0,,,,,,,
"slope county, nd",,,,,,,,,,,,,,,,,339.0,331.0,94.6,69249.0,8.0,2.4,
smith county,39.0,58.0,20.0,53.0,1.0,-1.0,-19.0,21.0,3572.0,10.9,16.2,5.6,0.3,-5.3,5.9,-3.0,,,,,,,
"smith county, ks",,,,,,,,,,,,,,,,,1960.0,1921.0,75.7,52101.0,39.0,2.0,
"smith county, ms",,,,,,,,,,,,,,,,,6589.0,6353.0,98.0,51746.0,236.0,3.6,
"smith county, tn",,,,,,,,,,,,,,,,,9780.0,9489.0,98.1,63960.0,291.0,3.0,
"smith county, tx",,,,,,,,,,,,,,,,,112585.0,108356.0,94.0,67978.0,4229.0,3.8,
smyth county,280.0,606.0,120.0,538.0,21.0,-200.0,-326.0,141.0,29408.0,9.5,20.5,4.1,0.7,-11.0,4.8,-15.0,,,,,,,
"smyth county, va",,,,,,,,,,,,,,,,,13571.0,13157.0,53.0,45484.0,414.0,3.1,
snohomish county,9821.0,6798.0,-2196.0,8363.0,4098.0,4355.0,3023.0,1902.0,840452.0,11.7,8.1,-2.6,4.9,3.6,2.3,-570.0,,,,,,,
"snohomish county, wa",,,,,,,,,,,,,,,,,449536.0,434437.0,111.2,101440.0,15099.0,3.4,
snyder county,420.0,446.0,-216.0,2360.0,20.0,-228.0,-26.0,-196.0,39506.0,10.6,11.3,-5.5,0.5,-0.7,-4.9,-6.0,,,,,,,
"snyder county, pa",,,,,,,,,,,,,,,,,19718.0,18932.0,86.9,62382.0,786.0,4.0,
socorro county,152.0,216.0,-110.0,849.0,1.0,-180.0,-64.0,-109.0,16111.0,9.4,13.3,-6.8,0.1,-4.0,-6.7,-7.0,,,,,,,
"socorro county, nm",,,,,,,,,,,,,,,,,6083.0,5817.0,70.7,42280.0,266.0,4.4,
solano county,4960.0,4007.0,-3754.0,9489.0,1101.0,-1768.0,953.0,-2653.0,448885.0,11.0,8.9,-8.3,2.4,2.1,-5.9,-68.0,,,,,,,
"solano county, ca",,,,,,,,,,,,,,,,,200869.0,192263.0,101.3,92711.0,8606.0,4.3,
somerset county,467.0,797.0,644.0,667.0,17.0,336.0,-330.0,661.0,51118.0,9.2,15.6,12.6,0.3,-6.5,13.0,5.0,,,,,,,
"somerset county, md",,,,,,,,,,,,,,,,,8969.0,8573.0,56.4,53590.0,396.0,4.4,
"somerset county, me",,,,,,,,,,,,,,,,,22054.0,21181.0,79.3,55093.0,873.0,4.0,
"somerset county, nj",,,,,,,,,,,,,,,,,179197.0,173376.0,139.9,134735.0,5821.0,3.2,
"somerset county, pa",,,,,,,,,,,,,,,,,32524.0,30883.0,70.4,50516.0,1641.0,5.0,
somervell county,102.0,122.0,313.0,127.0,17.0,320.0,-20.0,330.0,9797.0,10.6,12.7,32.5,1.8,-2.1,34.2,10.0,,,,,,,
"somervell county, tx",,,,,,,,,,,,,,,,,4570.0,4393.0,104.6,75568.0,177.0,3.9,
sonoma county,4543.0,4595.0,-2089.0,8255.0,579.0,-1850.0,-52.0,-1510.0,482669.0,9.4,9.5,-4.3,1.2,-0.1,-3.1,-288.0,,,,,,,
"sonoma county, ca",,,,,,,,,,,,,,,,,246535.0,238693.0,105.2,96312.0,7842.0,3.2,
south central connecticut planning region,5745.0,5829.0,-1976.0,22530.0,2235.0,-48.0,-84.0,259.0,568402.0,10.1,10.3,-3.5,3.9,-0.1,0.5,-223.0,,,,,,,
"south central connecticut planning region, ct",,,,,,,,,,,,,,,,,,,96.0,84615.0,,,
southampton county,109.0,261.0,38.0,1444.0,-1.0,-125.0,-152.0,37.0,17899.0,6.1,14.5,2.1,-0.1,-8.5,2.1,-10.0,,,,,,,
"southampton county, va",,,,,,,,,,,,,,,,,9036.0,8795.0,71.4,61246.0,241.0,2.7,
southeast fairbanks census area,102.0,62.0,-59.0,636.0,28.0,9.0,40.0,-31.0,7016.0,14.5,8.8,-8.4,4.0,5.7,-4.4,0.0,,,,,,,
"southeast fairbanks census area, ak",,,,,,,,,,,,,,,,,3214.0,3039.0,84.9,74732.0,175.0,5.4,
southeastern connecticut planning region,2686.0,3103.0,411.0,11266.0,598.0,437.0,-417.0,1009.0,279257.0,9.6,11.1,1.5,2.1,-1.5,3.6,-155.0,,,,,,,
"southeastern connecticut planning region, ct",,,,,,,,,,,,,,,,,,,90.9,80159.0,,,
spalding county,863.0,1071.0,1343.0,921.0,37.0,1243.0,-208.0,1380.0,69008.0,12.6,15.7,19.6,0.5,-3.0,20.2,71.0,,,,,,,
"spalding county, ga",,,,,,,,,,,,,,,,,29289.0,28282.0,75.7,55086.0,1007.0,3.4,
spartanburg county,3865.0,4311.0,9878.0,8169.0,725.0,10551.0,-446.0,10603.0,345948.0,11.3,12.7,29.0,2.1,-1.3,31.1,394.0,,,,,,,
"spartanburg county, sc",,,,,,,,,,,,,,,,,155135.0,150296.0,91.1,58535.0,4839.0,3.1,
spencer county,195.0,288.0,99.0,305.0,9.0,8.0,-93.0,108.0,19849.0,9.8,14.5,5.0,0.5,-4.7,5.4,-7.0,,,,,,,
"spencer county, in",,,,,,,,,,,,,,,,,10483.0,10201.0,105.5,70440.0,282.0,2.7,
"spencer county, ky",,,,,,,,,,,,,,,,,10539.0,10111.0,171.4,101552.0,428.0,4.1,
spink county,78.0,79.0,-34.0,450.0,2.0,-33.0,-1.0,-32.0,6228.0,12.5,12.7,-5.4,0.3,-0.2,-5.1,0.0,,,,,,,
"spink county, sd",,,,,,,,,,,,,,,,,3036.0,2964.0,87.1,61513.0,72.0,2.4,
spokane county,5878.0,5892.0,3654.0,16303.0,618.0,4230.0,-14.0,4272.0,549740.0,10.7,10.8,6.7,1.1,0.0,7.8,-28.0,,,,,,,
"spokane county, wa",,,,,,,,,,,,,,,,,261261.0,249353.0,75.7,69079.0,11908.0,4.6,
spotsylvania county,1578.0,1203.0,2145.0,322.0,317.0,2825.0,375.0,2462.0,146828.0,10.9,8.3,14.8,2.2,2.6,16.9,-12.0,,,,,,,
"spotsylvania county, va",,,,,,,,,,,,,,,,,69356.0,67378.0,112.2,96322.0,1978.0,2.9,
st. bernard parish,576.0,494.0,-9.0,224.0,46.0,95.0,82.0,37.0,44419.0,13.0,11.1,-0.2,1.0,1.8,0.8,-24.0,,,,,,,
"st. bernard parish, la",,,,,,,,,,,,,,,,,19866.0,19061.0,92.8,51485.0,805.0,4.1,
st. charles county,4218.0,3800.0,2435.0,5438.0,720.0,3333.0,418.0,3155.0,413798.0,10.2,9.2,5.9,1.7,1.0,7.7,-240.0,,,,,,,
"st. charles county, mo",,,,,,,,,,,,,,,,,227459.0,222602.0,152.7,98925.0,4857.0,2.1,
st. charles parish,575.0,506.0,-1546.0,585.0,6.0,-1412.0,69.0,-1540.0,51058.0,11.1,9.8,-29.9,0.1,1.3,-29.8,59.0,,,,,,,
"st. charles parish, la",,,,,,,,,,,,,,,,,24625.0,23808.0,135.6,75223.0,817.0,3.3,
st. clair county,1021.0,1294.0,1246.0,2029.0,15.0,1007.0,-273.0,1261.0,93881.0,10.9,13.9,13.3,0.2,-2.9,13.5,19.0,,,,,,,
"st. clair county, al",,,,,,,,,,,,,,,,,42036.0,41134.0,117.9,70361.0,902.0,2.1,
"st. clair county, il",,,,,,,,,,,,,,,,,122897.0,117355.0,87.5,67185.0,5542.0,4.5,
"st. clair county, mi",,,,,,,,,,,,,,,,,74805.0,71872.0,97.0,64894.0,2933.0,3.9,
"st. clair county, mo",,,,,,,,,,,,,,,,,3755.0,3642.0,69.7,45174.0,113.0,3.0,
st. croix county,1037.0,845.0,780.0,809.0,26.0,969.0,192.0,806.0,95967.0,10.9,8.8,8.2,0.3,2.0,8.4,-29.0,,,,,,,
"st. croix county, wi",,,,,,,,,,,,,,,,,49714.0,48189.0,137.4,97589.0,1525.0,3.1,
st. francis county,282.0,344.0,-285.0,3432.0,38.0,-313.0,-62.0,-247.0,22402.0,12.5,15.2,-12.6,1.7,-2.7,-10.9,-4.0,,,,,,,
"st. francis county, ar",,,,,,,,,,,,,,,,,7542.0,7186.0,68.6,38062.0,356.0,4.7,
st. francois county,665.0,1006.0,244.0,6187.0,39.0,-104.0,-341.0,283.0,66906.0,9.9,15.0,3.6,0.6,-5.1,4.2,-46.0,,,,,,,
"st. francois county, mo",,,,,,,,,,,,,,,,,25335.0,24479.0,75.0,48574.0,856.0,3.4,
st. helena parish,96.0,174.0,-64.0,108.0,32.0,-114.0,-78.0,-32.0,10789.0,8.9,16.0,-5.9,3.0,-7.2,-3.0,-4.0,,,,,,,
"st. helena parish, la",,,,,,,,,,,,,,,,,4258.0,4031.0,81.2,45024.0,227.0,5.3,
st. james parish,213.0,259.0,-376.0,141.0,7.0,-406.0,-46.0,-369.0,19388.0,10.9,13.2,-19.2,0.4,-2.3,-18.8,9.0,,,,,,,
"st. james parish, la",,,,,,,,,,,,,,,,,8851.0,8444.0,122.5,67938.0,407.0,4.6,
st. john the baptist parish,478.0,483.0,-2268.0,366.0,24.0,-2154.0,-5.0,-2244.0,39955.0,11.6,11.8,-55.3,0.6,-0.1,-54.7,95.0,,,,,,,
"st. john the baptist parish, la",,,,,,,,,,,,,,,,,18972.0,18027.0,109.2,60569.0,945.0,5.0,
st. johns county,2449.0,2760.0,13171.0,3981.0,485.0,13821.0,-311.0,13656.0,307072.0,8.2,9.2,43.9,1.6,-1.0,45.5,476.0,,,,,,,
"st. johns county, fl",,,,,,,,,,,,,,,,,148051.0,144464.0,149.7,103757.0,3587.0,2.4,
st. joseph county,3260.0,3190.0,-625.0,12623.0,663.0,-4.0,70.0,38.0,272282.0,12.0,11.7,-2.3,2.4,0.3,0.1,-112.0,,,,,,,
"st. joseph county, in",,,,,,,,,,,,,,,,,132073.0,127495.0,91.4,61028.0,4578.0,3.5,
"st. joseph county, mi",,,,,,,,,,,,,,,,,28503.0,27325.0,90.4,60489.0,1178.0,4.1,
st. landry parish,1186.0,1241.0,-509.0,1216.0,71.0,-512.0,-55.0,-438.0,81679.0,14.5,15.1,-6.2,0.9,-0.7,-5.3,-19.0,,,,,,,
"st. landry parish, la",,,,,,,,,,,,,,,,,31722.0,30315.0,77.1,42765.0,1407.0,4.4,
st. lawrence county,1025.0,1255.0,-621.0,9977.0,131.0,-734.0,-230.0,-490.0,107089.0,9.5,11.7,-5.8,1.2,-2.1,-4.6,-14.0,,,,,,,
"st. lawrence county, ny",,,,,,,,,,,,,,,,,42695.0,40894.0,74.8,59451.0,1801.0,4.2,
st. louis city,3517.0,3493.0,-8494.0,11051.0,908.0,-7429.0,24.0,-7586.0,286193.0,12.1,12.0,-29.3,3.1,0.1,-26.2,133.0,,,,,,,
"st. louis city, mo",,,,,,,,,,,,,,,,,147775.0,143010.0,80.7,52278.0,4765.0,3.2,
st. louis county,1848.0,2467.0,632.0,8843.0,84.0,37.0,-619.0,716.0,199558.0,9.3,12.4,3.2,0.4,-3.1,3.6,-60.0,,,,,,,
"st. louis county, mn",,,,,,,,,,,,,,,,,100065.0,96942.0,76.7,63141.0,3123.0,3.1,
"st. louis county, mo",,,,,,,,,,,,,,,,,522800.0,509543.0,122.9,79609.0,13257.0,2.5,
st. lucie county,3552.0,4475.0,14146.0,2917.0,737.0,14640.0,-923.0,14883.0,358886.0,10.1,12.7,40.2,2.1,-2.6,42.3,680.0,,,,,,,
"st. lucie county, fl",,,,,,,,,,,,,,,,,154276.0,148810.0,92.4,64038.0,5466.0,3.5,
st. martin parish,631.0,632.0,-351.0,272.0,45.0,-313.0,-1.0,-306.0,51249.0,12.3,12.3,-6.8,0.9,0.0,-6.0,-6.0,,,,,,,
"st. martin parish, la",,,,,,,,,,,,,,,,,21928.0,21126.0,97.8,54265.0,802.0,3.7,
st. mary parish,623.0,719.0,-450.0,668.0,138.0,-400.0,-96.0,-312.0,47819.0,13.0,15.0,-9.4,2.9,-2.0,-6.5,8.0,,,,,,,
"st. mary parish, la",,,,,,,,,,,,,,,,,19076.0,18263.0,87.0,48242.0,813.0,4.3,
st. mary's county,1425.0,1063.0,-338.0,2355.0,139.0,133.0,362.0,-199.0,114783.0,12.4,9.3,-2.9,1.2,3.2,-1.7,-30.0,,,,,,,
"st. mary's county, md",,,,,,,,,,,,,,,,,57285.0,55659.0,118.1,112154.0,1626.0,2.8,
st. tammany parish,3062.0,2911.0,2616.0,2496.0,415.0,3090.0,151.0,3031.0,273237.0,11.3,10.7,9.6,1.5,0.6,11.2,-92.0,,,,,,,
"st. tammany parish, la",,,,,,,,,,,,,,,,,118867.0,115374.0,141.8,78629.0,3493.0,2.9,
stafford county,44.0,83.0,5.0,88.0,-1.0,-37.0,-39.0,4.0,3971.0,11.0,20.8,1.3,-0.3,-9.8,1.0,-2.0,,,,,,,
"stafford county, ks",,,,,,,,,,,,,,,,,1921.0,1876.0,84.3,58019.0,45.0,2.3,
"stafford county, va",,,,,,,,,,,,,,,,,75585.0,73485.0,156.6,134456.0,2100.0,2.8,
stanislaus county,7253.0,5252.0,-4404.0,6299.0,931.0,-1497.0,2001.0,-3473.0,551226.0,13.1,9.5,-8.0,1.7,3.6,-6.3,-25.0,,,,,,,
"stanislaus county, ca",,,,,,,,,,,,,,,,,240829.0,227552.0,82.2,75249.0,13277.0,5.5,
stanley county,32.0,32.0,-16.0,0.0,0.0,-18.0,0.0,-16.0,3017.0,10.6,10.6,-5.3,0.0,0.0,-5.3,-2.0,,,,,,,
"stanley county, sd",,,,,,,,,,,,,,,,,1929.0,1894.0,115.9,81788.0,35.0,1.8,
stanly county,707.0,913.0,1273.0,1676.0,34.0,1131.0,-206.0,1307.0,64231.0,11.1,14.3,20.0,0.5,-3.2,20.5,30.0,,,,,,,
"stanly county, nc",,,,,,,,,,,,,,,,,31070.0,30044.0,86.9,58642.0,1026.0,3.3,
stanton county,15.0,19.0,-74.0,26.0,-3.0,-78.0,-4.0,-77.0,1967.0,7.5,9.5,-36.9,-1.5,-2.0,-38.4,3.0,,,,,,,
"stanton county, ks",,,,,,,,,,,,,,,,,1088.0,1067.0,110.6,76137.0,21.0,1.9,
"stanton county, ne",,,,,,,,,,,,,,,,,3567.0,3500.0,107.5,75068.0,67.0,1.9,
stark county,46.0,90.0,72.0,93.0,2.0,29.0,-44.0,74.0,5313.0,8.7,17.0,13.6,0.4,-8.3,14.0,-1.0,,,,,,,
"stark county, il",,,,,,,,,,,,,,,,,2370.0,2249.0,77.2,59234.0,121.0,5.1,
"stark county, nd",,,,,,,,,,,,,,,,,18014.0,17686.0,118.7,86963.0,328.0,1.8,
"stark county, oh",,,,,,,,,,,,,,,,,179690.0,172413.0,98.1,64557.0,7277.0,4.0,
starke county,236.0,384.0,-24.0,100.0,15.0,-170.0,-148.0,-9.0,23203.0,10.1,16.5,-1.0,0.6,-6.4,-0.4,-13.0,,,,,,,
"starke county, in",,,,,,,,,,,,,,,,,9530.0,9164.0,87.7,58523.0,366.0,3.8,
starr county,1084.0,621.0,-696.0,348.0,23.0,-205.0,463.0,-673.0,65653.0,16.5,9.4,-10.6,0.3,7.0,-10.2,5.0,,,,,,,
"starr county, tx",,,,,,,,,,,,,,,,,24752.0,22023.0,49.5,35758.0,2729.0,11.0,
staunton city,362.0,426.0,219.0,1423.0,97.0,251.0,-64.0,316.0,25940.0,14.0,16.5,8.5,3.8,-2.5,12.2,-1.0,,,,,,,
"staunton city, va",,,,,,,,,,,,,,,,,12456.0,12129.0,72.1,61917.0,327.0,2.6,
ste. genevieve county,185.0,247.0,111.0,742.0,1.0,44.0,-62.0,112.0,18613.0,10.0,13.3,6.0,0.1,-3.3,6.0,-6.0,,,,,,,
"ste. genevieve county, mo",,,,,,,,,,,,,,,,,9206.0,8990.0,98.5,63786.0,216.0,2.3,
stearns county,1979.0,1328.0,-284.0,7143.0,736.0,1038.0,651.0,452.0,160242.0,12.4,8.3,-1.8,4.6,4.1,2.8,-65.0,,,,,,,
"stearns county, mn",,,,,,,,,,,,,,,,,89288.0,86975.0,87.9,72378.0,2313.0,2.6,
steele county,437.0,396.0,-60.0,497.0,34.0,2.0,41.0,-26.0,37429.0,11.7,10.6,-1.6,0.9,1.1,-0.7,-13.0,,,,,,,
"steele county, mn",,,,,,,,,,,,,,,,,19175.0,18655.0,91.7,75474.0,520.0,2.7,
"steele county, nd",,,,,,,,,,,,,,,,,946.0,928.0,110.7,81081.0,18.0,1.9,
stephens county,291.0,474.0,170.0,542.0,5.0,-19.0,-183.0,175.0,26746.0,10.9,17.7,6.4,0.2,-6.8,6.5,-11.0,,,,,,,
"stephens county, ga",,,,,,,,,,,,,,,,,10559.0,10169.0,71.5,51980.0,390.0,3.7,
"stephens county, ok",,,,,,,,,,,,,,,,,19363.0,18733.0,92.8,55309.0,630.0,3.3,
"stephens county, tx",,,,,,,,,,,,,,,,,4066.0,3912.0,70.2,50710.0,154.0,3.8,
stephenson county,382.0,663.0,-244.0,719.0,25.0,-506.0,-281.0,-219.0,43556.0,8.7,15.1,-5.6,0.6,-6.4,-5.0,-6.0,,,,,,,
"stephenson county, il",,,,,,,,,,,,,,,,,20630.0,19656.0,79.5,60988.0,974.0,4.7,
sterling county,33.0,16.0,28.0,31.0,0.0,46.0,17.0,28.0,1426.0,23.5,11.4,20.0,0.0,12.1,20.0,1.0,,,,,,,
"sterling county, tx",,,,,,,,,,,,,,,,,524.0,503.0,105.0,75895.0,21.0,4.0,
steuben county,357.0,403.0,115.0,1729.0,18.0,70.0,-46.0,133.0,34772.0,10.3,11.6,3.3,0.5,-1.3,3.8,-17.0,,,,,,,
"steuben county, in",,,,,,,,,,,,,,,,,20697.0,20244.0,109.7,73250.0,453.0,2.2,
"steuben county, ny",,,,,,,,,,,,,,,,,41212.0,39687.0,76.2,60558.0,1525.0,3.7,
stevens county,62.0,54.0,-146.0,75.0,-4.0,-136.0,8.0,-150.0,5166.0,11.8,10.3,-27.9,-0.8,1.5,-28.7,6.0,,,,,,,
"stevens county, ks",,,,,,,,,,,,,,,,,2949.0,2892.0,100.7,69320.0,57.0,1.9,
"stevens county, mn",,,,,,,,,,,,,,,,,5345.0,5233.0,84.0,69171.0,112.0,2.1,
"stevens county, wa",,,,,,,,,,,,,,,,,19061.0,17843.0,72.0,65748.0,1218.0,6.4,
stewart county,33.0,79.0,-407.0,767.0,105.0,-311.0,-46.0,-302.0,4604.0,6.9,16.6,-85.5,22.1,-9.7,-63.5,37.0,,,,,,,
"stewart county, ga",,,,,,,,,,,,,,,,,2592.0,2494.0,56.6,41158.0,98.0,3.8,
"stewart county, tn",,,,,,,,,,,,,,,,,5467.0,5255.0,92.4,60242.0,212.0,3.9,
stillwater county,86.0,133.0,188.0,114.0,-1.0,145.0,-47.0,187.0,9169.0,9.5,14.6,20.7,-0.1,-5.2,20.6,5.0,,,,,,,
"stillwater county, mt",,,,,,,,,,,,,,,,,5401.0,5276.0,119.5,81147.0,125.0,2.3,
stoddard county,330.0,466.0,23.0,439.0,-1.0,-129.0,-136.0,22.0,28390.0,11.6,16.4,0.8,0.0,-4.8,0.8,-15.0,,,,,,,
"stoddard county, mo",,,,,,,,,,,,,,,,,12944.0,12553.0,82.4,53391.0,391.0,3.0,
stokes county,423.0,709.0,796.0,624.0,-6.0,511.0,-286.0,790.0,45136.0,9.4,15.8,17.7,-0.1,-6.4,17.6,7.0,,,,,,,
"stokes county, nc",,,,,,,,,,,,,,,,,21633.0,20902.0,83.3,56259.0,731.0,3.4,
stone county,126.0,244.0,262.0,136.0,-6.0,144.0,-118.0,256.0,12585.0,10.1,19.5,20.9,-0.5,-9.4,20.5,6.0,,,,,,,
"stone county, ar",,,,,,,,,,,,,,,,,4505.0,4322.0,74.0,41063.0,183.0,4.1,
"stone county, mo",,,,,,,,,,,,,,,,,13313.0,12795.0,87.1,56418.0,518.0,3.9,
"stone county, ms",,,,,,,,,,,,,,,,,6897.0,6616.0,102.8,54283.0,281.0,4.1,
stonewall county,10.0,24.0,22.0,58.0,0.0,7.0,-14.0,22.0,1218.0,8.2,19.8,18.1,0.0,-11.5,18.1,-1.0,,,,,,,
"stonewall county, tx",,,,,,,,,,,,,,,,,701.0,680.0,73.5,53153.0,21.0,3.0,
storey county,21.0,50.0,47.0,0.0,0.0,23.0,-29.0,47.0,4165.0,5.1,12.0,11.3,0.0,-7.0,11.3,5.0,,,,,,,
"storey county, nv",,,,,,,,,,,,,,,,,2088.0,2007.0,124.6,90171.0,81.0,3.9,
story county,835.0,663.0,-2444.0,10560.0,691.0,-1422.0,172.0,-1753.0,98257.0,8.4,6.7,-24.7,7.0,1.7,-17.7,159.0,,,,,,,
"story county, ia",,,,,,,,,,,,,,,,,59305.0,58067.0,98.6,68720.0,1238.0,2.1,
strafford county,1173.0,1351.0,972.0,7906.0,243.0,1037.0,-178.0,1215.0,132571.0,8.9,10.2,7.4,1.8,-1.3,9.2,0.0,,,,,,,
"strafford county, nh",,,,,,,,,,,,,,,,,73343.0,71801.0,91.3,82845.0,1542.0,2.1,
stutsman county,204.0,244.0,-84.0,1876.0,29.0,-103.0,-40.0,-55.0,21476.0,9.5,11.3,-3.9,1.3,-1.9,-2.6,-8.0,,,,,,,
"stutsman county, nd",,,,,,,,,,,,,,,,,10614.0,10405.0,89.6,65633.0,209.0,2.0,
sublette county,82.0,78.0,32.0,55.0,-3.0,30.0,4.0,29.0,8752.0,9.4,8.9,3.7,-0.3,0.5,3.3,-3.0,,,,,,,
"sublette county, wy",,,,,,,,,,,,,,,,,3963.0,3807.0,120.2,85649.0,156.0,3.9,
suffolk city,1129.0,1067.0,1857.0,1574.0,120.0,2089.0,62.0,1977.0,98426.0,11.6,11.0,19.1,1.2,0.6,20.3,50.0,,,,,,,
"suffolk city, va",,,,,,,,,,,,,,,,,45674.0,44299.0,95.4,81858.0,1375.0,3.0,
suffolk county,8267.0,5071.0,-18094.0,49918.0,8914.0,-5702.0,3196.0,-9180.0,768812.0,10.7,6.6,-23.4,11.6,4.1,-11.9,282.0,,,,,,,
"suffolk county, ma",,,,,,,,,,,,,,,,,453111.0,437082.0,89.4,84548.0,16029.0,3.5,
"suffolk county, ny",,,,,,,,,,,,,,,,,798630.0,773162.0,150.1,119253.0,25468.0,3.2,
sullivan county,210.0,281.0,-34.0,2213.0,8.0,-106.0,-71.0,-26.0,20671.0,10.1,13.6,-1.6,0.4,-3.4,-1.3,-9.0,,,,,,,
"sullivan county, in",,,,,,,,,,,,,,,,,7931.0,7625.0,83.1,55497.0,306.0,3.9,
"sullivan county, mo",,,,,,,,,,,,,,,,,2501.0,2429.0,80.9,52384.0,72.0,2.9,
"sullivan county, nh",,,,,,,,,,,,,,,,,22675.0,22190.0,82.3,74700.0,485.0,2.1,
"sullivan county, ny",,,,,,,,,,,,,,,,,37348.0,36103.0,80.2,63733.0,1245.0,3.3,
"sullivan county, pa",,,,,,,,,,,,,,,,,2548.0,2422.0,83.5,59957.0,126.0,4.9,
"sullivan county, tn",,,,,,,,,,,,,,,,,68787.0,66360.0,83.3,54361.0,2427.0,3.5,
sully county,12.0,15.0,-1.0,0.0,15.0,11.0,-3.0,14.0,1482.0,8.1,10.2,-0.7,10.2,-2.0,9.5,0.0,,,,,,,
"sully county, sd",,,,,,,,,,,,,,,,,815.0,802.0,107.9,76192.0,13.0,1.6,
summers county,94.0,265.0,16.0,1002.0,-1.0,-163.0,-171.0,15.0,11702.0,8.0,22.5,1.4,-0.1,-14.5,1.3,-7.0,,,,,,,
"summers county, wv",,,,,,,,,,,,,,,,,4582.0,4412.0,75.0,40569.0,170.0,3.7,
summit county,258.0,89.0,-619.0,579.0,82.0,-362.0,169.0,-537.0,30636.0,8.4,2.9,-20.1,2.7,5.5,-17.4,6.0,,,,,,,
"summit county, co",,,,,,,,,,,,,,,,,21528.0,21042.0,108.9,96984.0,486.0,2.3,
"summit county, oh",,,,,,,,,,,,,,,,,265461.0,254663.0,100.4,66034.0,10798.0,4.1,
"summit county, ut",,,,,,,,,,,,,,,,,26085.0,25510.0,149.5,132358.0,575.0,2.2,
sumner county,218.0,334.0,157.0,300.0,-3.0,32.0,-116.0,154.0,22359.0,9.8,14.9,7.0,-0.1,-5.2,6.9,-6.0,,,,,,,
"sumner county, ks",,,,,,,,,,,,,,,,,10742.0,10425.0,91.4,62921.0,317.0,3.0,
"sumner county, tn",,,,,,,,,,,,,,,,,109078.0,106085.0,134.1,87453.0,2993.0,2.7,
sumter county,133.0,165.0,-61.0,952.0,20.0,-78.0,-32.0,-41.0,11889.0,11.2,13.8,-5.1,1.7,-2.7,-3.4,-5.0,,,,,,,
"sumter county, al",,,,,,,,,,,,,,,,,4568.0,4411.0,58.9,35152.0,157.0,3.4,
"sumter county, fl",,,,,,,,,,,,,,,,,37225.0,35663.0,112.4,77851.0,1562.0,4.2,
"sumter county, ga",,,,,,,,,,,,,,,,,12162.0,11645.0,61.4,44677.0,517.0,4.3,
"sumter county, sc",,,,,,,,,,,,,,,,,42000.0,40399.0,88.6,56937.0,1601.0,3.8,
sunflower county,277.0,395.0,-376.0,4050.0,-2.0,-492.0,-118.0,-378.0,24837.0,11.0,15.7,-15.0,-0.1,-4.7,-15.1,4.0,,,,,,,
"sunflower county, ms",,,,,,,,,,,,,,,,,7175.0,6771.0,72.8,38423.0,404.0,5.6,
surry county,744.0,1150.0,631.0,955.0,18.0,225.0,-406.0,649.0,71482.0,10.4,16.1,8.8,0.3,-5.7,9.1,-18.0,,,,,,,
"surry county, nc",,,,,,,,,,,,,,,,,32788.0,31651.0,73.4,49524.0,1137.0,3.5,
"surry county, va",,,,,,,,,,,,,,,,,3649.0,3546.0,76.1,65339.0,103.0,2.8,
susquehanna county,369.0,579.0,-56.0,319.0,9.0,-278.0,-210.0,-47.0,38139.0,9.6,15.1,-1.5,0.2,-5.5,-1.2,-21.0,,,,,,,
"susquehanna county, pa",,,,,,,,,,,,,,,,,20233.0,19436.0,88.3,63413.0,797.0,3.9,
sussex county,2486.0,3385.0,8597.0,2809.0,482.0,8638.0,-899.0,9079.0,256447.0,9.9,13.4,34.1,1.9,-3.6,36.0,458.0,,,,,,,
"sussex county, de",,,,,,,,,,,,,,,,,112168.0,107494.0,99.1,81188.0,4674.0,4.2,
"sussex county, nj",,,,,,,,,,,,,,,,,77614.0,74621.0,115.5,111308.0,2993.0,3.9,
"sussex county, va",,,,,,,,,,,,,,,,,3689.0,3536.0,57.5,49340.0,153.0,4.1,
sutter county,1231.0,972.0,-1096.0,935.0,254.0,-583.0,259.0,-842.0,98569.0,12.5,9.8,-11.1,2.6,2.6,-8.5,0.0,,,,,,,
"sutter county, ca",,,,,,,,,,,,,,,,,45931.0,42859.0,72.2,66071.0,3072.0,6.7,
sutton county,37.0,47.0,-70.0,5.0,19.0,-59.0,-10.0,-51.0,3232.0,11.3,14.4,-21.5,5.8,-3.1,-15.6,2.0,,,,,,,
"sutton county, tx",,,,,,,,,,,,,,,,,1040.0,981.0,95.2,68838.0,59.0,5.7,
suwannee county,438.0,783.0,1523.0,2619.0,12.0,1280.0,-345.0,1535.0,45405.0,9.8,17.5,34.0,0.3,-7.7,34.3,90.0,,,,,,,
"suwannee county, fl",,,,,,,,,,,,,,,,,17168.0,16583.0,74.0,51295.0,585.0,3.4,
swain county,169.0,258.0,-110.0,368.0,15.0,-192.0,-89.0,-95.0,13936.0,12.0,18.4,-7.8,1.1,-6.3,-6.8,-8.0,,,,,,,
"swain county, nc",,,,,,,,,,,,,,,,,7156.0,6921.0,82.1,55462.0,235.0,3.3,
sweet grass county,24.0,45.0,46.0,27.0,1.0,25.0,-21.0,47.0,3727.0,6.5,12.1,12.4,0.3,-5.7,12.7,-1.0,,,,,,,
"sweet grass county, mt",,,,,,,,,,,,,,,,,1896.0,1857.0,100.1,68006.0,39.0,2.1,
sweetwater county,441.0,438.0,-307.0,629.0,55.0,-252.0,3.0,-252.0,41374.0,10.6,10.6,-7.4,1.3,0.1,-6.1,-3.0,,,,,,,
"sweetwater county, wy",,,,,,,,,,,,,,,,,19898.0,19115.0,106.3,75779.0,783.0,3.9,
swift county,113.0,96.0,-48.0,378.0,22.0,-11.0,17.0,-26.0,9771.0,11.6,9.8,-4.9,2.3,1.7,-2.7,-2.0,,,,,,,
"swift county, mn",,,,,,,,,,,,,,,,,4828.0,4688.0,81.6,67166.0,140.0,2.9,
swisher county,82.0,98.0,-66.0,650.0,37.0,-48.0,-16.0,-29.0,6959.0,11.7,14.0,-9.5,5.3,-2.3,-4.2,-3.0,,,,,,,
"swisher county, tx",,,,,,,,,,,,,,,,,2582.0,2476.0,72.1,52148.0,106.0,4.1,
switzerland county,121.0,116.0,132.0,100.0,0.0,140.0,5.0,132.0,10009.0,12.2,11.7,13.3,0.0,0.5,13.3,3.0,,,,,,,
"switzerland county, in",,,,,,,,,,,,,,,,,4716.0,4582.0,94.7,63246.0,134.0,2.8,
talbot county,43.0,98.0,53.0,0.0,0.0,2.0,-55.0,53.0,5757.0,7.5,17.0,9.2,0.0,-9.6,9.2,4.0,,,,,,,
"talbot county, ga",,,,,,,,,,,,,,,,,2786.0,2680.0,62.1,45163.0,106.0,3.8,
"talbot county, md",,,,,,,,,,,,,,,,,17395.0,16853.0,80.7,76583.0,542.0,3.1,
taliaferro county,15.0,37.0,58.0,19.0,0.0,39.0,-22.0,58.0,1608.0,9.4,23.3,36.5,0.0,-13.8,36.5,3.0,,,,,,,
"taliaferro county, ga",,,,,,,,,,,,,,,,,542.0,519.0,57.9,42138.0,23.0,4.2,
talladega county,868.0,1302.0,436.0,2504.0,15.0,14.0,-434.0,451.0,80748.0,10.8,16.1,5.4,0.2,-5.4,5.6,-3.0,,,,,,,
"talladega county, al",,,,,,,,,,,,,,,,,36207.0,35115.0,92.4,55186.0,1092.0,3.0,
tallahatchie county,133.0,195.0,-180.0,1660.0,4.0,-238.0,-62.0,-176.0,12067.0,10.9,16.0,-14.8,0.3,-5.1,-14.4,0.0,,,,,,,
"tallahatchie county, ms",,,,,,,,,,,,,,,,,4641.0,4450.0,73.9,39009.0,191.0,4.1,
tallapoosa county,389.0,697.0,120.0,680.0,13.0,-186.0,-308.0,133.0,40913.0,9.5,17.0,2.9,0.3,-7.5,3.2,-11.0,,,,,,,
"tallapoosa county, al",,,,,,,,,,,,,,,,,17517.0,17028.0,92.6,55270.0,489.0,2.8,
tama county,198.0,222.0,45.0,266.0,34.0,45.0,-24.0,79.0,16943.0,11.7,13.1,2.7,2.0,-1.4,4.7,-10.0,,,,,,,
"tama county, ia",,,,,,,,,,,,,,,,,9181.0,8872.0,95.1,66295.0,309.0,3.4,
taney county,580.0,801.0,666.0,2276.0,-5.0,445.0,-221.0,661.0,56749.0,10.3,14.2,11.8,-0.1,-3.9,11.7,5.0,,,,,,,
"taney county, mo",,,,,,,,,,,,,,,,,25596.0,24531.0,81.8,53009.0,1065.0,4.2,
tangipahoa parish,1958.0,1760.0,1040.0,4499.0,66.0,1311.0,198.0,1106.0,136799.0,14.4,12.9,7.6,0.5,1.5,8.1,7.0,,,,,,,
"tangipahoa parish, la",,,,,,,,,,,,,,,,,56453.0,54026.0,99.1,54942.0,2427.0,4.3,
taos county,236.0,423.0,63.0,234.0,38.0,-95.0,-187.0,101.0,34590.0,6.8,12.2,1.8,1.1,-5.4,2.9,-9.0,,,,,,,
"taos county, nm",,,,,,,,,,,,,,,,,14745.0,14016.0,81.0,48462.0,729.0,4.9,
tarrant county,27696.0,17187.0,8266.0,28364.0,8003.0,25951.0,10509.0,16269.0,2155646.0,12.9,8.0,3.9,3.7,4.9,7.6,-827.0,,,,,,,
"tarrant county, tx",,,,,,,,,,,,,,,,,1139902.0,1098145.0,105.5,76285.0,41757.0,3.7,
tate county,309.0,413.0,267.0,1320.0,-4.0,156.0,-104.0,263.0,28259.0,11.0,14.7,9.5,-0.1,-3.7,9.3,-3.0,,,,,,,
"tate county, ms",,,,,,,,,,,,,,,,,12104.0,11642.0,111.1,58623.0,462.0,3.8,
tattnall county,271.0,329.0,-24.0,3896.0,-7.0,-104.0,-58.0,-31.0,23988.0,11.3,13.7,-1.0,-0.3,-2.4,-1.3,-15.0,,,,,,,
"tattnall county, ga",,,,,,,,,,,,,,,,,9373.0,9080.0,65.2,47401.0,293.0,3.1,
taylor county,224.0,338.0,535.0,1633.0,57.0,506.0,-114.0,592.0,21313.0,10.6,16.0,25.4,2.7,-5.4,28.1,28.0,,,,,,,
"taylor county, fl",,,,,,,,,,,,,,,,,8021.0,7743.0,70.0,48482.0,278.0,3.5,
"taylor county, ga",,,,,,,,,,,,,,,,,2591.0,2457.0,60.5,44035.0,134.0,5.2,
"taylor county, ia",,,,,,,,,,,,,,,,,3137.0,3073.0,80.4,56021.0,64.0,2.0,
"taylor county, ky",,,,,,,,,,,,,,,,,12183.0,11720.0,88.5,52414.0,463.0,3.8,
"taylor county, tx",,,,,,,,,,,,,,,,,68904.0,66573.0,85.5,61798.0,2331.0,3.4,
"taylor county, wi",,,,,,,,,,,,,,,,,10651.0,10290.0,95.1,67544.0,361.0,3.4,
"taylor county, wv",,,,,,,,,,,,,,,,,7837.0,7536.0,99.8,53972.0,301.0,3.8,
tazewell county,1262.0,1727.0,-301.0,2473.0,29.0,-802.0,-465.0,-272.0,129610.0,9.7,13.3,-2.3,0.2,-3.6,-2.1,-65.0,,,,,,,
"tazewell county, il",,,,,,,,,,,,,,,,,61433.0,58802.0,95.5,73285.0,2631.0,4.3,
"tazewell county, va",,,,,,,,,,,,,,,,,15403.0,14775.0,56.3,48360.0,628.0,4.1,
tehama county,769.0,900.0,48.0,728.0,-23.0,-147.0,-131.0,25.0,65299.0,11.8,13.8,0.7,-0.4,-2.0,0.4,-41.0,,,,,,,
"tehama county, ca",,,,,,,,,,,,,,,,,25538.0,24277.0,64.4,58900.0,1261.0,4.9,
telfair county,120.0,184.0,100.0,3099.0,24.0,61.0,-64.0,124.0,12378.0,9.7,14.9,8.1,1.9,-5.2,10.0,1.0,,,,,,,
"telfair county, ga",,,,,,,,,,,,,,,,,3575.0,3364.0,57.1,41547.0,211.0,5.9,
teller county,181.0,262.0,-8.0,164.0,9.0,-85.0,-81.0,1.0,24860.0,7.3,10.5,-0.3,0.4,-3.3,0.0,-5.0,,,,,,,
"teller county, co",,,,,,,,,,,,,,,,,13358.0,12954.0,91.4,81466.0,404.0,3.0,
tensas parish,25.0,86.0,-155.0,0.0,0.0,-210.0,-61.0,-155.0,3814.0,6.4,21.9,-39.6,0.0,-15.6,-39.6,6.0,,,,,,,
"tensas parish, la",,,,,,,,,,,,,,,,,1304.0,1239.0,60.0,33290.0,65.0,5.0,
terrebonne parish,1372.0,1389.0,-4632.0,1023.0,154.0,-4323.0,-17.0,-4478.0,104632.0,12.8,13.0,-43.4,1.4,-0.2,-41.9,172.0,,,,,,,
"terrebonne parish, la",,,,,,,,,,,,,,,,,44444.0,42735.0,103.5,57376.0,1709.0,3.8,
terrell county,87.0,139.0,-80.0,293.0,1.0,-132.0,-52.0,-79.0,8792.0,9.8,15.7,-9.0,0.1,-5.9,-8.9,-1.0,,,,,,,
"terrell county, ga",,,,,,,,,,,,,,,,,3477.0,3315.0,73.2,53281.0,162.0,4.7,
"terrell county, tx",,,,,,,,,,,,,,,,,405.0,390.0,66.4,47969.0,15.0,3.7,
terry county,177.0,148.0,-355.0,567.0,39.0,-270.0,29.0,-316.0,11444.0,15.3,12.8,-30.7,3.4,2.5,-27.3,17.0,,,,,,,
"terry county, tx",,,,,,,,,,,,,,,,,4650.0,4454.0,65.0,46998.0,196.0,4.2,
teton county,132.0,67.0,154.0,23.0,12.0,246.0,65.0,166.0,12519.0,10.6,5.4,12.4,1.0,5.2,13.4,15.0,,,,,,,
"teton county, id",,,,,,,,,,,,,,,,,7645.0,7477.0,131.6,95580.0,168.0,2.2,
"teton county, mt",,,,,,,,,,,,,,,,,2768.0,2692.0,84.0,57054.0,76.0,2.7,
"teton county, wy",,,,,,,,,,,,,,,,,16829.0,16392.0,179.1,127677.0,437.0,2.6,
texas county,281.0,428.0,563.0,1742.0,-2.0,436.0,-147.0,561.0,25304.0,11.2,17.1,22.4,-0.1,-5.9,22.4,22.0,,,,,,,
"texas county, mo",,,,,,,,,,,,,,,,,8935.0,8660.0,72.0,46622.0,275.0,3.1,
"texas county, ok",,,,,,,,,,,,,,,,,12011.0,11794.0,101.8,60719.0,217.0,1.8,
thayer county,52.0,91.0,8.0,87.0,0.0,-34.0,-39.0,8.0,4854.0,10.7,18.7,1.6,0.0,-8.0,1.6,-3.0,,,,,,,
"thayer county, ne",,,,,,,,,,,,,,,,,2706.0,2658.0,87.5,61125.0,48.0,1.8,
thomas county,506.0,664.0,-92.0,481.0,-1.0,-267.0,-158.0,-93.0,45551.0,11.1,14.5,-2.0,0.0,-3.5,-2.0,-16.0,,,,,,,
"thomas county, ga",,,,,,,,,,,,,,,,,17042.0,16421.0,71.8,52236.0,621.0,3.6,
"thomas county, ks",,,,,,,,,,,,,,,,,4234.0,4154.0,91.4,62916.0,80.0,1.9,
"thomas county, ne",,,,,,,,,,,,,,,,,456.0,445.0,84.2,58818.0,11.0,2.4,
throckmorton county,14.0,23.0,42.0,0.0,1.0,36.0,-9.0,43.0,1539.0,9.2,15.1,27.6,0.7,-5.9,28.3,2.0,,,,,,,
"throckmorton county, tx",,,,,,,,,,,,,,,,,739.0,715.0,70.6,50997.0,24.0,3.2,
thurston county,124.0,87.0,-124.0,106.0,5.0,-78.0,37.0,-119.0,6555.0,18.8,13.2,-18.8,0.8,5.6,-18.0,4.0,,,,,,,
"thurston county, ne",,,,,,,,,,,,,,,,,3237.0,3136.0,81.8,57129.0,101.0,3.1,
"thurston county, wa",,,,,,,,,,,,,,,,,147067.0,140545.0,97.0,88560.0,6522.0,4.4,
tift county,502.0,546.0,286.0,976.0,20.0,253.0,-44.0,306.0,41335.0,12.2,13.2,6.9,0.5,-1.1,7.4,-9.0,,,,,,,
"tift county, ga",,,,,,,,,,,,,,,,,21063.0,20461.0,72.8,52962.0,602.0,2.9,
tillamook county,215.0,430.0,-55.0,401.0,-1.0,-287.0,-215.0,-56.0,27521.0,7.8,15.5,-2.0,0.0,-7.8,-2.0,-16.0,,,,,,,
"tillamook county, or",,,,,,,,,,,,,,,,,12121.0,11617.0,85.8,64877.0,504.0,4.2,
tillman county,65.0,126.0,-4.0,118.0,0.0,-69.0,-61.0,-4.0,6971.0,9.3,18.0,-0.6,0.0,-8.7,-0.6,-4.0,,,,,,,
"tillman county, ok",,,,,,,,,,,,,,,,,2954.0,2854.0,74.3,44333.0,100.0,3.4,
tioga county,463.0,555.0,-207.0,646.0,0.0,-314.0,-92.0,-207.0,47766.0,9.7,11.6,-4.3,0.0,-1.9,-4.3,-15.0,,,,,,,
"tioga county, ny",,,,,,,,,,,,,,,,,22181.0,21452.0,95.9,76197.0,729.0,3.3,
"tioga county, pa",,,,,,,,,,,,,,,,,19050.0,18178.0,85.2,61190.0,872.0,4.6,
tippah county,251.0,333.0,-104.0,563.0,5.0,-187.0,-82.0,-99.0,21438.0,11.7,15.5,-4.8,0.2,-3.8,-4.6,-6.0,,,,,,,
"tippah county, ms",,,,,,,,,,,,,,,,,9727.0,9404.0,99.7,52635.0,323.0,3.3,
tippecanoe county,2029.0,1530.0,-1271.0,15917.0,1606.0,814.0,499.0,335.0,188237.0,10.8,8.1,-6.8,8.6,2.7,1.8,-20.0,,,,,,,
"tippecanoe county, in",,,,,,,,,,,,,,,,,96898.0,94095.0,84.0,56088.0,2803.0,2.9,
tipton county,152.0,235.0,17.0,198.0,5.0,-69.0,-83.0,22.0,15325.0,9.9,15.3,1.1,0.3,-5.4,1.4,-8.0,,,,,,,
"tipton county, in",,,,,,,,,,,,,,,,,8981.0,8722.0,97.4,65025.0,259.0,2.9,
"tipton county, tn",,,,,,,,,,,,,,,,,27667.0,26664.0,105.4,68778.0,1003.0,3.6,
tishomingo county,203.0,392.0,87.0,290.0,-4.0,-113.0,-189.0,83.0,18621.0,10.9,21.0,4.7,-0.2,-10.1,4.4,-7.0,,,,,,,
"tishomingo county, ms",,,,,,,,,,,,,,,,,8417.0,8115.0,97.8,51652.0,302.0,3.6,
titus county,459.0,358.0,-180.0,237.0,67.0,-23.0,101.0,-113.0,31237.0,14.7,11.5,-5.8,2.1,3.2,-3.6,-11.0,,,,,,,
"titus county, tx",,,,,,,,,,,,,,,,,13764.0,13162.0,80.8,58411.0,602.0,4.4,
toa alta municipio,,,,,,,,,66016.0,,,,,,,,,,,,,,
"toa alta municipio, pr",,,,,,,,,,,,,,,,,30319.0,28966.0,,,1353.0,4.5,
toa baja municipio,,,,,,,,,72726.0,,,,,,,,,,,,,,
"toa baja municipio, pr",,,,,,,,,,,,,,,,,31511.0,30060.0,,,1451.0,4.6,
todd county,186.0,183.0,87.0,145.0,6.0,93.0,3.0,93.0,12394.0,15.1,14.8,7.0,0.5,0.2,7.5,-3.0,,,,,,,
"todd county, ky",,,,,,,,,,,,,,,,,5671.0,5484.0,89.9,53280.0,187.0,3.3,
"todd county, mn",,,,,,,,,,,,,,,,,13502.0,13089.0,80.5,66300.0,413.0,3.1,
"todd county, sd",,,,,,,,,,,,,,,,,3004.0,2894.0,59.3,41862.0,110.0,3.7,
"tolland county, ct",,,,,,,,,,,,,,,,,86461.0,83265.0,,,3196.0,3.7,
tom green county,1507.0,1440.0,-474.0,3449.0,121.0,-318.0,67.0,-353.0,118913.0,12.7,12.1,-4.0,1.0,0.6,-3.0,-32.0,,,,,,,
"tom green county, tx",,,,,,,,,,,,,,,,,55626.0,53694.0,83.5,60348.0,1932.0,3.5,
tompkins county,701.0,752.0,-2290.0,14492.0,568.0,-1667.0,-51.0,-1722.0,104299.0,6.7,7.2,-21.8,5.4,-0.5,-16.4,106.0,,,,,,,
"tompkins county, ny",,,,,,,,,,,,,,,,,49504.0,48089.0,90.6,72025.0,1415.0,2.9,
tooele county,1085.0,520.0,2516.0,515.0,17.0,3180.0,565.0,2533.0,79955.0,13.8,6.6,32.1,0.2,7.2,32.3,82.0,,,,,,,
"tooele county, ut",,,,,,,,,,,,,,,,,38041.0,37053.0,103.2,91353.0,988.0,2.6,
toole county,49.0,73.0,64.0,993.0,40.0,85.0,-24.0,104.0,5077.0,9.7,14.5,12.7,7.9,-4.8,20.7,5.0,,,,,,,
"toole county, mt",,,,,,,,,,,,,,,,,2062.0,2019.0,73.4,49850.0,43.0,2.1,
toombs county,377.0,429.0,-8.0,557.0,38.0,-34.0,-52.0,30.0,26813.0,14.1,16.0,-0.3,1.4,-1.9,1.1,-12.0,,,,,,,
"toombs county, ga",,,,,,,,,,,,,,,,,12003.0,11529.0,62.0,45125.0,474.0,3.9,
torrance county,154.0,245.0,165.0,296.0,0.0,70.0,-91.0,165.0,15383.0,10.0,16.0,10.8,0.0,-5.9,10.8,-4.0,,,,,,,
"torrance county, nm",,,,,,,,,,,,,,,,,5505.0,5209.0,80.7,48322.0,296.0,5.4,
towner county,20.0,30.0,-68.0,25.0,8.0,-68.0,-10.0,-60.0,2060.0,9.6,14.3,-32.5,3.8,-4.8,-28.7,2.0,,,,,,,
"towner county, nd",,,,,,,,,,,,,,,,,1127.0,1102.0,96.5,70656.0,25.0,2.2,
towns county,94.0,245.0,233.0,578.0,5.0,81.0,-151.0,238.0,12961.0,7.3,19.0,18.0,0.4,-11.7,18.4,-6.0,,,,,,,
"towns county, ga",,,,,,,,,,,,,,,,,4047.0,3876.0,81.5,59273.0,171.0,4.2,
traill county,79.0,97.0,-21.0,372.0,5.0,-32.0,-18.0,-16.0,7955.0,9.9,12.2,-2.6,0.6,-2.3,-2.0,2.0,,,,,,,
"traill county, nd",,,,,,,,,,,,,,,,,4470.0,4384.0,108.0,79065.0,86.0,1.9,
transylvania county,250.0,510.0,317.0,862.0,33.0,101.0,-260.0,350.0,33373.0,7.5,15.3,9.5,1.0,-7.8,10.5,11.0,,,,,,,
"transylvania county, nc",,,,,,,,,,,,,,,,,14681.0,14169.0,92.1,62173.0,512.0,3.5,
traverse county,31.0,65.0,4.0,92.0,1.0,-30.0,-34.0,5.0,3242.0,9.5,20.0,1.2,0.3,-10.4,1.5,-1.0,,,,,,,
"traverse county, mn",,,,,,,,,,,,,,,,,1635.0,1596.0,77.6,63913.0,39.0,2.4,
travis county,16018.0,7195.0,2605.0,34572.0,7261.0,18682.0,8823.0,9866.0,1327550.0,12.2,5.5,2.0,5.5,6.7,7.5,-7.0,,,,,,,
"travis county, tx",,,,,,,,,,,,,,,,,823554.0,800001.0,131.6,95151.0,23553.0,2.9,
treasure county,9.0,9.0,-14.0,0.0,0.0,-14.0,0.0,-14.0,754.0,11.8,11.8,-18.4,0.0,0.0,-18.4,0.0,,,,,,,
"treasure county, mt",,,,,,,,,,,,,,,,,346.0,338.0,89.0,60454.0,8.0,2.3,
trego county,28.0,46.0,-25.0,35.0,2.0,-42.0,-18.0,-23.0,2746.0,10.1,16.6,-9.0,0.7,-6.5,-8.3,-1.0,,,,,,,
"trego county, ks",,,,,,,,,,,,,,,,,1364.0,1331.0,79.4,54628.0,33.0,2.4,
trempealeau county,383.0,315.0,82.0,400.0,37.0,168.0,68.0,119.0,30891.0,12.4,10.2,2.7,1.2,2.2,3.9,-19.0,,,,,,,
"trempealeau county, wi",,,,,,,,,,,,,,,,,14906.0,14441.0,96.0,68184.0,465.0,3.1,
treutlen county,77.0,119.0,36.0,468.0,0.0,-6.0,-42.0,36.0,6359.0,12.1,18.7,5.7,0.0,-6.6,5.7,0.0,,,,,,,
"treutlen county, ga",,,,,,,,,,,,,,,,,2618.0,2511.0,59.8,43533.0,107.0,4.1,
trigg county,158.0,248.0,218.0,58.0,0.0,128.0,-90.0,218.0,14348.0,11.1,17.4,15.3,0.0,-6.3,15.3,0.0,,,,,,,
"trigg county, ky",,,,,,,,,,,,,,,,,6027.0,5747.0,95.3,56433.0,280.0,4.6,
trimble county,81.0,139.0,41.0,38.0,-1.0,-22.0,-58.0,40.0,8527.0,9.5,16.3,4.8,-0.1,-6.8,4.7,-4.0,,,,,,,
"trimble county, ky",,,,,,,,,,,,,,,,,3812.0,3642.0,111.1,65828.0,170.0,4.5,
trinity county,105.0,193.0,-207.0,195.0,-6.0,-304.0,-88.0,-213.0,15778.0,6.6,12.1,-13.0,-0.4,-5.5,-13.4,-3.0,,,,,,,
"trinity county, ca",,,,,,,,,,,,,,,,,4515.0,4303.0,54.1,49485.0,212.0,4.7,
"trinity county, tx",,,,,,,,,,,,,,,,,5368.0,5083.0,68.7,49629.0,285.0,5.3,
tripp county,66.0,62.0,-6.0,245.0,5.0,-1.0,4.0,-1.0,5579.0,11.8,11.1,-1.1,0.9,0.7,-0.2,-4.0,,,,,,,
"tripp county, sd",,,,,,,,,,,,,,,,,3071.0,3020.0,79.2,55946.0,51.0,1.7,
troup county,900.0,907.0,661.0,1351.0,71.0,729.0,-7.0,732.0,70247.0,12.9,13.0,9.5,1.0,-0.1,10.5,4.0,,,,,,,
"troup county, ga",,,,,,,,,,,,,,,,,36794.0,35671.0,76.8,55852.0,1123.0,3.1,
trousdale county,115.0,153.0,478.0,2453.0,-2.0,472.0,-38.0,476.0,12077.0,9.7,12.9,40.4,-0.2,-3.2,40.2,34.0,,,,,,,
"trousdale county, tn",,,,,,,,,,,,,,,,,5740.0,5568.0,89.8,58584.0,172.0,3.0,
trujillo alto municipio,,,,,,,,,66770.0,,,,,,,,,,,,,,
"trujillo alto municipio, pr",,,,,,,,,,,,,,,,,29498.0,28425.0,,,1073.0,3.6,
trumbull county,1979.0,3308.0,558.0,3812.0,36.0,-846.0,-1329.0,594.0,200726.0,9.8,16.4,2.8,0.2,-6.6,3.0,-111.0,,,,,,,
"trumbull county, oh",,,,,,,,,,,,,,,,,82752.0,78656.0,82.7,54406.0,4096.0,4.9,
tucker county,59.0,120.0,-9.0,129.0,1.0,-73.0,-61.0,-8.0,6620.0,8.9,18.0,-1.4,0.2,-9.2,-1.2,-4.0,,,,,,,
"tucker county, wv",,,,,,,,,,,,,,,,,3542.0,3409.0,93.2,50444.0,133.0,3.8,
tulare county,6846.0,3977.0,-2273.0,4969.0,219.0,708.0,2869.0,-2054.0,477884.0,14.3,8.3,-4.8,0.5,6.0,-4.3,-107.0,,,,,,,
"tulare county, ca",,,,,,,,,,,,,,,,,206681.0,189562.0,70.3,64313.0,17119.0,8.3,
tulsa county,8648.0,7929.0,836.0,11951.0,1835.0,3010.0,719.0,2671.0,677061.0,12.8,11.7,1.2,2.7,1.1,4.0,-380.0,,,,,,,
"tulsa county, ok",,,,,,,,,,,,,,,,,330103.0,320002.0,106.4,63442.0,10101.0,3.1,
tunica county,118.0,165.0,-185.0,82.0,0.0,-235.0,-47.0,-185.0,9407.0,12.4,17.3,-19.4,0.0,-4.9,-19.4,-3.0,,,,,,,
"tunica county, ms",,,,,,,,,,,,,,,,,4155.0,3972.0,71.4,37694.0,183.0,4.4,
tuolumne county,453.0,825.0,-158.0,3084.0,19.0,-544.0,-372.0,-139.0,54587.0,8.3,15.0,-2.9,0.3,-6.8,-2.5,-33.0,,,,,,,
"tuolumne county, ca",,,,,,,,,,,,,,,,,19725.0,18829.0,76.6,70108.0,896.0,4.5,
turner county,110.0,135.0,-53.0,310.0,-1.0,-83.0,-25.0,-54.0,8836.0,12.4,15.2,-6.0,-0.1,-2.8,-6.1,-4.0,,,,,,,
"turner county, ga",,,,,,,,,,,,,,,,,3169.0,3036.0,56.2,40865.0,133.0,4.2,
"turner county, sd",,,,,,,,,,,,,,,,,4757.0,4670.0,105.5,74511.0,87.0,1.8,
tuscaloosa county,2488.0,2292.0,679.0,20405.0,257.0,1020.0,196.0,936.0,236690.0,10.5,9.7,2.9,1.1,0.8,4.0,-112.0,,,,,,,
"tuscaloosa county, al",,,,,,,,,,,,,,,,,103171.0,100623.0,102.0,60875.0,2548.0,2.5,
tuscarawas county,1144.0,1392.0,-435.0,1051.0,56.0,-647.0,-248.0,-379.0,91971.0,12.4,15.1,-4.7,0.6,-2.7,-4.1,-20.0,,,,,,,
"tuscarawas county, oh",,,,,,,,,,,,,,,,,44347.0,42651.0,90.6,59626.0,1696.0,3.8,
tuscola county,505.0,795.0,166.0,823.0,22.0,-126.0,-290.0,188.0,52908.0,9.5,15.0,3.1,0.4,-5.5,3.5,-24.0,,,,,,,
"tuscola county, mi",,,,,,,,,,,,,,,,,23081.0,21865.0,92.6,61978.0,1216.0,5.3,
twiggs county,69.0,161.0,-114.0,104.0,0.0,-205.0,-92.0,-114.0,7676.0,8.9,20.7,-14.7,0.0,-11.8,-14.7,1.0,,,,,,,
"twiggs county, ga",,,,,,,,,,,,,,,,,2712.0,2582.0,67.0,48772.0,130.0,4.8,
twin falls county,1140.0,1044.0,1223.0,1711.0,93.0,1427.0,96.0,1316.0,93821.0,12.2,11.2,13.1,1.0,1.0,14.1,15.0,,,,,,,
"twin falls county, id",,,,,,,,,,,,,,,,,44202.0,42962.0,87.9,63860.0,1240.0,2.8,
tyler county,209.0,414.0,665.0,2308.0,14.0,513.0,-205.0,679.0,20411.0,10.4,20.5,33.0,0.7,-10.2,33.7,39.0,,,,,,,
"tyler county, tx",,,,,,,,,,,,,,,,,7181.0,6744.0,70.2,50722.0,437.0,6.1,
"tyler county, wv",,,,,,,,,,,,,,,,,2960.0,2788.0,106.4,57560.0,172.0,5.8,
tyrrell county,42.0,50.0,91.0,213.0,3.0,94.0,-8.0,94.0,3473.0,12.3,14.6,26.6,0.9,-2.3,27.4,8.0,,,,,,,
"tyrrell county, nc",,,,,,,,,,,,,,,,,1309.0,1240.0,63.0,42514.0,69.0,5.3,
uinta county,232.0,203.0,32.0,218.0,-6.0,46.0,29.0,26.0,20727.0,11.2,9.8,1.5,-0.3,1.4,1.3,-9.0,,,,,,,
"uinta county, wy",,,,,,,,,,,,,,,,,9017.0,8691.0,102.5,73072.0,326.0,3.6,
uintah county,490.0,327.0,669.0,115.0,22.0,875.0,163.0,691.0,37104.0,13.4,8.9,18.2,0.6,4.4,18.8,21.0,,,,,,,
"uintah county, ut",,,,,,,,,,,,,,,,,14110.0,13593.0,76.3,67554.0,517.0,3.7,
ulster county,1577.0,2007.0,-899.0,11983.0,246.0,-1169.0,-430.0,-653.0,182320.0,8.6,11.0,-4.9,1.3,-2.4,-3.6,-86.0,,,,,,,
"ulster county, ny",,,,,,,,,,,,,,,,,87437.0,84618.0,99.8,79340.0,2819.0,3.2,
umatilla county,966.0,891.0,23.0,4568.0,57.0,108.0,75.0,80.0,80261.0,12.0,11.1,0.3,0.7,0.9,1.0,-47.0,,,,,,,
"umatilla county, or",,,,,,,,,,,,,,,,,37918.0,36279.0,93.9,71012.0,1639.0,4.3,
unicoi county,145.0,381.0,190.0,358.0,0.0,-40.0,-236.0,190.0,17591.0,8.2,21.6,10.8,0.0,-13.4,10.8,6.0,,,,,,,
"unicoi county, tn",,,,,,,,,,,,,,,,,7080.0,6773.0,80.1,52260.0,307.0,4.3,
union county,467.0,618.0,-458.0,618.0,37.0,-562.0,-151.0,-421.0,37813.0,12.3,16.2,-12.0,1.0,-4.0,-11.1,10.0,,,,,,,
"union county, ar",,,,,,,,,,,,,,,,,14663.0,13979.0,90.5,50258.0,684.0,4.7,
"union county, fl",,,,,,,,,,,,,,,,,4483.0,4347.0,87.7,60749.0,136.0,3.0,
"union county, ga",,,,,,,,,,,,,,,,,11401.0,11086.0,88.8,64588.0,315.0,2.8,
"union county, ia",,,,,,,,,,,,,,,,,6067.0,5895.0,80.1,55812.0,172.0,2.8,
"union county, il",,,,,,,,,,,,,,,,,7057.0,6683.0,66.6,51116.0,374.0,5.3,
"union county, in",,,,,,,,,,,,,,,,,3567.0,3478.0,91.6,61171.0,89.0,2.5,
"union county, ky",,,,,,,,,,,,,,,,,5809.0,5553.0,98.3,58223.0,256.0,4.4,
"union county, ms",,,,,,,,,,,,,,,,,14554.0,14136.0,106.2,56050.0,418.0,2.9,
"union county, nc",,,,,,,,,,,,,,,,,130315.0,126174.0,140.8,95079.0,4141.0,3.2,
"union county, nj",,,,,,,,,,,,,,,,,289422.0,277712.0,100.1,96483.0,11710.0,4.0,
"union county, nm",,,,,,,,,,,,,,,,,1575.0,1529.0,81.1,48545.0,46.0,2.9,
"union county, oh",,,,,,,,,,,,,,,,,30108.0,29196.0,158.9,104512.0,912.0,3.0,
"union county, or",,,,,,,,,,,,,,,,,12089.0,11546.0,75.5,57091.0,543.0,4.5,
"union county, pa",,,,,,,,,,,,,,,,,19587.0,18881.0,91.3,65521.0,706.0,3.6,
"union county, sc",,,,,,,,,,,,,,,,,11266.0,10739.0,72.3,46461.0,527.0,4.7,
"union county, sd",,,,,,,,,,,,,,,,,8697.0,8509.0,121.4,85677.0,188.0,2.2,
"union county, tn",,,,,,,,,,,,,,,,,7878.0,7580.0,78.4,51169.0,298.0,3.8,
union parish,198.0,351.0,-139.0,416.0,29.0,-272.0,-153.0,-110.0,20729.0,9.5,16.8,-6.7,1.4,-7.3,-5.3,-9.0,,,,,,,
"union parish, la",,,,,,,,,,,,,,,,,9113.0,8768.0,86.6,48003.0,345.0,3.8,
united states,3679254.0,3456087.0,0.0,,999267.0,1222434.0,223167.0,999267.0,333271411.0,11.1,10.4,0.0,3.0,0.7,3.0,0.0,164341251.0,158342285.0,,74755.0,5998966.0,3.7,
upshur county,494.0,657.0,738.0,436.0,16.0,619.0,-163.0,754.0,42454.0,11.7,15.6,17.5,0.4,-3.9,17.9,28.0,,,,,,,
"upshur county, tx",,,,,,,,,,,,,,,,,17868.0,17097.0,82.6,59690.0,771.0,4.3,
"upshur county, wv",,,,,,,,,,,,,,,,,9662.0,9201.0,86.9,47035.0,461.0,4.8,
upson county,331.0,514.0,567.0,370.0,-4.0,404.0,-183.0,563.0,28093.0,11.9,18.4,20.3,-0.1,-6.6,20.2,24.0,,,,,,,
"upson county, ga",,,,,,,,,,,,,,,,,11644.0,11261.0,66.1,48061.0,383.0,3.3,
upton county,26.0,32.0,-86.0,63.0,1.0,-87.0,-6.0,-85.0,3146.0,8.2,10.0,-27.0,0.3,-1.9,-26.6,4.0,,,,,,,
"upton county, tx",,,,,,,,,,,,,,,,,2414.0,2350.0,85.2,61607.0,64.0,2.7,
utah county,12138.0,3451.0,6690.0,15508.0,1323.0,16719.0,8687.0,8013.0,702692.0,17.5,5.0,9.6,1.9,12.5,11.5,19.0,,,,,,,
"utah county, ut",,,,,,,,,,,,,,,,,344947.0,337405.0,107.4,95085.0,7542.0,2.2,
utuado municipio,,,,,,,,,27514.0,,,,,,,,,,,,,,
"utuado municipio, pr",,,,,,,,,,,,,,,,,7364.0,6773.0,,,591.0,8.0,
uvalde county,401.0,349.0,-30.0,843.0,80.0,87.0,52.0,50.0,24890.0,16.1,14.0,-1.2,3.2,2.1,2.0,-15.0,,,,,,,
"uvalde county, tx",,,,,,,,,,,,,,,,,11264.0,10763.0,67.0,48427.0,501.0,4.4,
val verde county,806.0,496.0,-312.0,1963.0,96.0,84.0,310.0,-216.0,47617.0,16.9,10.4,-6.6,2.0,6.5,-4.5,-10.0,,,,,,,
"val verde county, tx",,,,,,,,,,,,,,,,,22262.0,21246.0,72.8,52593.0,1016.0,4.6,
valencia county,843.0,974.0,859.0,2019.0,166.0,886.0,-131.0,1025.0,78201.0,10.8,12.5,11.0,2.1,-1.7,13.2,-8.0,,,,,,,
"valencia county, nm",,,,,,,,,,,,,,,,,31119.0,29772.0,89.0,53275.0,1347.0,4.3,
valley county,83.0,103.0,208.0,143.0,-1.0,194.0,-20.0,207.0,12450.0,6.7,8.3,16.8,-0.1,-1.6,16.8,7.0,,,,,,,
"valley county, id",,,,,,,,,,,,,,,,,6232.0,5996.0,102.1,74166.0,236.0,3.8,
"valley county, mt",,,,,,,,,,,,,,,,,3965.0,3864.0,117.4,79703.0,101.0,2.5,
"valley county, ne",,,,,,,,,,,,,,,,,2111.0,2068.0,78.8,55050.0,43.0,2.0,
van buren county,141.0,324.0,485.0,61.0,7.0,326.0,-183.0,492.0,16103.0,8.8,20.3,30.4,0.4,-11.5,30.9,17.0,,,,,,,
"van buren county, ar",,,,,,,,,,,,,,,,,5906.0,5661.0,84.9,47150.0,245.0,4.1,
"van buren county, ia",,,,,,,,,,,,,,,,,3706.0,3599.0,92.6,64550.0,107.0,2.9,
"van buren county, mi",,,,,,,,,,,,,,,,,34307.0,32605.0,92.1,61638.0,1702.0,5.0,
"van buren county, tn",,,,,,,,,,,,,,,,,2061.0,1973.0,77.0,50260.0,88.0,4.3,
van wert county,337.0,402.0,75.0,369.0,25.0,20.0,-65.0,100.0,28804.0,11.7,14.0,2.6,0.9,-2.3,3.5,-15.0,,,,,,,
"van wert county, oh",,,,,,,,,,,,,,,,,14357.0,13878.0,90.3,59377.0,479.0,3.3,
van zandt county,650.0,985.0,1895.0,569.0,12.0,1635.0,-335.0,1907.0,62888.0,10.5,15.9,30.5,0.2,-5.4,30.7,63.0,,,,,,,
"van zandt county, tx",,,,,,,,,,,,,,,,,27948.0,26966.0,79.8,57706.0,982.0,3.5,
vance county,538.0,653.0,71.0,447.0,124.0,53.0,-115.0,195.0,42154.0,12.8,15.5,1.7,2.9,-2.7,4.6,-27.0,,,,,,,
"vance county, nc",,,,,,,,,,,,,,,,,16793.0,15806.0,74.0,49961.0,987.0,5.9,
vanderburgh county,2169.0,2389.0,-447.0,6739.0,166.0,-602.0,-220.0,-281.0,179563.0,12.1,13.3,-2.5,0.9,-1.2,-1.6,-101.0,,,,,,,
"vanderburgh county, in",,,,,,,,,,,,,,,,,91922.0,89072.0,86.9,57997.0,2850.0,3.1,
vega alta municipio,,,,,,,,,34762.0,,,,,,,,,,,,,,
"vega alta municipio, pr",,,,,,,,,,,,,,,,,10720.0,9945.0,,,775.0,7.2,
vega baja municipio,,,,,,,,,53652.0,,,,,,,,,,,,,,
"vega baja municipio, pr",,,,,,,,,,,,,,,,,14225.0,13178.0,,,1047.0,7.4,
venango county,465.0,877.0,131.0,874.0,8.0,-306.0,-412.0,139.0,49734.0,9.3,17.6,2.6,0.2,-8.3,2.8,-33.0,,,,,,,
"venango county, pa",,,,,,,,,,,,,,,,,21386.0,20385.0,73.1,52449.0,1001.0,4.7,
ventura county,8823.0,6873.0,-9549.0,11248.0,923.0,-6600.0,1950.0,-8626.0,832871.0,10.6,8.2,-11.4,1.1,2.3,-10.3,76.0,,,,,,,
"ventura county, ca",,,,,,,,,,,,,,,,,411125.0,395761.0,111.4,101981.0,15364.0,3.7,
vermilion county,853.0,1201.0,-719.0,2685.0,12.0,-1061.0,-348.0,-707.0,72103.0,11.7,16.5,-9.9,0.2,-4.8,-9.7,-6.0,,,,,,,
"vermilion county, il",,,,,,,,,,,,,,,,,31697.0,30031.0,67.9,52083.0,1666.0,5.3,
vermilion parish,735.0,771.0,150.0,571.0,1.0,79.0,-36.0,151.0,56953.0,12.9,13.5,2.6,0.0,-0.6,2.7,-36.0,,,,,,,
"vermilion parish, la",,,,,,,,,,,,,,,,,23918.0,23075.0,91.2,50554.0,843.0,3.5,
vermillion county,167.0,238.0,68.0,188.0,6.0,-2.0,-71.0,74.0,15433.0,10.8,15.4,4.4,0.4,-4.6,4.8,-5.0,,,,,,,
"vermillion county, in",,,,,,,,,,,,,,,,,6534.0,6291.0,87.3,58280.0,243.0,3.7,
vernon county,241.0,342.0,109.0,684.0,13.0,11.0,-101.0,122.0,19599.0,12.3,17.5,5.6,0.7,-5.2,6.2,-10.0,,,,,,,
"vernon county, mo",,,,,,,,,,,,,,,,,9016.0,8782.0,80.1,51900.0,234.0,2.6,
"vernon county, wi",,,,,,,,,,,,,,,,,15179.0,14768.0,95.4,67812.0,411.0,2.7,
vernon parish,813.0,494.0,-1593.0,1409.0,54.0,-1152.0,319.0,-1539.0,46870.0,17.1,10.4,-33.6,1.1,6.7,-32.4,68.0,,,,,,,
"vernon parish, la",,,,,,,,,,,,,,,,,16135.0,15483.0,94.9,52626.0,652.0,4.0,
victoria county,1260.0,1104.0,35.0,1112.0,39.0,178.0,156.0,74.0,91074.0,13.8,12.1,0.4,0.4,1.7,0.8,-52.0,,,,,,,
"victoria county, tx",,,,,,,,,,,,,,,,,41237.0,39485.0,93.9,67905.0,1752.0,4.2,
vieques municipio,,,,,,,,,8040.0,,,,,,,,,,,,,,
"vieques municipio, pr",,,,,,,,,,,,,,,,,2737.0,2551.0,,,186.0,6.8,
vigo county,1148.0,1363.0,107.0,8901.0,139.0,-34.0,-215.0,246.0,106082.0,10.8,12.8,1.0,1.3,-2.0,2.3,-65.0,,,,,,,
"vigo county, in",,,,,,,,,,,,,,,,,45594.0,43935.0,78.3,52286.0,1659.0,3.6,
vilas county,159.0,374.0,426.0,84.0,-2.0,234.0,-215.0,424.0,23742.0,6.7,15.8,18.0,-0.1,-9.1,17.9,25.0,,,,,,,
"vilas county, wi",,,,,,,,,,,,,,,,,10248.0,9851.0,89.2,63356.0,397.0,3.9,
villalba municipio,,,,,,,,,21454.0,,,,,,,,,,,,,,
"villalba municipio, pr",,,,,,,,,,,,,,,,,7760.0,6954.0,,,806.0,10.4,
vinton county,151.0,228.0,-46.0,56.0,0.0,-126.0,-77.0,-46.0,12577.0,11.9,18.0,-3.6,0.0,-6.1,-3.6,-3.0,,,,,,,
"vinton county, oh",,,,,,,,,,,,,,,,,5396.0,5128.0,77.5,51015.0,268.0,5.0,
virginia beach city,5369.0,4057.0,-6028.0,7012.0,1153.0,-3500.0,1312.0,-4875.0,455069.0,11.8,8.9,-13.2,2.5,2.9,-10.7,63.0,,,,,,,
"virginia beach city, va",,,,,,,,,,,,,,,,,232244.0,225983.0,96.8,83066.0,6261.0,2.7,
volusia county,5011.0,9174.0,15795.0,17940.0,921.0,13297.0,-4163.0,16716.0,579665.0,8.7,16.0,27.6,1.6,-7.3,29.2,744.0,,,,,,,
"volusia county, fl",,,,,,,,,,,,,,,,,263761.0,255130.0,93.2,64601.0,8631.0,3.3,
wabash county,71.0,165.0,-81.0,336.0,7.0,-168.0,-94.0,-74.0,11040.0,6.4,14.8,-7.3,0.6,-8.5,-6.7,0.0,,,,,,,
"wabash county, il",,,,,,,,,,,,,,,,,5684.0,5484.0,83.1,63777.0,200.0,3.5,
"wabash county, in",,,,,,,,,,,,,,,,,14524.0,14120.0,95.9,64025.0,404.0,2.8,
wabasha county,228.0,226.0,132.0,294.0,8.0,137.0,2.0,140.0,21652.0,10.6,10.5,6.1,0.4,0.1,6.5,-5.0,,,,,,,
"wabasha county, mn",,,,,,,,,,,,,,,,,12145.0,11845.0,95.9,78953.0,300.0,2.5,
wabaunsee county,86.0,94.0,47.0,188.0,3.0,39.0,-8.0,50.0,7009.0,12.3,13.4,6.7,0.4,-1.1,7.2,-3.0,,,,,,,
"wabaunsee county, ks",,,,,,,,,,,,,,,,,3733.0,3642.0,99.4,68435.0,91.0,2.4,
wadena county,191.0,228.0,113.0,356.0,20.0,95.0,-37.0,133.0,14236.0,13.5,16.1,8.0,1.4,-2.6,9.4,-1.0,,,,,,,
"wadena county, mn",,,,,,,,,,,,,,,,,6041.0,5802.0,69.9,57527.0,239.0,4.0,
wagoner county,917.0,930.0,2336.0,284.0,65.0,2467.0,-13.0,2401.0,86697.0,10.7,10.9,27.3,0.8,-0.2,28.1,79.0,,,,,,,
"wagoner county, ok",,,,,,,,,,,,,,,,,39612.0,38406.0,123.8,73851.0,1206.0,3.0,
wahkiakum county,30.0,67.0,135.0,10.0,0.0,102.0,-37.0,135.0,4688.0,6.5,14.4,29.1,0.0,-8.0,29.1,4.0,,,,,,,
"wahkiakum county, wa",,,,,,,,,,,,,,,,,1349.0,1261.0,76.8,70099.0,88.0,6.5,
wake county,13249.0,7203.0,7974.0,16492.0,4916.0,18477.0,6046.0,12890.0,1170778.0,11.4,6.2,6.9,4.2,5.2,11.1,-459.0,,,,,,,
"wake county, nc",,,,,,,,,,,,,,,,,631165.0,611634.0,143.8,97099.0,19531.0,3.1,
wakulla county,342.0,418.0,946.0,2857.0,-1.0,899.0,-76.0,945.0,35169.0,9.9,12.0,27.2,0.0,-2.2,27.2,30.0,,,,,,,
"wakulla county, fl",,,,,,,,,,,,,,,,,15729.0,15315.0,91.6,63482.0,414.0,2.6,
waldo county,359.0,547.0,448.0,831.0,7.0,277.0,-188.0,455.0,40255.0,8.9,13.6,11.2,0.2,-4.7,11.3,10.0,,,,,,,
"waldo county, me",,,,,,,,,,,,,,,,,20356.0,19736.0,91.6,63619.0,620.0,3.0,
walker county,786.0,1224.0,228.0,1081.0,37.0,-198.0,-438.0,265.0,64438.0,12.2,19.0,3.5,0.6,-6.8,4.1,-25.0,,,,,,,
"walker county, al",,,,,,,,,,,,,,,,,25457.0,24772.0,85.5,51065.0,685.0,2.7,
"walker county, ga",,,,,,,,,,,,,,,,,31259.0,30289.0,73.4,53407.0,970.0,3.1,
"walker county, tx",,,,,,,,,,,,,,,,,24019.0,22877.0,73.7,53301.0,1142.0,4.8,
walla walla county,559.0,745.0,-324.0,4551.0,156.0,-358.0,-186.0,-168.0,61853.0,9.0,12.0,-5.2,2.5,-3.0,-2.7,-4.0,,,,,,,
"walla walla county, wa",,,,,,,,,,,,,,,,,30056.0,28721.0,72.9,66542.0,1335.0,4.4,
wallace county,25.0,19.0,-25.0,24.0,0.0,-20.0,6.0,-25.0,1493.0,16.6,12.6,-16.6,0.0,4.0,-16.6,-1.0,,,,,,,
"wallace county, ks",,,,,,,,,,,,,,,,,850.0,833.0,90.5,62309.0,17.0,2.0,
waller county,747.0,509.0,2019.0,6191.0,80.0,2433.0,238.0,2099.0,61852.0,12.3,8.4,33.3,1.3,3.9,34.6,96.0,,,,,,,
"waller county, tx",,,,,,,,,,,,,,,,,25472.0,24363.0,104.1,75223.0,1109.0,4.4,
wallowa county,63.0,117.0,138.0,61.0,0.0,92.0,-54.0,138.0,7650.0,8.3,15.4,18.1,0.0,-7.1,18.1,8.0,,,,,,,
"wallowa county, or",,,,,,,,,,,,,,,,,3595.0,3411.0,81.5,61648.0,184.0,5.1,
walsh county,123.0,128.0,-28.0,275.0,6.0,-30.0,-5.0,-22.0,10460.0,11.7,12.2,-2.7,0.6,-0.5,-2.1,-3.0,,,,,,,
"walsh county, nd",,,,,,,,,,,,,,,,,5234.0,5076.0,91.8,67249.0,158.0,3.0,
walthall county,176.0,228.0,56.0,124.0,-1.0,-6.0,-52.0,55.0,13824.0,12.7,16.5,4.1,-0.1,-3.8,4.0,-9.0,,,,,,,
"walthall county, ms",,,,,,,,,,,,,,,,,5005.0,4769.0,77.3,40828.0,236.0,4.7,
walton county,944.0,920.0,3133.0,2146.0,40.0,3383.0,24.0,3173.0,83404.0,11.6,11.3,38.3,0.5,0.3,38.8,186.0,,,,,,,
"walton county, fl",,,,,,,,,,,,,,,,,34536.0,33616.0,113.8,78814.0,920.0,2.7,
"walton county, ga",,,,,,,,,,,,,,,,,47915.0,46539.0,114.2,83037.0,1376.0,2.9,
walworth county,78.0,77.0,31.0,66.0,-2.0,26.0,1.0,29.0,5286.0,14.8,14.6,5.9,-0.4,0.2,5.5,-4.0,,,,,,,
"walworth county, sd",,,,,,,,,,,,,,,,,2113.0,2041.0,80.9,57100.0,72.0,3.4,
"walworth county, wi",,,,,,,,,,,,,,,,,57898.0,56235.0,103.8,73723.0,1663.0,2.9,
wapello county,444.0,494.0,-363.0,962.0,200.0,-214.0,-50.0,-163.0,35081.0,12.6,14.0,-10.3,5.7,-1.4,-4.6,-1.0,,,,,,,
"wapello county, ia",,,,,,,,,,,,,,,,,16876.0,16311.0,88.3,61555.0,565.0,3.3,
ward county,1030.0,578.0,-1109.0,2280.0,65.0,-576.0,452.0,-1044.0,68788.0,14.9,8.4,-16.1,0.9,6.5,-15.1,16.0,,,,,,,
"ward county, nd",,,,,,,,,,,,,,,,,32069.0,31369.0,98.4,72091.0,700.0,2.2,
"ward county, tx",,,,,,,,,,,,,,,,,6231.0,6001.0,84.1,60775.0,230.0,3.7,
ware county,441.0,613.0,213.0,1886.0,21.0,52.0,-172.0,234.0,35597.0,12.4,17.2,6.0,0.6,-4.8,6.6,-10.0,,,,,,,
"ware county, ga",,,,,,,,,,,,,,,,,15454.0,14968.0,66.3,48245.0,486.0,3.1,
warren county,51.0,93.0,-10.0,71.0,1.0,-51.0,-42.0,-9.0,5157.0,9.8,17.9,-1.9,0.2,-8.1,-1.7,0.0,,,,,,,
"warren county, ga",,,,,,,,,,,,,,,,,2693.0,2587.0,61.0,44367.0,106.0,3.9,
"warren county, ia",,,,,,,,,,,,,,,,,29315.0,28579.0,130.5,90943.0,736.0,2.5,
"warren county, il",,,,,,,,,,,,,,,,,7786.0,7469.0,74.7,57357.0,317.0,4.1,
"warren county, in",,,,,,,,,,,,,,,,,4102.0,3995.0,110.1,73539.0,107.0,2.6,
"warren county, ky",,,,,,,,,,,,,,,,,64985.0,62587.0,102.4,60651.0,2398.0,3.7,
"warren county, mo",,,,,,,,,,,,,,,,,18633.0,18153.0,114.8,74355.0,480.0,2.6,
"warren county, ms",,,,,,,,,,,,,,,,,19361.0,18573.0,98.7,52117.0,788.0,4.1,
"warren county, nc",,,,,,,,,,,,,,,,,6382.0,5974.0,69.9,47170.0,408.0,6.4,
"warren county, nj",,,,,,,,,,,,,,,,,59058.0,56933.0,101.4,97729.0,2125.0,3.6,
"warren county, ny",,,,,,,,,,,,,,,,,31078.0,29981.0,87.9,69849.0,1097.0,3.5,
"warren county, oh",,,,,,,,,,,,,,,,,122415.0,118391.0,158.9,104523.0,4024.0,3.3,
"warren county, pa",,,,,,,,,,,,,,,,,17645.0,16878.0,79.0,56707.0,767.0,4.3,
"warren county, tn",,,,,,,,,,,,,,,,,16420.0,15737.0,80.5,52520.0,683.0,4.2,
"warren county, va",,,,,,,,,,,,,,,,,20735.0,20160.0,93.1,79949.0,575.0,2.8,
warrick county,591.0,733.0,667.0,937.0,69.0,574.0,-142.0,736.0,65231.0,9.1,11.3,10.3,1.1,-2.2,11.3,-20.0,,,,,,,
"warrick county, in",,,,,,,,,,,,,,,,,32210.0,31359.0,126.7,84567.0,851.0,2.6,
wasatch county,381.0,186.0,115.0,235.0,59.0,351.0,195.0,174.0,36597.0,10.5,5.1,3.2,1.6,5.4,4.8,-18.0,,,,,,,
"wasatch county, ut",,,,,,,,,,,,,,,,,17724.0,17303.0,130.8,115793.0,421.0,2.4,
wasco county,264.0,392.0,-47.0,669.0,5.0,-184.0,-128.0,-42.0,26555.0,9.9,14.7,-1.8,0.2,-4.8,-1.6,-14.0,,,,,,,
"wasco county, or",,,,,,,,,,,,,,,,,13391.0,12846.0,80.0,60506.0,545.0,4.1,
waseca county,197.0,192.0,-96.0,929.0,8.0,-88.0,5.0,-88.0,18914.0,10.4,10.1,-5.1,0.4,0.3,-4.6,-5.0,,,,,,,
"waseca county, mn",,,,,,,,,,,,,,,,,8615.0,8331.0,86.9,71519.0,284.0,3.3,
washakie county,73.0,115.0,51.0,144.0,-1.0,5.0,-42.0,50.0,7724.0,9.5,14.9,6.6,-0.1,-5.4,6.5,-3.0,,,,,,,
"washakie county, wy",,,,,,,,,,,,,,,,,3848.0,3699.0,85.2,60699.0,149.0,3.9,
washburn county,124.0,291.0,280.0,173.0,2.0,123.0,-167.0,282.0,16871.0,7.4,17.3,16.7,0.1,-9.9,16.8,8.0,,,,,,,
"washburn county, wi",,,,,,,,,,,,,,,,,7767.0,7479.0,83.4,59221.0,288.0,3.7,
washington county,190.0,241.0,-75.0,125.0,-1.0,-129.0,-51.0,-76.0,15094.0,12.5,15.9,-4.9,-0.1,-3.4,-5.0,-2.0,,,,,,,
"washington county, al",,,,,,,,,,,,,,,,,6514.0,6282.0,90.1,53785.0,232.0,3.6,
"washington county, ar",,,,,,,,,,,,,,,,,133513.0,130518.0,111.9,62100.0,2995.0,2.2,
"washington county, co",,,,,,,,,,,,,,,,,2728.0,2663.0,69.0,61492.0,65.0,2.4,
"washington county, fl",,,,,,,,,,,,,,,,,9614.0,9292.0,71.1,49233.0,322.0,3.3,
"washington county, ga",,,,,,,,,,,,,,,,,6927.0,6646.0,66.6,48462.0,281.0,4.1,
"washington county, ia",,,,,,,,,,,,,,,,,11710.0,11398.0,101.2,70539.0,312.0,2.7,
"washington county, id",,,,,,,,,,,,,,,,,4646.0,4477.0,75.8,55072.0,169.0,3.6,
"washington county, il",,,,,,,,,,,,,,,,,9707.0,9461.0,93.8,71958.0,246.0,2.5,
"washington county, in",,,,,,,,,,,,,,,,,13746.0,13374.0,97.9,65342.0,372.0,2.7,
"washington county, ks",,,,,,,,,,,,,,,,,3002.0,2944.0,92.7,63797.0,58.0,1.9,
"washington county, ky",,,,,,,,,,,,,,,,,6107.0,5890.0,101.2,59937.0,217.0,3.6,
"washington county, md",,,,,,,,,,,,,,,,,72075.0,69859.0,72.9,69271.0,2216.0,3.1,
"washington county, me",,,,,,,,,,,,,,,,,13420.0,12868.0,79.7,55381.0,552.0,4.1,
"washington county, mn",,,,,,,,,,,,,,,,,144287.0,141152.0,130.7,107649.0,3135.0,2.2,
"washington county, mo",,,,,,,,,,,,,,,,,9973.0,9643.0,73.5,47636.0,330.0,3.3,
"washington county, ms",,,,,,,,,,,,,,,,,14638.0,13813.0,75.2,39690.0,825.0,5.6,
"washington county, nc",,,,,,,,,,,,,,,,,4350.0,4127.0,68.2,46072.0,223.0,5.1,
"washington county, ne",,,,,,,,,,,,,,,,,11412.0,11185.0,125.1,87368.0,227.0,2.0,
"washington county, ny",,,,,,,,,,,,,,,,,27367.0,26460.0,84.3,67013.0,907.0,3.3,
"washington county, oh",,,,,,,,,,,,,,,,,26595.0,25343.0,90.0,59196.0,1252.0,4.7,
"washington county, ok",,,,,,,,,,,,,,,,,22587.0,21836.0,103.5,61704.0,751.0,3.3,
"washington county, or",,,,,,,,,,,,,,,,,332525.0,321631.0,130.5,98706.0,10894.0,3.3,
"washington county, pa",,,,,,,,,,,,,,,,,104233.0,99759.0,98.6,70751.0,4474.0,4.3,
"washington county, ri",,,,,,,,,,,,,,,,,70521.0,68590.0,122.4,99015.0,1931.0,2.7,
"washington county, tn",,,,,,,,,,,,,,,,,61533.0,59542.0,98.5,64270.0,1991.0,3.2,
"washington county, tx",,,,,,,,,,,,,,,,,15299.0,14685.0,92.6,66911.0,614.0,4.0,
"washington county, ut",,,,,,,,,,,,,,,,,87255.0,85015.0,85.4,75572.0,2240.0,2.6,
"washington county, va",,,,,,,,,,,,,,,,,26319.0,25577.0,71.9,61686.0,742.0,2.8,
"washington county, vt",,,,,,,,,,,,,,,,,34105.0,33373.0,103.9,77432.0,732.0,2.1,
"washington county, wi",,,,,,,,,,,,,,,,,76765.0,74906.0,127.1,90313.0,1859.0,2.4,
washington parish,560.0,765.0,29.0,1767.0,-2.0,-207.0,-205.0,27.0,44991.0,12.4,17.0,0.6,0.0,-4.5,0.6,-29.0,,,,,,,
"washington parish, la",,,,,,,,,,,,,,,,,16849.0,16144.0,75.3,41779.0,705.0,4.2,
washita county,117.0,164.0,-118.0,226.0,4.0,-163.0,-47.0,-114.0,10736.0,10.8,15.2,-10.9,0.4,-4.3,-10.5,-2.0,,,,,,,
"washita county, ok",,,,,,,,,,,,,,,,,5303.0,5140.0,91.9,54789.0,163.0,3.1,
washoe county,5022.0,4954.0,1325.0,7276.0,1433.0,2680.0,68.0,2758.0,496980.0,10.1,10.0,2.7,2.9,0.1,5.6,-146.0,,,,,,,
"washoe county, nv",,,,,,,,,,,,,,,,,256315.0,247689.0,110.9,80245.0,8626.0,3.4,
washtenaw county,3302.0,2655.0,-538.0,20891.0,1592.0,1491.0,647.0,1054.0,366504.0,9.0,7.3,-1.5,4.4,1.8,2.9,-210.0,,,,,,,
"washtenaw county, mi",,,,,,,,,,,,,,,,,195332.0,188405.0,120.9,80941.0,6927.0,3.5,
watauga county,304.0,462.0,202.0,7588.0,34.0,45.0,-158.0,236.0,55013.0,5.5,8.4,3.7,0.6,-2.9,4.3,-33.0,,,,,,,
"watauga county, nc",,,,,,,,,,,,,,,,,29336.0,28374.0,85.7,57888.0,962.0,3.3,
watonwan county,174.0,131.0,-136.0,159.0,32.0,-58.0,43.0,-104.0,11106.0,15.6,11.8,-12.2,2.9,3.9,-9.3,3.0,,,,,,,
"watonwan county, mn",,,,,,,,,,,,,,,,,6528.0,6370.0,74.4,61295.0,158.0,2.4,
waukesha county,3823.0,4347.0,1526.0,3277.0,454.0,1165.0,-524.0,1980.0,410273.0,9.3,10.6,3.7,1.1,-1.3,4.8,-291.0,,,,,,,
"waukesha county, wi",,,,,,,,,,,,,,,,,224416.0,218866.0,140.1,99525.0,5550.0,2.5,
waupaca county,468.0,789.0,-136.0,1256.0,4.0,-476.0,-321.0,-132.0,51510.0,9.0,15.2,-2.6,0.1,-6.2,-2.6,-23.0,,,,,,,
"waupaca county, wi",,,,,,,,,,,,,,,,,25328.0,24575.0,92.8,65960.0,753.0,3.0,
waushara county,179.0,347.0,320.0,1143.0,5.0,167.0,-168.0,325.0,24927.0,7.2,14.0,12.9,0.2,-6.8,13.1,10.0,,,,,,,
"waushara county, wi",,,,,,,,,,,,,,,,,11124.0,10744.0,78.8,55982.0,380.0,3.4,
wayne county,337.0,497.0,614.0,1941.0,41.0,517.0,-160.0,655.0,30737.0,11.1,16.3,20.1,1.3,-5.2,21.5,22.0,,,,,,,
"wayne county, ga",,,,,,,,,,,,,,,,,11847.0,11465.0,70.3,51102.0,382.0,3.2,
"wayne county, ia",,,,,,,,,,,,,,,,,2915.0,2838.0,83.2,58000.0,77.0,2.6,
"wayne county, il",,,,,,,,,,,,,,,,,6892.0,6611.0,69.5,53359.0,281.0,4.1,
"wayne county, in",,,,,,,,,,,,,,,,,29783.0,28843.0,77.3,51622.0,940.0,3.2,
"wayne county, ky",,,,,,,,,,,,,,,,,7004.0,6644.0,67.3,39863.0,360.0,5.1,
"wayne county, mi",,,,,,,,,,,,,,,,,794634.0,757497.0,83.6,55928.0,37137.0,4.7,
"wayne county, mo",,,,,,,,,,,,,,,,,4686.0,4513.0,64.4,41724.0,173.0,3.7,
"wayne county, ms",,,,,,,,,,,,,,,,,7090.0,6755.0,82.5,43562.0,335.0,4.7,
"wayne county, nc",,,,,,,,,,,,,,,,,50846.0,48770.0,82.4,55635.0,2076.0,4.1,
"wayne county, ne",,,,,,,,,,,,,,,,,5725.0,5611.0,94.0,65664.0,114.0,2.0,
"wayne county, ny",,,,,,,,,,,,,,,,,43303.0,41886.0,89.2,70917.0,1417.0,3.3,
"wayne county, oh",,,,,,,,,,,,,,,,,60006.0,58114.0,106.6,70121.0,1892.0,3.2,
"wayne county, pa",,,,,,,,,,,,,,,,,22737.0,21664.0,79.4,56973.0,1073.0,4.7,
"wayne county, tn",,,,,,,,,,,,,,,,,6484.0,6190.0,74.1,48321.0,294.0,4.5,
"wayne county, ut",,,,,,,,,,,,,,,,,1531.0,1463.0,72.0,63705.0,68.0,4.4,
"wayne county, wv",,,,,,,,,,,,,,,,,15376.0,14762.0,97.1,52540.0,614.0,4.0,
waynesboro city,356.0,319.0,135.0,274.0,19.0,193.0,37.0,154.0,22799.0,15.7,14.1,5.9,0.8,1.6,6.8,2.0,,,,,,,
"waynesboro city, va",,,,,,,,,,,,,,,,,10829.0,10515.0,68.2,58527.0,314.0,2.9,
weakley county,333.0,507.0,329.0,2094.0,3.0,160.0,-174.0,332.0,33043.0,10.1,15.4,10.0,0.1,-5.3,10.1,2.0,,,,,,,
"weakley county, tn",,,,,,,,,,,,,,,,,15300.0,14768.0,76.4,49815.0,532.0,3.5,
webb county,4363.0,1925.0,-3100.0,3997.0,833.0,219.0,2438.0,-2267.0,267619.0,16.3,7.2,-11.6,3.1,9.1,-8.5,48.0,,,,,,,
"webb county, tx",,,,,,,,,,,,,,,,,117568.0,112669.0,77.9,56289.0,4899.0,4.2,
weber county,3525.0,2226.0,1487.0,3329.0,89.0,2891.0,1299.0,1576.0,269460.0,13.2,8.3,5.5,0.3,4.8,5.9,16.0,,,,,,,
"weber county, ut",,,,,,,,,,,,,,,,,135048.0,131650.0,94.3,83465.0,3398.0,2.5,
webster county,17.0,29.0,-14.0,0.0,1.0,-25.0,-12.0,-13.0,2337.0,7.2,12.3,-6.0,0.4,-5.1,-5.5,0.0,,,,,,,
"webster county, ga",,,,,,,,,,,,,,,,,986.0,948.0,63.2,45987.0,38.0,3.9,
"webster county, ia",,,,,,,,,,,,,,,,,18741.0,18162.0,96.3,67110.0,579.0,3.1,
"webster county, ky",,,,,,,,,,,,,,,,,5195.0,4986.0,94.6,56052.0,209.0,4.0,
"webster county, mo",,,,,,,,,,,,,,,,,17484.0,17087.0,92.3,59784.0,397.0,2.3,
"webster county, ms",,,,,,,,,,,,,,,,,3873.0,3726.0,97.1,51249.0,147.0,3.8,
"webster county, ne",,,,,,,,,,,,,,,,,1673.0,1635.0,89.8,62679.0,38.0,2.3,
"webster county, wv",,,,,,,,,,,,,,,,,3212.0,3070.0,75.0,40598.0,142.0,4.4,
webster parish,395.0,700.0,-111.0,391.0,25.0,-411.0,-305.0,-86.0,35527.0,11.1,19.6,-3.1,0.7,-8.5,-2.4,-20.0,,,,,,,
"webster parish, la",,,,,,,,,,,,,,,,,14092.0,13508.0,78.8,43698.0,584.0,4.1,
weld county,4649.0,2566.0,7480.0,4459.0,480.0,10369.0,2083.0,7960.0,350266.0,13.5,7.4,21.7,1.4,6.0,23.1,326.0,,,,,,,
"weld county, co",,,,,,,,,,,,,,,,,168186.0,162674.0,101.9,90770.0,5512.0,3.3,
wells county,317.0,368.0,181.0,464.0,23.0,144.0,-51.0,204.0,28298.0,11.2,13.0,6.4,0.8,-1.8,7.2,-9.0,,,,,,,
"wells county, in",,,,,,,,,,,,,,,,,14240.0,13905.0,103.2,68879.0,335.0,2.4,
"wells county, nd",,,,,,,,,,,,,,,,,1898.0,1841.0,90.5,66294.0,57.0,3.0,
west baton rouge parish,343.0,291.0,156.0,608.0,41.0,236.0,52.0,197.0,28034.0,12.3,10.4,5.6,1.5,1.9,7.1,-13.0,,,,,,,
"west baton rouge parish, la",,,,,,,,,,,,,,,,,13946.0,13492.0,128.7,71362.0,454.0,3.3,
west carroll parish,110.0,159.0,-51.0,56.0,1.0,-102.0,-49.0,-50.0,9481.0,11.5,16.7,-5.4,0.1,-5.1,-5.2,-3.0,,,,,,,
"west carroll parish, la",,,,,,,,,,,,,,,,,3488.0,3296.0,74.6,41380.0,192.0,5.5,
west feliciana parish,121.0,172.0,-48.0,5390.0,1.0,-99.0,-51.0,-47.0,15396.0,7.8,11.1,-3.1,0.1,-3.3,-3.0,-1.0,,,,,,,
"west feliciana parish, la",,,,,,,,,,,,,,,,,5417.0,5277.0,123.1,68266.0,140.0,2.6,
westchester county,10312.0,7799.0,-14726.0,25886.0,3781.0,-8120.0,2513.0,-10945.0,991736.0,10.4,7.8,-14.8,3.8,2.5,-11.0,312.0,,,,,,,
"westchester county, ny",,,,,,,,,,,,,,,,,496415.0,480605.0,136.0,108037.0,15810.0,3.2,
western connecticut planning region,6459.0,5053.0,-5949.0,7895.0,4027.0,-401.0,1406.0,-1922.0,622857.0,10.4,8.1,-9.5,6.5,2.3,-3.1,115.0,,,,,,,
"western connecticut planning region, ct",,,,,,,,,,,,,,,,,,,138.4,122080.0,,,
westmoreland county,2855.0,5279.0,837.0,6343.0,90.0,-1719.0,-2424.0,927.0,351998.0,8.1,15.0,2.4,0.3,-6.9,2.6,-222.0,,,,,,,
"westmoreland county, pa",,,,,,,,,,,,,,,,,174907.0,167456.0,99.1,71152.0,7451.0,4.3,
"westmoreland county, va",,,,,,,,,,,,,,,,,9543.0,9252.0,71.7,61545.0,291.0,3.0,
weston county,53.0,101.0,156.0,548.0,-4.0,112.0,-48.0,152.0,6858.0,7.8,14.8,22.9,-0.6,-7.1,22.3,8.0,,,,,,,
"weston county, wy",,,,,,,,,,,,,,,,,3823.0,3725.0,95.0,67677.0,98.0,2.6,
wetzel county,149.0,330.0,-38.0,109.0,14.0,-208.0,-181.0,-24.0,13994.0,10.6,23.4,-2.7,1.0,-12.8,-1.7,-3.0,,,,,,,
"wetzel county, wv",,,,,,,,,,,,,,,,,6393.0,6036.0,89.8,48563.0,357.0,5.6,
wexford county,341.0,503.0,272.0,430.0,17.0,120.0,-162.0,289.0,34018.0,10.0,14.8,8.0,0.5,-4.8,8.5,-7.0,,,,,,,
"wexford county, mi",,,,,,,,,,,,,,,,,14891.0,14183.0,84.2,56379.0,708.0,4.8,
wharton county,537.0,575.0,108.0,570.0,41.0,88.0,-38.0,149.0,41740.0,12.9,13.8,2.6,1.0,-0.9,3.6,-23.0,,,,,,,
"wharton county, tx",,,,,,,,,,,,,,,,,21466.0,20640.0,79.5,57487.0,826.0,3.8,
whatcom county,2004.0,2164.0,3302.0,5984.0,533.0,3897.0,-160.0,3835.0,230598.0,8.8,9.5,14.4,2.3,-0.7,16.8,222.0,,,,,,,
"whatcom county, wa",,,,,,,,,,,,,,,,,114083.0,108778.0,86.3,78796.0,5305.0,4.7,
wheatland county,26.0,34.0,4.0,396.0,0.0,-4.0,-8.0,4.0,2038.0,12.7,16.7,2.0,0.0,-3.9,2.0,0.0,,,,,,,
"wheatland county, mt",,,,,,,,,,,,,,,,,748.0,720.0,64.8,44002.0,28.0,3.7,
wheeler county,68.0,79.0,-457.0,2274.0,0.0,-427.0,-11.0,-457.0,7310.0,9.0,10.5,-60.7,0.0,-1.5,-60.7,41.0,,,,,,,
"wheeler county, ga",,,,,,,,,,,,,,,,,1629.0,1543.0,49.4,35952.0,86.0,5.3,
"wheeler county, ne",,,,,,,,,,,,,,,,,560.0,552.0,80.1,55951.0,8.0,1.4,
"wheeler county, or",,,,,,,,,,,,,,,,,740.0,716.0,65.7,49716.0,24.0,3.2,
"wheeler county, tx",,,,,,,,,,,,,,,,,2014.0,1935.0,77.1,55713.0,79.0,3.9,
white county,898.0,1119.0,711.0,2495.0,37.0,507.0,-221.0,748.0,77616.0,11.6,14.5,9.2,0.5,-2.9,9.7,-20.0,,,,,,,
"white county, ar",,,,,,,,,,,,,,,,,33928.0,32772.0,102.5,56866.0,1156.0,3.4,
"white county, ga",,,,,,,,,,,,,,,,,16922.0,16504.0,85.4,62100.0,418.0,2.5,
"white county, il",,,,,,,,,,,,,,,,,5993.0,5749.0,71.2,54611.0,244.0,4.1,
"white county, in",,,,,,,,,,,,,,,,,13273.0,12934.0,99.1,66167.0,339.0,2.6,
"white county, tn",,,,,,,,,,,,,,,,,11992.0,11570.0,75.7,49411.0,422.0,3.5,
white pine county,77.0,108.0,-59.0,696.0,-3.0,-98.0,-31.0,-62.0,8746.0,8.8,12.3,-6.7,-0.3,-3.5,-7.0,-5.0,,,,,,,
"white pine county, nv",,,,,,,,,,,,,,,,,4512.0,4379.0,93.5,67639.0,133.0,2.9,
whiteside county,533.0,783.0,-532.0,962.0,32.0,-747.0,-250.0,-500.0,54555.0,9.7,14.3,-9.7,0.6,-4.6,-9.1,3.0,,,,,,,
"whiteside county, il",,,,,,,,,,,,,,,,,27280.0,26121.0,80.8,62038.0,1159.0,4.2,
whitfield county,1215.0,1118.0,213.0,991.0,126.0,383.0,97.0,339.0,103095.0,11.8,10.9,2.1,1.2,0.9,3.3,-53.0,,,,,,,
"whitfield county, ga",,,,,,,,,,,,,,,,,43138.0,41447.0,84.8,61680.0,1691.0,3.9,
whitley county,370.0,391.0,145.0,335.0,6.0,107.0,-21.0,151.0,34577.0,10.7,11.3,4.2,0.2,-0.6,4.4,-23.0,,,,,,,
"whitley county, in",,,,,,,,,,,,,,,,,17738.0,17301.0,108.5,72448.0,437.0,2.5,
"whitley county, ky",,,,,,,,,,,,,,,,,13816.0,13194.0,73.6,43604.0,622.0,4.5,
whitman county,400.0,364.0,3598.0,5554.0,354.0,4355.0,36.0,3952.0,47579.0,8.8,8.0,79.2,7.8,0.8,87.0,367.0,,,,,,,
"whitman county, wa",,,,,,,,,,,,,,,,,23127.0,22105.0,59.6,54412.0,1022.0,4.4,
wibaux county,10.0,21.0,4.0,27.0,0.0,-9.0,-11.0,4.0,927.0,10.7,22.5,4.3,0.0,-11.8,4.3,-2.0,,,,,,,
"wibaux county, mt",,,,,,,,,,,,,,,,,446.0,435.0,82.9,56317.0,11.0,2.5,
wichita county,40.0,30.0,-24.0,24.0,10.0,-2.0,10.0,-14.0,2078.0,19.2,14.4,-11.5,4.8,4.8,-6.7,2.0,,,,,,,
"wichita county, ks",,,,,,,,,,,,,,,,,1120.0,1098.0,99.1,68225.0,22.0,2.0,
"wichita county, tx",,,,,,,,,,,,,,,,,55477.0,53276.0,78.4,56634.0,2201.0,4.0,
wicomico county,1289.0,1266.0,64.0,3677.0,339.0,372.0,23.0,403.0,104486.0,12.4,12.1,0.6,3.3,0.2,3.9,-54.0,,,,,,,
"wicomico county, md",,,,,,,,,,,,,,,,,50840.0,49029.0,72.5,68851.0,1811.0,3.6,
wilbarger county,179.0,198.0,-160.0,842.0,10.0,-168.0,-19.0,-150.0,12535.0,14.2,15.7,-12.7,0.8,-1.5,-11.9,1.0,,,,,,,
"wilbarger county, tx",,,,,,,,,,,,,,,,,4901.0,4662.0,73.3,52983.0,239.0,4.9,
wilcox county,116.0,177.0,-232.0,228.0,2.0,-284.0,-61.0,-230.0,10139.0,11.3,17.2,-22.6,0.2,-5.9,-22.4,7.0,,,,,,,
"wilcox county, al",,,,,,,,,,,,,,,,,2529.0,2337.0,56.4,33682.0,192.0,7.6,
"wilcox county, ga",,,,,,,,,,,,,,,,,2660.0,2558.0,61.7,44905.0,102.0,3.8,
wilkes county,95.0,177.0,146.0,108.0,6.0,76.0,-82.0,152.0,9565.0,10.0,18.6,15.3,0.6,-8.6,16.0,6.0,,,,,,,
"wilkes county, ga",,,,,,,,,,,,,,,,,3710.0,3556.0,65.1,47377.0,154.0,4.2,
"wilkes county, nc",,,,,,,,,,,,,,,,,26962.0,25910.0,71.4,48229.0,1052.0,3.9,
wilkin county,65.0,91.0,-24.0,87.0,-1.0,-53.0,-26.0,-25.0,6358.0,10.2,14.3,-3.8,-0.2,-4.1,-3.9,-2.0,,,,,,,
"wilkin county, mn",,,,,,,,,,,,,,,,,3386.0,3314.0,87.3,71924.0,72.0,2.1,
wilkinson county,100.0,166.0,-42.0,106.0,2.0,-109.0,-66.0,-40.0,8677.0,11.5,19.0,-4.8,0.2,-7.6,-4.6,-3.0,,,,,,,
"wilkinson county, ga",,,,,,,,,,,,,,,,,3485.0,3353.0,68.3,49648.0,132.0,3.8,
"wilkinson county, ms",,,,,,,,,,,,,,,,,2568.0,2408.0,69.7,36798.0,160.0,6.2,
will county,6960.0,5692.0,-3283.0,9520.0,922.0,-1130.0,1268.0,-2361.0,698046.0,10.0,8.1,-4.7,1.3,1.8,-3.4,-37.0,,,,,,,
"will county, il",,,,,,,,,,,,,,,,,367649.0,351136.0,126.5,97076.0,16513.0,4.5,
willacy county,243.0,233.0,-50.0,2677.0,12.0,-38.0,10.0,-38.0,20254.0,12.0,11.5,-2.5,0.6,0.5,-1.9,-10.0,,,,,,,
"willacy county, tx",,,,,,,,,,,,,,,,,7268.0,6669.0,57.6,41648.0,599.0,8.2,
williams county,639.0,246.0,-990.0,516.0,34.0,-533.0,393.0,-956.0,37966.0,16.7,6.4,-25.9,0.9,10.3,-25.0,30.0,,,,,,,
"williams county, nd",,,,,,,,,,,,,,,,,21781.0,21308.0,114.9,84145.0,473.0,2.2,
"williams county, oh",,,,,,,,,,,,,,,,,18107.0,17490.0,92.7,60983.0,617.0,3.4,
williamsburg city,61.0,232.0,180.0,4881.0,67.0,76.0,-171.0,247.0,15685.0,3.9,14.8,11.5,4.3,-10.9,15.8,0.0,,,,,,,
"williamsburg city, va",,,,,,,,,,,,,,,,,6817.0,6552.0,78.7,67543.0,265.0,3.9,
williamsburg county,264.0,545.0,-48.0,1618.0,38.0,-305.0,-281.0,-10.0,30113.0,8.7,18.0,-1.6,1.3,-9.3,-0.3,-14.0,,,,,,,
"williamsburg county, sc",,,,,,,,,,,,,,,,,10797.0,10285.0,61.9,39757.0,512.0,4.7,
williamson county,638.0,901.0,-101.0,2039.0,52.0,-339.0,-263.0,-49.0,66544.0,9.6,13.5,-1.5,0.8,-3.9,-0.7,-27.0,,,,,,,
"williamson county, il",,,,,,,,,,,,,,,,,30848.0,29471.0,83.6,64152.0,1377.0,4.5,
"williamson county, tn",,,,,,,,,,,,,,,,,138494.0,135165.0,204.6,133486.0,3329.0,2.4,
"williamson county, tx",,,,,,,,,,,,,,,,,365035.0,354210.0,141.0,101891.0,10825.0,3.0,
wilson county,76.0,160.0,117.0,154.0,0.0,34.0,-84.0,117.0,8554.0,8.9,18.7,13.7,0.0,-9.8,13.7,1.0,,,,,,,
"wilson county, ks",,,,,,,,,,,,,,,,,3729.0,3613.0,75.6,52064.0,116.0,3.1,
"wilson county, nc",,,,,,,,,,,,,,,,,33678.0,31933.0,76.3,51535.0,1745.0,5.2,
"wilson county, tn",,,,,,,,,,,,,,,,,82167.0,80000.0,135.6,88462.0,2167.0,2.6,
"wilson county, tx",,,,,,,,,,,,,,,,,25975.0,25116.0,109.9,79432.0,859.0,3.3,
winchester city,338.0,347.0,-313.0,1130.0,102.0,-231.0,-9.0,-211.0,27861.0,12.1,12.4,-11.2,3.6,-0.3,-7.5,-11.0,,,,,,,
"winchester city, va",,,,,,,,,,,,,,,,,15080.0,14684.0,70.5,60557.0,396.0,2.6,
windham county,352.0,563.0,-29.0,1815.0,18.0,-251.0,-211.0,-11.0,45899.0,7.6,12.2,-0.6,0.4,-4.6,-0.2,-29.0,,,,,,,
"windham county, ct",,,,,,,,,,,,,,,,,63708.0,60996.0,,,2712.0,4.3,
"windham county, vt",,,,,,,,,,,,,,,,,21236.0,20694.0,83.1,61976.0,542.0,2.6,
windsor county,457.0,705.0,-13.0,742.0,97.0,-200.0,-248.0,84.0,58150.0,7.8,12.1,-0.2,1.7,-4.3,1.4,-36.0,,,,,,,
"windsor county, vt",,,,,,,,,,,,,,,,,29307.0,28731.0,99.6,74244.0,576.0,2.0,
winkler county,125.0,89.0,-136.0,152.0,14.0,-82.0,36.0,-122.0,7300.0,17.0,12.1,-18.5,1.9,4.9,-16.6,4.0,,,,,,,
"winkler county, tx",,,,,,,,,,,,,,,,,3986.0,3827.0,96.5,69775.0,159.0,4.0,
winn parish,136.0,211.0,-215.0,1497.0,50.0,-242.0,-75.0,-165.0,13251.0,10.2,15.8,-16.1,3.7,-5.6,-12.3,-2.0,,,,,,,
"winn parish, la",,,,,,,,,,,,,,,,,4586.0,4402.0,82.3,45646.0,184.0,4.0,
winnebago county,3234.0,3571.0,-1894.0,3595.0,479.0,-1791.0,-337.0,-1415.0,281542.0,11.5,12.6,-6.7,1.7,-1.2,-5.0,-39.0,,,,,,,
"winnebago county, ia",,,,,,,,,,,,,,,,,5011.0,4872.0,95.8,66776.0,139.0,2.8,
"winnebago county, il",,,,,,,,,,,,,,,,,131982.0,123942.0,81.5,62557.0,8040.0,6.1,
"winnebago county, wi",,,,,,,,,,,,,,,,,92597.0,90256.0,98.4,69887.0,2341.0,2.5,
winneshiek county,190.0,218.0,-15.0,1593.0,17.0,-33.0,-28.0,2.0,19902.0,9.5,10.9,-0.8,0.9,-1.4,0.1,-7.0,,,,,,,
"winneshiek county, ia",,,,,,,,,,,,,,,,,11453.0,11086.0,103.3,72032.0,367.0,3.2,
winona county,388.0,447.0,-344.0,3540.0,98.0,-319.0,-59.0,-246.0,49469.0,7.8,9.0,-6.9,2.0,-1.2,-5.0,-14.0,,,,,,,
"winona county, mn",,,,,,,,,,,,,,,,,28278.0,27692.0,79.8,65699.0,586.0,2.1,
winston county,242.0,419.0,247.0,343.0,17.0,86.0,-177.0,264.0,23741.0,10.2,17.7,10.4,0.7,-7.5,11.1,-1.0,,,,,,,
"winston county, al",,,,,,,,,,,,,,,,,10121.0,9878.0,85.7,51149.0,243.0,2.4,
"winston county, ms",,,,,,,,,,,,,,,,,7135.0,6832.0,94.9,50082.0,303.0,4.2,
wirt county,55.0,87.0,60.0,0.0,0.0,26.0,-32.0,60.0,5092.0,10.8,17.1,11.8,0.0,-6.3,11.8,-2.0,,,,,,,
"wirt county, wv",,,,,,,,,,,,,,,,,2227.0,2096.0,80.3,43441.0,131.0,5.9,
wise county,903.0,834.0,2813.0,845.0,31.0,3026.0,69.0,2844.0,74897.0,12.3,11.4,38.3,0.4,0.9,38.8,113.0,,,,,,,
"wise county, tx",,,,,,,,,,,,,,,,,34293.0,33059.0,110.8,80096.0,1234.0,3.6,
"wise county, va",,,,,,,,,,,,,,,,,12830.0,12320.0,52.7,45220.0,510.0,4.0,
wolfe county,86.0,160.0,-16.0,130.0,1.0,-91.0,-74.0,-15.0,6416.0,13.3,24.8,-2.5,0.2,-11.5,-2.3,-2.0,,,,,,,
"wolfe county, ky",,,,,,,,,,,,,,,,,2175.0,2048.0,63.7,37718.0,127.0,5.8,
wood county,1247.0,1370.0,1232.0,5358.0,207.0,1332.0,-123.0,1439.0,131642.0,9.5,10.5,9.4,1.6,-0.9,11.0,16.0,,,,,,,
"wood county, oh",,,,,,,,,,,,,,,,,69232.0,66800.0,102.2,67254.0,2432.0,3.5,
"wood county, tx",,,,,,,,,,,,,,,,,18267.0,17436.0,79.6,57504.0,831.0,4.5,
"wood county, wi",,,,,,,,,,,,,,,,,33685.0,32568.0,90.7,64408.0,1117.0,3.3,
"wood county, wv",,,,,,,,,,,,,,,,,35981.0,34500.0,106.5,57599.0,1481.0,4.1,
woodbury county,1424.0,1115.0,-905.0,2830.0,424.0,-191.0,309.0,-481.0,105558.0,13.5,10.6,-8.6,4.0,2.9,-4.6,-19.0,,,,,,,
"woodbury county, ia",,,,,,,,,,,,,,,,,55989.0,54405.0,95.9,66830.0,1584.0,2.8,
woodford county,402.0,439.0,-15.0,903.0,24.0,-43.0,-37.0,9.0,38177.0,10.5,11.5,-0.4,0.6,-1.0,0.2,-15.0,,,,,,,
"woodford county, il",,,,,,,,,,,,,,,,,18080.0,17430.0,111.9,85892.0,650.0,3.6,
"woodford county, ky",,,,,,,,,,,,,,,,,14907.0,14451.0,129.3,76633.0,456.0,3.1,
woodruff county,69.0,106.0,-53.0,108.0,0.0,-89.0,-37.0,-53.0,6057.0,11.3,17.4,-8.7,0.0,-6.1,-8.7,1.0,,,,,,,
"woodruff county, ar",,,,,,,,,,,,,,,,,2773.0,2678.0,74.3,41225.0,95.0,3.4,
woods county,87.0,104.0,-3.0,1016.0,3.0,-21.0,-17.0,0.0,8602.0,10.1,12.1,-0.3,0.3,-2.0,0.0,-4.0,,,,,,,
"woods county, ok",,,,,,,,,,,,,,,,,4673.0,4583.0,90.6,54020.0,90.0,1.9,
woodson county,25.0,58.0,65.0,43.0,0.0,33.0,-33.0,65.0,3117.0,8.1,18.7,21.0,0.0,-10.6,21.0,1.0,,,,,,,
"woodson county, ks",,,,,,,,,,,,,,,,,1523.0,1470.0,71.9,49477.0,53.0,3.5,
woodward county,215.0,256.0,-191.0,1360.0,8.0,-226.0,-41.0,-183.0,20015.0,10.7,12.7,-9.5,0.4,-2.0,-9.1,-2.0,,,,,,,
"woodward county, ok",,,,,,,,,,,,,,,,,8695.0,8436.0,102.7,61248.0,259.0,3.0,
worcester county,467.0,749.0,757.0,737.0,49.0,536.0,-282.0,806.0,53934.0,8.7,14.0,14.1,0.9,-5.3,15.0,12.0,,,,,,,
"worcester county, ma",,,,,,,,,,,,,,,,,440791.0,423910.0,91.1,86078.0,16881.0,3.8,
"worcester county, md",,,,,,,,,,,,,,,,,25059.0,23879.0,80.0,75969.0,1180.0,4.7,
worth county,220.0,319.0,-27.0,173.0,-1.0,-134.0,-99.0,-28.0,20431.0,10.7,15.6,-1.3,0.0,-4.8,-1.4,-7.0,,,,,,,
"worth county, ga",,,,,,,,,,,,,,,,,8736.0,8455.0,67.3,48956.0,281.0,3.2,
"worth county, ia",,,,,,,,,,,,,,,,,3999.0,3889.0,102.3,71329.0,110.0,2.8,
"worth county, mo",,,,,,,,,,,,,,,,,1139.0,1116.0,74.7,48397.0,23.0,2.0,
"wrangell borough/city, ak",,,,,,,,,,,,,,,,,875.0,828.0,76.9,67761.0,47.0,5.4,
wrangell city and borough,19.0,28.0,-22.0,24.0,0.0,-31.0,-9.0,-22.0,2071.0,9.1,13.4,-10.5,0.0,-4.3,-10.5,0.0,,,,,,,
wright county,165.0,194.0,-158.0,158.0,64.0,-118.0,-29.0,-94.0,12695.0,12.9,15.2,-12.4,5.0,-2.3,-7.4,5.0,,,,,,,
"wright county, ia",,,,,,,,,,,,,,,,,6564.0,6390.0,96.5,67291.0,174.0,2.7,
"wright county, mn",,,,,,,,,,,,,,,,,76309.0,74427.0,115.7,95259.0,1882.0,2.5,
"wright county, mo",,,,,,,,,,,,,,,,,7514.0,7301.0,69.5,45017.0,213.0,2.8,
wyandot county,209.0,311.0,-31.0,270.0,5.0,-137.0,-102.0,-26.0,21552.0,9.7,14.4,-1.4,0.2,-4.7,-1.2,-9.0,,,,,,,
"wyandot county, oh",,,,,,,,,,,,,,,,,13176.0,12795.0,99.8,65631.0,381.0,2.9,
wyandotte county,2278.0,1706.0,-3238.0,3018.0,969.0,-1636.0,572.0,-2269.0,165626.0,13.7,10.2,-19.5,5.8,3.4,-13.6,61.0,,,,,,,
"wyandotte county, ks",,,,,,,,,,,,,,,,,78170.0,75480.0,85.3,58701.0,2690.0,3.4,
wyoming county,350.0,428.0,-261.0,2918.0,17.0,-326.0,-78.0,-244.0,39601.0,8.8,10.8,-6.6,0.4,-2.0,-6.1,-4.0,,,,,,,
"wyoming county, ny",,,,,,,,,,,,,,,,,17419.0,16796.0,82.5,65526.0,623.0,3.6,
"wyoming county, pa",,,,,,,,,,,,,,,,,13504.0,12891.0,94.2,67643.0,613.0,4.5,
"wyoming county, wv",,,,,,,,,,,,,,,,,7101.0,6794.0,73.7,39892.0,307.0,4.3,
wythe county,281.0,509.0,150.0,150.0,2.0,-86.0,-228.0,152.0,28115.0,10.0,18.1,5.3,0.1,-8.1,5.4,-10.0,,,,,,,
"wythe county, va",,,,,,,,,,,,,,,,,14083.0,13669.0,55.1,47257.0,414.0,2.9,
yabucoa municipio,,,,,,,,,29286.0,,,,,,,,,,,,,,
"yabucoa municipio, pr",,,,,,,,,,,,,,,,,9271.0,8499.0,,,772.0,8.3,
yadkin county,379.0,543.0,371.0,438.0,20.0,231.0,-164.0,391.0,37507.0,10.1,14.5,9.9,0.5,-4.4,10.5,4.0,,,,,,,
"yadkin county, nc",,,,,,,,,,,,,,,,,17614.0,17019.0,91.0,61464.0,595.0,3.4,
yakima county,3433.0,2588.0,-1494.0,4052.0,1009.0,300.0,845.0,-485.0,257019.0,13.4,10.1,-5.8,3.9,3.3,-1.9,-60.0,,,,,,,
"yakima county, wa",,,,,,,,,,,,,,,,,130634.0,122667.0,69.1,63058.0,7967.0,6.1,
"yakutat borough/city, ak",,,,,,,,,,,,,,,,,313.0,297.0,89.2,78552.0,16.0,5.1,
yakutat city and borough,2.0,6.0,-23.0,36.0,1.0,-25.0,-4.0,-22.0,685.0,2.9,8.6,-33.0,1.4,-5.7,-31.5,1.0,,,,,,,
yalobusha county,139.0,197.0,40.0,324.0,0.0,-26.0,-58.0,40.0,12413.0,11.2,15.9,3.2,0.0,-4.7,3.2,-8.0,,,,,,,
"yalobusha county, ms",,,,,,,,,,,,,,,,,4767.0,4579.0,86.5,45658.0,188.0,3.9,
yamhill county,1062.0,1227.0,-69.0,5423.0,187.0,-119.0,-165.0,118.0,108362.0,9.8,11.3,-0.6,1.7,-1.5,1.1,-72.0,,,,,,,
"yamhill county, or",,,,,,,,,,,,,,,,,56051.0,54013.0,103.1,77969.0,2038.0,3.6,
yancey county,174.0,311.0,122.0,121.0,17.0,4.0,-137.0,139.0,18768.0,9.3,16.6,6.5,0.9,-7.3,7.4,2.0,,,,,,,
"yancey county, nc",,,,,,,,,,,,,,,,,8262.0,7965.0,80.7,54455.0,297.0,3.6,
yankton county,244.0,269.0,47.0,1872.0,51.0,59.0,-25.0,98.0,23412.0,10.4,11.5,2.0,2.2,-1.1,4.2,-14.0,,,,,,,
"yankton county, sd",,,,,,,,,,,,,,,,,11732.0,11525.0,89.2,62951.0,207.0,1.8,
yates county,345.0,278.0,-216.0,1150.0,10.0,-136.0,67.0,-206.0,24502.0,14.0,11.3,-8.8,0.4,2.7,-8.4,3.0,,,,,,,
"yates county, ny",,,,,,,,,,,,,,,,,11619.0,11270.0,78.8,62637.0,349.0,3.0,
yauco municipio,,,,,,,,,32881.0,,,,,,,,,,,,,,
"yauco municipio, pr",,,,,,,,,,,,,,,,,10311.0,9247.0,,,1064.0,10.3,
yavapai county,1783.0,4082.0,5699.0,4003.0,184.0,3878.0,-2299.0,5883.0,246230.0,7.3,16.7,23.3,0.8,-9.4,24.1,294.0,,,,,,,
"yavapai county, az",,,,,,,,,,,,,,,,,107069.0,103377.0,86.3,64187.0,3692.0,3.4,
yazoo county,291.0,366.0,-462.0,4477.0,-3.0,-531.0,-75.0,-465.0,25893.0,11.1,14.0,-17.7,-0.1,-2.9,-17.8,9.0,,,,,,,
"yazoo county, ms",,,,,,,,,,,,,,,,,8841.0,8451.0,75.1,39620.0,390.0,4.4,
yell county,255.0,299.0,-11.0,242.0,22.0,-44.0,-44.0,11.0,20091.0,12.7,14.9,-0.5,1.1,-2.2,0.5,-11.0,,,,,,,
"yell county, ar",,,,,,,,,,,,,,,,,7841.0,7548.0,90.6,50275.0,293.0,3.7,
yellow medicine county,104.0,109.0,37.0,113.0,18.0,45.0,-5.0,55.0,9484.0,11.0,11.5,3.9,1.9,-0.5,5.8,-5.0,,,,,,,
"yellow medicine county, mn",,,,,,,,,,,,,,,,,5025.0,4891.0,82.0,67543.0,134.0,2.7,
yellowstone county,1822.0,1981.0,2287.0,3923.0,249.0,2432.0,-159.0,2536.0,169870.0,10.8,11.7,13.6,1.5,-0.9,15.0,55.0,,,,,,,
"yellowstone county, mt",,,,,,,,,,,,,,,,,87227.0,85085.0,115.2,78216.0,2142.0,2.5,
yoakum county,129.0,80.0,-210.0,57.0,77.0,-79.0,49.0,-133.0,7484.0,17.1,10.6,-27.9,10.2,6.5,-17.7,5.0,,,,,,,
"yoakum county, tx",,,,,,,,,,,,,,,,,3296.0,3162.0,86.8,62748.0,134.0,4.1,
yolo county,1946.0,1541.0,6521.0,12389.0,1321.0,8877.0,405.0,7842.0,222018.0,8.9,7.1,30.0,6.1,1.9,36.0,630.0,,,,,,,
"yolo county, ca",,,,,,,,,,,,,,,,,107815.0,103368.0,90.0,82359.0,4447.0,4.1,
york county,1804.0,2485.0,2288.0,3580.0,285.0,1925.0,-681.0,2573.0,216950.0,8.4,11.5,10.6,1.3,-3.2,11.9,33.0,,,,,,,
"york county, me",,,,,,,,,,,,,,,,,112574.0,109630.0,117.0,81315.0,2944.0,2.6,
"york county, ne",,,,,,,,,,,,,,,,,7418.0,7272.0,98.0,68440.0,146.0,2.0,
"york county, pa",,,,,,,,,,,,,,,,,238542.0,230106.0,111.4,79938.0,8436.0,3.5,
"york county, sc",,,,,,,,,,,,,,,,,149123.0,144505.0,130.3,83692.0,4618.0,3.1,
"york county, va",,,,,,,,,,,,,,,,,33232.0,32344.0,129.7,111346.0,888.0,2.7,
young county,232.0,323.0,156.0,232.0,7.0,69.0,-91.0,163.0,18012.0,12.9,18.0,8.7,0.4,-5.1,9.1,-3.0,,,,,,,
"young county, tx",,,,,,,,,,,,,,,,,8142.0,7861.0,80.7,58297.0,281.0,3.5,
yuba county,1212.0,780.0,606.0,2230.0,89.0,1126.0,432.0,695.0,84353.0,14.5,9.3,7.2,1.1,5.2,8.3,-1.0,,,,,,,
"yuba county, ca",,,,,,,,,,,,,,,,,31276.0,29515.0,69.5,63626.0,1761.0,5.6,
yukon-koyukuk census area,54.0,79.0,-100.0,126.0,16.0,-109.0,-25.0,-84.0,5169.0,10.3,15.1,-19.1,3.1,-4.8,-16.1,0.0,,,,,,,
"yukon-koyukuk census area, ak",,,,,,,,,,,,,,,,,2325.0,2132.0,54.3,47798.0,193.0,8.3,
yuma county,2903.0,2129.0,-365.0,6230.0,1178.0,1590.0,774.0,813.0,208874.0,14.0,10.2,-1.8,5.7,3.7,3.9,3.0,,,,,,,
"yuma county, az",,,,,,,,,,,,,,,,,97522.0,85370.0,72.9,54209.0,12152.0,12.5,
"yuma county, co",,,,,,,,,,,,,,,,,5484.0,5371.0,62.9,56075.0,113.0,2.1,
zapata county,205.0,141.0,-123.0,99.0,20.0,-37.0,64.0,-103.0,13838.0,14.8,10.2,-8.9,1.4,4.6,-7.4,2.0,,,,,,,
"zapata county, tx",,,,,,,,,,,,,,,,,4590.0,4268.0,54.5,39403.0,322.0,7.0,
zavala county,162.0,150.0,-106.0,43.0,4.0,-89.0,12.0,-102.0,9384.0,17.2,15.9,-11.2,0.4,1.3,-10.8,1.0,,,,,,,
"zavala county, tx",,,,,,,,,,,,,,,,,3398.0,3103.0,50.1,36237.0,295.0,8.7,
ziebach county,42.0,32.0,1.0,42.0,1.0,9.0,10.0,2.0,2394.0,17.6,13.4,0.4,0.4,4.2,0.8,-3.0,,,,,,,
"ziebach county, sd",,,,,,,,,,,,,,,,,945.0,911.0,56.7,40004.0,34.0,3.6,
